Nome: PARANA
Codigo Estacao: 83231
Latitude: -12.55
Longitude: -47.82999999
Altitude: 275
Situacao: Desativada
Data Inicial: 1981-01-01
Data Final: 1994-09-18
Periodicidade da Medicao: Mensal

Data Medicao;DIRECAO PREDOMINANTE DO VENTO, MENSAL(° (gr));EVAPORACAO DO PICHE, MENSAL(mm);EVAPOTRANSPIRACAO POTENCIAL, BH MENSAL(mm);EVAPOTRANSPIRACAO REAL, BH MENSAL(mm);INSOLACAO TOTAL, MENSAL(h);NEBULOSIDADE, MEDIA MENSAL(décimos);NUMERO DE DIAS COM PRECIP. PLUV, MENSAL(número);PRECIPITACAO TOTAL, MENSAL(mm);PRESSAO ATMOSFERICA, MEDIA MENSAL(mB);TEMPERATURA MAXIMA MEDIA, MENSAL(°C);TEMPERATURA MEDIA COMPENSADA, MENSAL(°C);TEMPERATURA MINIMA MEDIA, MENSAL(°C);UMIDADE RELATIVA DO AR, MEDIA MENSAL(%);VENTO, VELOCIDADE MAXIMA MENSAL(m/s);VENTO, VELOCIDADE MEDIA MENSAL(m/s);VISIBILIDADE, MEDIA MENSAL(codigo);
1981-01-31;null;null;null;null;null;null;null;null;null;null;null;null;null;null;null;null;null;
1981-02-28;null;null;null;null;null;null;null;null;null;null;null;null;null;null;null;null;null;
1981-03-31;null;null;null;null;null;null;null;null;null;null;null;null;null;null;null;null;null;
1981-04-30;null;null;null;null;null;null;null;null;null;null;null;null;null;null;null;null;null;
1981-05-31;null;null;null;null;null;null;null;null;null;null;null;null;null;null;null;null;null;
1981-06-30;null;null;null;null;null;null;null;null;null;null;null;null;null;null;null;null;null;
1981-07-31;null;null;null;null;null;null;null;null;null;null;null;null;null;null;null;null;null;
1981-08-31;null;null;null;null;null;null;null;null;null;null;null;null;null;null;null;null;null;
1981-09-30;null;null;null;null;null;null;null;null;null;null;null;null;null;null;null;null;null;
1981-10-31;null;null;null;null;null;null;null;null;null;null;null;null;null;null;null;null;null;
1981-11-30;null;null;null;null;null;null;null;null;null;null;null;null;null;null;null;null;null;
1981-12-31;null;null;null;null;null;null;null;null;null;null;null;null;null;null;null;null;null;
1982-01-31;0;67,6;null;null;74,5;8,967391;25;569,6;978,782609;28,322581;24,109032;20,335484;68,669355;4,1;,797826;59,673913;null;
1982-02-28;36;84,7;null;null;166,5;7,083333;null;165,7;979,739286;31,157143;25,81;21,328571;63,089286;3,1;,763095;62,619048;null;
1982-03-31;14;96,8;null;null;173,6;7,537634;null;186,5;979,022581;30,893548;25,624516;21,370968;63,58871;3,6;,64086;59,462366;null;
1982-04-30;36;74,7;null;null;186,1;5,714286;null;108,8;980,636905;30,092857;24,852857;20,010714;63,821429;2,1;,65119;58,928571;null;
1982-05-31;36;92,3;null;null;244,5;5,580645;null;,5;982,319355;31,570968;24,033548;16,777419;56,758065;2,1;,554839;62,688172;null;
1982-06-30;36;94,9;null;null;285,5;3,766667;null;0;983,504444;32,683333;23,486;15,776667;60,4;2,1;,593333;58,888889;null;
1982-07-31;14;null;null;null;290,4;3,741935;null;0;983,216129;32,654839;22,834194;14,825806;64,774194;6,2;1,222581;48,602151;null;
1982-08-31;0;null;null;null;266,9;2,913978;null;2,8;982,403226;34,270968;24,583871;15,732258;56,846774;6;1,623656;48,494624;null;
1982-09-30;0;null;null;null;168,5;4,577778;null;35,5;980,713333;34,1;26,367333;18,15;57,541667;6;1,488889;24;null;
1982-10-31;0;null;null;null;217,2;5,193548;null;32,5;979,526882;33,832258;26,950323;18,722581;62,41129;6;1,31828;48,064516;null;
1982-11-30;36;111,8;null;null;208,3;5,922222;null;165,6;978,997778;32,71;26,543333;20,61;71,316667;2;1,022222;40,666667;null;
1982-12-31;0;97,3;null;null;142,8;6,795699;17;174,9;979,793548;30,803226;25,256774;20,235484;77,612903;2;,913978;50,537634;null;
1983-01-31;36;80,4;null;null;88,8;8,107527;23;446,4;979,887097;29,058065;24,830323;21,132258;80,233871;2;,83871;46,666667;null;
1983-02-28;36;95;null;null;162,4;6,440476;17;357,5;980,215476;30,407143;25,473571;21,253571;69,0625;3,2;,990476;44,821429;null;
1983-03-31;14;97,8;null;null;159,4;7,086022;20;197,1;980,667742;30,116129;25,422581;21,451613;70,314516;2;,903226;48,548387;null;
1983-04-30;0;117,3;null;null;253,7;4,633333;null;20,7;979,962222;32,676667;26,160667;21,063333;64,55;2;,844444;50,166667;null;
1983-05-31;36;153,8;null;null;283,7;2,967742;null;0;980,106452;null;null;19,480645;65,556452;4;,870968;60,806452;null;
1983-06-30;0;119,2;null;null;281,9;2,222222;null;0;982,54;null;null;17,08;61,658333;3;,911111;60,666667;null;
1983-07-31;0;179,9;null;null;282,5;2,795699;null;0;982,292473;null;null;16,783871;60,145161;4;1;64,677419;null;
1983-08-31;36;158,8;null;null;300,3;1,11828;null;0;983,389247;null;null;16,870968;53,427419;3;1,44086;59,677419;null;
1983-09-30;18;197,3;null;null;183,7;3,166667;null;36,2;980,608889;null;null;20,063333;55,875;3;,834444;52,833333;null;
1983-10-31;0;127,7;null;null;161,1;6,860215;null;89,6;980,616129;null;null;21,803226;65,782258;3;,913978;57,096774;null;
1983-11-30;18;90,3;null;null;132,8;7,311111;17;117,2;981,24;null;null;21,393333;77,891667;3;,788889;63;null;
1983-12-31;9;86,2;null;null;132,8;7,537634;21;291,7;980,913978;null;null;21,287097;75,516129;2;,924731;56,451613;null;
1984-01-31;0;77,9;null;null;186,2;5,966667;null;165,4;979,574444;null;null;21,113333;70,541667;4;,908889;63,633333;null;
1984-02-29;36;93,5;null;null;209,7;5,712644;null;52,1;978,593103;null;null;21,455172;75,974138;3;1,057471;62,586207;null;
1984-03-31;36;84,8;null;null;174,9;6,419355;21;215,2;979,268817;null;null;21,793548;75,766129;4;1,087097;57,741935;null;
1984-04-30;0;85,5;null;null;209,5;5,277778;null;137,9;980,381111;null;null;21,53;78,9;3;1,128889;62,25;null;
1984-05-31;9;114,9;null;null;289,9;3,83871;null;21,5;980,83871;null;null;19,648387;62,491935;2;,806452;65;null;
1984-06-30;36;114,3;null;null;278,7;2,644444;null;0;982,594444;null;null;16,616667;57,733333;4;1,06;67,5;null;
1984-07-31;14;151,1;null;null;288,7;2,967742;null;0;982,492473;null;null;15,651613;56,41129;3;1,182796;67,903226;null;
1984-08-31;36;164;null;null;246,2;4,634409;null;10,8;982,098925;null;null;17,696774;61,983871;2;1,16129;67,419355;null;
1984-09-30;27;151,3;null;null;171,7;5,644444;null;34,4;980,758889;null;null;20,776667;62,75;3;1,144444;58;null;
1984-10-31;18;147,2;null;null;169;5,849462;null;164,8;979,558065;33,870968;26,68;21,780645;70,927419;3;1,129032;55,16129;null;
1984-11-30;36;147,8;null;null;222,9;5,266667;null;145;979,198889;33,013333;26,401333;21,106667;67,183333;3;,988889;59,5;null;
1984-12-31;36;null;null;null;172,4;5,88172;17;203,4;978,241935;32,212903;26,109677;21,922581;78,25;3,6;1,097849;56,774194;null;
1985-01-31;36;null;null;null;78,1;8,451613;25;376,7;978,964516;28,851613;24,542581;21,722581;82,298387;4;1,425806;51,774194;null;
1985-02-28;14;null;null;null;223,7;5,321429;null;161,1;979,605952;32,364286;26,198571;21,839286;77,142857;3;,964286;58,571429;null;
1985-03-31;0;null;null;null;163,8;6,225806;21;207,4;978,586022;31,441935;25,791613;22,280645;82,959677;2;,989247;60,645161;null;
1985-04-30;36;null;null;null;219,8;5,022222;null;120,4;979,804444;31,413333;25,485333;21,496667;80,825;3;1,166667;64,333333;null;
1985-05-31;0;null;null;null;255,7;3,376344;null;21,4;980,778495;32,616129;25,22129;20,122581;74,701613;3;1,010753;66,612903;null;
1985-06-30;36;null;null;null;256,1;1,933333;null;0;983,518889;31,913333;22,543333;15,333333;68,508333;4;1,111111;68,666667;null;
1985-07-31;18;null;null;null;288,4;2,55914;null;0;983,982796;32,316129;22,867742;15,416129;61,879032;5;1,236559;67,580645;null;
1985-08-31;36;null;null;null;289,9;2,462366;null;0;981,869892;35,06129;24,988387;16,658065;52,637097;4;1;61,451613;null;
1985-09-30;14;null;null;null;170,8;3,845238;null;20,2;980,280952;35;26,464286;19,514286;54,678571;3;,97619;55,714286;null;
1985-10-31;18;null;null;null;146,3;6,236559;15;195,3;979,174194;32,380645;25,832258;21,432258;72,701613;4;,956989;59,354839;null;
1985-11-30;36;null;null;null;136,5;6,211111;18;100,8;979,764444;31,436667;25,592667;21,493333;74,991667;4;1,033333;60,833333;null;
1985-12-31;null;null;null;null;null;null;null;null;null;null;null;null;null;null;null;null;null;
1986-01-31;null;null;null;null;null;null;null;null;null;null;null;null;null;null;null;null;null;
1986-02-28;null;null;null;null;null;null;null;null;null;null;null;null;null;null;null;null;null;
1986-03-31;null;null;null;null;null;null;null;null;null;null;null;null;null;null;null;null;null;
1986-04-30;null;null;null;null;null;null;null;null;null;null;null;null;null;null;null;null;null;
1986-05-31;null;null;null;null;null;null;null;null;null;null;null;null;null;null;null;null;null;
1986-06-30;null;null;null;null;null;null;null;null;null;null;null;null;null;null;null;null;null;
1986-07-31;null;null;null;null;null;null;null;null;null;null;null;null;null;null;null;null;null;
1986-08-31;null;null;null;null;null;null;null;null;null;null;null;null;null;null;null;null;null;
1986-09-30;null;null;null;null;null;null;null;null;null;null;null;null;null;null;null;null;null;
1986-10-31;null;null;null;null;null;null;null;null;null;null;null;null;null;null;null;null;null;
1986-11-30;null;null;null;null;null;null;null;null;null;null;null;null;null;null;null;null;null;
1986-12-31;null;null;null;null;null;null;null;null;null;null;null;null;null;null;null;null;null;
1987-01-31;null;null;null;null;null;null;null;null;null;null;null;null;null;null;null;null;null;
1987-02-28;null;null;null;null;null;null;null;null;null;null;null;null;null;null;null;null;null;
1987-03-31;null;null;null;null;null;null;null;null;null;null;null;null;null;null;null;null;null;
1987-04-30;null;null;null;null;null;null;null;null;null;null;null;null;null;null;null;null;null;
1987-05-31;null;null;null;null;null;null;null;null;null;null;null;null;null;null;null;null;null;
1987-06-30;null;null;null;null;null;null;null;null;null;null;null;null;null;null;null;null;null;
1987-07-31;null;null;null;null;null;null;null;null;null;null;null;null;null;null;null;null;null;
1987-08-31;null;null;null;null;null;null;null;null;null;null;null;null;null;null;null;null;null;
1987-09-30;null;null;null;null;null;null;null;null;null;null;null;null;null;null;null;null;null;
1987-10-31;null;null;null;null;null;null;null;null;null;null;null;null;null;null;null;null;null;
1987-11-30;null;null;null;null;null;null;null;null;null;null;null;null;null;null;null;null;null;
1987-12-31;null;null;null;null;null;null;null;null;null;null;null;null;null;null;null;null;null;
1988-01-31;null;null;null;null;null;null;null;null;null;null;null;null;null;null;null;null;null;
1988-02-29;null;null;null;null;null;null;null;null;null;null;null;null;null;null;null;null;null;
1988-03-31;null;null;null;null;null;null;null;null;null;null;null;null;null;null;null;null;null;
1988-04-30;null;null;null;null;null;null;null;null;null;null;null;null;null;null;null;null;null;
1988-05-31;null;null;null;null;null;null;null;null;null;null;null;null;null;null;null;null;null;
1988-06-30;null;null;null;null;null;null;null;null;null;null;null;null;null;null;null;null;null;
1988-07-31;null;null;null;null;null;null;null;null;null;null;null;null;null;null;null;null;null;
1988-08-31;null;null;null;null;null;null;null;null;null;null;null;null;null;null;null;null;null;
1988-09-30;null;null;null;null;null;null;null;null;null;null;null;null;null;null;null;null;null;
1988-10-31;null;null;null;null;null;null;null;null;null;null;null;null;null;null;null;null;null;
1988-11-30;null;null;null;null;null;null;null;null;null;null;null;null;null;null;null;null;null;
1988-12-31;null;null;null;null;null;null;null;null;null;null;null;null;null;null;null;null;null;
1989-01-31;null;null;null;null;null;null;null;null;null;null;null;null;null;null;null;null;null;
1989-02-28;null;null;null;null;null;null;null;null;null;null;null;null;null;null;null;null;null;
1989-03-31;null;null;null;null;null;null;null;null;null;null;null;null;null;null;null;null;null;
1989-04-30;null;null;null;null;null;null;null;null;null;null;null;null;null;null;null;null;null;
1989-05-31;null;null;null;null;null;null;null;null;null;null;null;null;null;null;null;null;null;
1989-06-30;null;null;null;null;null;null;null;null;null;null;null;null;null;null;null;null;null;
1989-07-31;null;null;null;null;null;null;null;null;null;null;null;null;null;null;null;null;null;
1989-08-31;null;null;null;null;null;null;null;null;null;null;null;null;null;null;null;null;null;
1989-09-30;null;null;null;null;null;null;null;null;null;null;null;null;null;null;null;null;null;
1989-10-31;null;null;null;null;null;null;null;null;null;null;null;null;null;null;null;null;null;
1989-11-30;null;null;null;null;null;null;null;null;null;null;null;null;null;null;null;null;null;
1989-12-31;null;null;null;null;null;5,380435;26;553,7;null;28,135484;24,550968;22,329032;89,475806;null;,5;8,241758;null;
1990-01-31;0;null;null;null;null;4,666667;null;135,5;null;32,296774;26,809032;22,303226;74,08871;null;,408602;8,333333;null;
1990-02-28;0;null;null;null;null;4,309524;null;191,4;null;30,739286;25,995;22,214286;78,491071;null;,27381;8,333333;null;
1990-03-31;0;95,4;null;null;null;4,423913;null;70,7;null;33,344828;26,743448;22,126667;76,25;null;,207527;8,423913;null;
1990-04-30;0;null;null;null;null;4,422222;null;34,4;null;34,343333;27,087333;22,046667;72,566667;null;,433333;9,444444;null;
1990-05-31;0;null;null;null;null;4,466667;null;54,3;null;31,972414;25,750345;20,773333;75,87069;null;,422222;46,388889;null;
1990-06-30;0;null;null;null;null;2,657143;null;0;null;32,669565;24,855652;17,608333;69,358696;null;,557143;66,285714;null;
1990-07-31;null;null;null;null;null;null;null;0;null;null;null;null;null;null;null;null;null;
1990-08-31;9;null;null;null;null;3,766667;null;52;null;34,525;25,216;17,130769;54,9375;4;1,2;59,444444;null;
1990-09-30;0;null;null;null;null;3,091954;null;49,6;null;35,337931;26,871429;19,534483;57,017857;null;,793103;61,37931;null;
1990-10-31;0;null;null;null;null;4,122222;null;12,8;null;35,285714;27,48963;20,564516;60,446429;null;,7;65,333333;null;
1990-11-30;9;null;null;null;null;4,272727;null;0;null;35,15;null;20,651852;61,9875;null;,736842;67,402597;null;
1990-12-31;null;null;null;null;null;null;null;91,6;null;null;null;null;null;null;null;62,44898;null;
1991-01-31;0;null;null;null;null;5,591549;null;null;null;30,754545;25,525455;19,827273;77,645833;null;,492958;66,901408;null;
1991-02-28;0;null;null;null;null;5,197531;null;null;null;31,684615;26,464615;20,335714;74,057692;null;,580247;67,037037;null;
1991-03-31;0;null;null;null;null;5,817204;null;null;null;30,766667;26,486667;21,354839;73,895161;null;,580645;66,666667;null;
1991-04-30;0;null;null;null;null;null;null;null;null;31,393103;26,29931;21,17037;74,275;null;,522222;66,666667;null;
1991-05-31;0;null;null;null;null;null;null;null;null;null;null;18,152381;71,2125;null;,666667;67,564103;null;
1991-06-30;14;null;null;null;null;null;null;null;null;null;null;17,086667;null;null;,8;67,066667;null;
1991-07-31;0;null;null;null;null;3,482759;null;null;null;31,413333;25,5632;16,678261;61,586538;null;,597701;65,172414;null;
1991-08-31;0;null;null;null;null;3,2;null;null;null;32,193548;24,489474;null;66,092105;2;,679012;65,555556;null;
1991-09-30;0;null;null;null;null;null;null;null;null;32,026667;24,948235;null;65,058824;null;,558442;66,103896;null;
1991-10-31;0;null;null;null;null;null;null;null;null;null;null;null;66,683333;null;,691176;67,313433;null;
1991-11-30;27;null;null;null;null;null;null;63,4;null;null;null;null;null;null;,764706;67,647059;null;
1991-12-31;23;null;null;null;null;null;null;118,7;null;31,335714;25,099286;21,87619;81,766129;null;,978495;66,666667;null;
1992-01-31;23;null;null;null;null;null;null;270,7;null;30,826667;25,142667;22,22963;87,741935;null;1;66,774194;null;
1992-02-29;36;null;null;null;null;8,977011;16;237;null;null;null;23,188235;85,818966;null;,977011;66,666667;null;
1992-03-31;5;null;null;null;null;6,494624;null;96,6;null;null;null;null;77,193548;null;,806452;66,666667;null;
1992-04-30;36;null;null;null;null;null;null;6,4;null;32,484211;27,009474;20,581818;80,125;null;,988889;66,555556;null;
1992-05-31;null;null;null;null;null;null;null;null;null;null;null;null;null;null;null;null;null;
1992-06-30;null;null;null;null;null;null;null;null;null;null;null;null;null;null;null;null;null;
1992-07-31;null;null;null;null;null;null;null;null;null;null;null;null;null;null;null;null;null;
1992-08-31;null;null;null;null;null;null;null;null;null;null;null;null;null;null;null;null;null;
1992-09-30;null;null;null;null;null;null;null;null;null;null;null;null;null;null;null;null;null;
1992-10-31;null;null;null;null;null;null;null;null;null;null;null;null;null;null;null;null;null;
1992-11-30;null;null;null;null;null;null;null;null;null;null;null;null;null;null;null;null;null;
1992-12-31;null;null;null;null;null;null;null;null;null;null;null;null;null;null;null;null;null;
1993-01-31;null;null;null;null;null;null;null;null;null;null;null;null;null;null;null;null;null;
1993-02-28;null;null;null;null;null;null;null;null;null;null;null;null;null;null;null;null;null;
1993-03-31;null;null;null;null;null;null;null;null;null;null;null;null;null;null;null;null;null;
1993-04-30;null;null;null;null;null;null;null;null;null;null;null;null;null;null;null;null;null;
1993-05-31;null;null;null;null;null;null;null;null;null;null;null;null;null;null;null;null;null;
1993-06-30;null;null;null;null;null;null;null;null;null;null;null;null;null;null;null;null;null;
1993-07-31;null;null;null;null;null;null;null;null;null;null;null;null;null;null;null;null;null;
1993-08-31;null;null;null;null;null;null;null;null;null;null;null;null;null;null;null;null;null;
1993-09-30;null;null;null;null;null;null;null;null;null;null;null;null;null;null;null;null;null;
1993-10-31;null;null;null;null;null;null;null;null;null;null;null;null;null;null;null;null;null;
1993-11-30;null;null;null;null;null;null;null;null;null;null;null;null;null;null;null;null;null;
1993-12-31;null;null;null;null;null;null;null;null;null;null;null;null;null;null;null;null;null;
1994-01-31;null;null;null;null;null;null;null;null;null;null;null;null;null;null;null;null;null;
1994-02-28;null;null;null;null;null;null;null;null;null;null;null;null;null;null;null;null;null;
1994-03-31;null;null;null;null;null;null;null;null;null;null;null;null;null;null;null;null;null;
1994-04-30;null;null;null;null;null;null;null;null;null;null;null;null;null;null;null;null;null;
1994-05-31;null;null;null;null;null;null;null;null;null;null;null;null;null;null;null;null;null;
1994-06-30;null;null;null;null;null;null;null;null;null;null;null;null;null;null;null;null;null;
1994-07-31;null;null;null;null;null;null;null;null;null;null;null;null;null;null;null;null;null;
1994-08-31;null;null;null;null;null;null;null;null;null;null;null;null;null;null;null;null;null;
1994-09-30;null;null;null;null;null;null;null;null;null;null;null;null;null;null;null;null;null;

