Nome: MARICA
Codigo Estacao: 83089
Latitude: -22.920653
Longitude: -42.83
Altitude: 4.18
Situacao: Desativada
Data Inicial: 1986-10-31
Data Final: 2010-12-31
Periodicidade da Medicao: Mensal

Data Medicao;DIRECAO PREDOMINANTE DO VENTO, MENSAL(° (gr));EVAPORACAO DO PICHE, MENSAL(mm);EVAPOTRANSPIRACAO POTENCIAL, BH MENSAL(mm);EVAPOTRANSPIRACAO REAL, BH MENSAL(mm);INSOLACAO TOTAL, MENSAL(h);NEBULOSIDADE, MEDIA MENSAL(décimos);NUMERO DE DIAS COM PRECIP. PLUV, MENSAL(número);PRECIPITACAO TOTAL, MENSAL(mm);PRESSAO ATMOSFERICA, MEDIA MENSAL(mB);TEMPERATURA MAXIMA MEDIA, MENSAL(°C);TEMPERATURA MEDIA COMPENSADA, MENSAL(°C);TEMPERATURA MINIMA MEDIA, MENSAL(°C);UMIDADE RELATIVA DO AR, MEDIA MENSAL(%);VENTO, VELOCIDADE MAXIMA MENSAL(m/s);VENTO, VELOCIDADE MEDIA MENSAL(m/s);VISIBILIDADE, MEDIA MENSAL(codigo);
1986-10-31;null;null;null;null;null;null;null;null;null;null;null;null;null;null;null;null;null;
1986-11-30;null;null;null;null;null;null;null;null;null;30,106667;null;19,826667;null;null;null;null;null;
1986-12-31;null;121,6;null;null;null;null;null;null;null;30,145161;null;21,845161;null;null;null;null;null;
1987-01-31;null;127,1;null;null;null;null;null;null;null;31,541935;null;22,277419;null;null;null;null;null;
1987-02-28;null;124,7;null;null;null;null;null;null;null;31,432143;null;22,075;null;null;null;null;null;
1987-03-31;null;86,9;null;null;null;null;null;null;null;28,906452;null;20,583871;null;null;null;null;null;
1987-04-30;null;null;null;null;null;null;null;null;null;29,54;null;20,916667;null;null;null;null;null;
1987-05-31;null;null;null;null;null;null;null;null;null;26,506452;null;18,080645;null;null;null;null;null;
1987-06-30;null;null;null;null;null;null;null;null;null;null;null;null;null;null;null;null;null;
1987-07-31;null;null;null;null;null;null;null;null;null;27,993548;null;16,012903;null;null;null;null;null;
1987-08-31;null;null;null;null;null;null;null;null;null;26,116129;null;14,816129;null;null;null;null;null;
1987-09-30;null;null;null;null;null;null;null;null;null;24,85;null;17,32;null;null;null;null;null;
1987-10-31;null;null;null;null;null;null;null;null;null;26,409677;null;18,951613;null;null;null;null;null;
1987-11-30;null;null;null;null;null;null;null;null;null;28,096429;null;20,136667;null;null;null;null;null;
1987-12-31;null;69,9;null;null;null;null;null;null;null;29,977419;null;21,458065;null;null;null;null;null;
1988-01-31;null;124,4;null;null;null;null;null;null;null;32,732258;null;22,658065;null;null;null;null;null;
1988-02-29;null;null;null;null;null;null;null;null;null;null;null;null;null;null;null;null;null;
1988-03-31;null;113,2;null;null;null;null;null;null;null;29,767742;null;20,870968;null;null;null;null;null;
1988-04-30;null;87,3;null;null;null;null;null;null;null;28,273333;null;20,463333;null;null;null;null;null;
1988-05-31;null;64,2;null;null;null;null;null;null;null;25,912903;null;19,074194;null;null;null;null;null;
1988-06-30;null;77,8;null;null;null;null;null;null;null;23,936667;null;15,013333;null;null;null;null;null;
1988-07-31;null;90,7;null;null;null;null;null;null;null;23,454839;null;14,1;null;null;null;null;null;
1988-08-31;null;null;null;null;null;null;null;null;null;null;null;null;null;null;null;null;null;
1988-09-30;null;null;null;null;null;null;null;null;null;null;null;null;null;null;null;null;null;
1988-10-31;null;null;null;null;null;null;null;null;null;null;null;null;null;null;null;null;null;
1988-11-30;null;null;null;null;null;null;null;null;null;null;null;null;null;null;null;null;null;
1988-12-31;null;125,9;null;null;null;null;null;null;null;29,067742;null;20,848387;null;null;null;null;null;
1989-01-31;null;127,7;null;null;null;null;null;null;null;30,9;null;22,058065;null;null;null;null;null;
1989-02-28;null;94,1;null;null;null;null;null;null;null;30,478571;null;22,307143;null;null;null;null;null;
1989-03-31;null;118,7;null;null;null;null;null;null;null;29,996774;null;21,351613;null;null;null;null;null;
1989-04-30;null;104,2;null;null;null;null;null;null;null;29,266667;null;20,08;null;null;null;null;null;
1989-05-31;null;null;null;null;null;null;null;null;null;null;null;null;null;null;null;null;null;
1989-06-30;null;null;null;null;null;null;null;null;null;null;null;null;null;null;null;null;null;
1989-07-31;null;91,9;null;null;null;null;null;null;null;24,025806;null;14,6;null;null;null;null;null;
1989-08-31;null;127,5;null;null;null;null;null;null;null;26,003226;null;16,190323;null;null;null;null;null;
1989-09-30;null;110,4;null;null;null;null;null;null;null;25,66;null;17,52;null;null;null;null;null;
1989-10-31;null;112,4;null;null;null;null;null;null;null;25,241935;null;17,912903;null;null;null;null;null;
1989-11-30;null;145,6;null;null;null;null;null;null;null;28,44;null;19,68;null;null;null;null;null;
1989-12-31;null;177,9;null;null;null;null;null;null;null;29,683871;null;20,264516;null;null;null;null;null;
1990-01-31;null;211,3;null;null;null;null;null;null;null;32,635484;null;22,164516;null;null;null;null;null;
1990-02-28;null;164,2;null;null;null;null;null;null;null;31,185714;null;22,003571;null;null;null;null;null;
1990-03-31;null;135,3;null;null;null;null;null;null;null;30,864516;null;22,209677;null;null;null;null;null;
1990-04-30;null;118,3;null;null;null;null;null;null;null;30,813333;null;21,81;null;null;null;null;null;
1990-05-31;null;105,4;null;null;null;null;null;null;null;26,280645;null;17,403226;null;null;null;null;null;
1990-06-30;null;106,9;null;null;null;null;null;null;null;26,073333;null;15,726667;null;null;null;null;null;
1990-07-31;null;83,2;null;null;null;null;null;null;null;24,203226;null;16,43871;null;null;null;null;null;
1990-08-31;null;90,3;null;null;null;null;null;null;null;null;null;15,467742;null;null;null;null;null;
1990-09-30;null;108,6;null;null;null;null;null;null;null;null;null;16,43;null;null;null;null;null;
1990-10-31;null;112,2;null;null;null;null;null;null;null;null;null;19,054839;null;null;null;null;null;
1990-11-30;null;116,4;null;null;null;null;null;null;null;null;null;21,113333;null;null;null;null;null;
1990-12-31;null;157,6;null;null;null;null;null;null;null;null;null;20,890323;null;null;null;null;null;
1991-01-31;null;108;null;null;null;null;null;null;null;29,003226;null;21,190323;null;null;null;null;null;
1991-02-28;null;125,7;null;null;null;null;null;null;null;30,614286;null;21,960714;null;null;null;null;null;
1991-03-31;null;115,7;null;null;null;null;null;null;null;29,590323;null;21,170968;null;null;null;null;null;
1991-04-30;null;102,3;null;null;null;null;null;null;null;28,593333;null;19,593333;null;null;null;null;null;
1991-05-31;null;64,5;null;null;null;null;null;null;null;26,777419;null;17,522581;null;null;null;null;null;
1991-06-30;null;88,9;null;null;null;null;null;null;null;26,86;null;17,303333;null;null;null;null;null;
1991-07-31;null;112,6;null;null;null;null;null;null;null;25,229032;null;15,470968;null;null;null;null;null;
1991-08-31;null;122,2;null;null;null;null;null;null;null;25,219355;null;15,316129;null;null;null;null;null;
1991-09-30;null;91,1;null;null;null;null;null;null;null;24,236667;null;15,586667;null;null;null;null;null;
1991-10-31;null;139;null;null;null;null;null;null;null;27,896774;null;18,141935;null;null;null;null;null;
1991-11-30;null;125,4;null;null;null;null;null;null;null;27,676667;null;19,683333;null;null;null;null;null;
1991-12-31;null;156,2;null;null;null;null;null;null;null;32,1;null;22,206452;null;null;null;null;null;
1992-01-31;null;128,9;null;null;null;null;null;null;null;29,767742;null;21,909677;null;null;null;null;null;
1992-02-29;null;182;null;null;null;null;null;null;null;31,913793;null;21,455172;null;null;null;null;null;
1992-03-31;null;147,3;null;null;null;null;null;null;null;31,193548;null;21,190323;null;null;null;null;null;
1992-04-30;null;109,2;null;null;null;null;null;null;null;28,746667;null;20,383333;null;null;null;null;null;
1992-05-31;null;109,1;null;null;null;null;null;null;null;27,909677;null;19,06129;null;null;null;null;null;
1992-06-30;null;128,2;null;null;null;null;null;null;null;28,376667;null;17,23;null;null;null;null;null;
1992-07-31;null;105;null;null;null;null;null;null;null;25,658065;null;16,296774;null;null;null;null;null;
1992-08-31;null;96;null;null;null;null;null;null;null;24,632258;null;16,283871;null;null;null;null;null;
1992-09-30;null;94,7;null;null;null;null;null;null;null;25,296667;null;18,106667;null;null;null;null;null;
1992-10-31;null;110,4;null;null;null;null;null;null;null;27,274194;null;18,822581;null;null;null;null;null;
1992-11-30;null;null;null;null;null;null;null;null;null;null;null;null;null;null;null;null;null;
1992-12-31;null;null;null;null;null;null;null;0;null;28,359259;null;19,962963;null;null;null;null;null;
1993-01-31;0;170;null;null;224,4;4,408602;8;70,4;null;31,677419;26,391613;21,841935;78,032258;3;,774194;null;null;
1993-02-28;0;172,9;null;null;197,7;4,845238;10;90,8;null;32,089286;26,782857;22;74,044643;3;,821429;null;null;
1993-03-31;0;120,1;null;null;204,5;4,956989;14;105;null;30,158065;25,874839;21,893548;81,612903;3;,731183;null;null;
1993-04-30;0;94,1;null;null;216,5;3,522222;8;66;null;28,846667;24,495333;20,423333;83,933333;3;,622222;null;null;
1993-05-31;0;110,1;null;null;170,4;4,860215;11;147,9;null;26,980645;21,723871;17,525806;81,290323;7;,806452;null;null;
1993-06-30;0;107,3;null;null;175,8;4,344444;9;110,6;null;25,69;20,285333;15,983333;82,75;3;,722222;null;null;
1993-07-31;0;105,2;null;null;180,3;4,516129;8;35,9;null;25,745161;20,791613;16,596774;84,556452;3;,903226;null;null;
1993-08-31;0;105,4;null;null;177,3;5,236559;6;52,6;null;24,735484;19,841935;15,422581;82,830645;7;1,268817;null;null;
1993-09-30;0;87,1;null;null;100,5;6,944444;14;126,6;null;24,73;21,16;17,763333;86,841667;5;,8;null;null;
1993-10-31;0;145,5;null;null;194,1;5,043011;6;73;null;28,383871;23,720645;19,177419;79,66129;7;1,215054;null;null;
1993-11-30;14;178,3;null;null;222,9;4,144444;5;38,1;null;30,36;25,336;20,396667;74,008333;7;1,211111;null;null;
1993-12-31;0;164,2;null;null;181,9;6,483871;15;133,9;null;30,245161;25,572903;21,33871;77,66129;9;1,204301;null;null;
1994-01-31;0;99,1;null;null;172,9;6,569892;14;115,6;null;28,980645;25,195484;21,593548;83,66129;3;,741935;null;null;
1994-02-28;0;201,3;null;null;285,1;2,095238;1;,3;null;33,325;28,269286;23,039286;70,482143;3;,928571;null;null;
1994-03-31;0;117;null;null;144,8;6,354839;17;216,3;null;29,174194;24,950323;21,751613;85;3;,806452;null;null;
1994-04-30;0;114,1;null;null;176,3;5,011111;11;111,2;null;27,833333;23,662667;19,743333;83,133333;3;,766667;null;null;
1994-05-31;0;90;null;null;200,2;4,150538;8;111,4;null;27,454839;22,89871;18,909677;85,766129;1;,634409;null;null;
1994-06-30;0;108,7;null;null;200,3;3,733333;6;178,9;null;25,233333;19,985333;15,536667;84,191667;5;,844444;null;null;
1994-07-31;0;155,1;null;null;236;3,096774;5;75,2;null;26,883871;20,829032;15,874194;80,290323;7;,946237;null;null;
1994-08-31;0;124,1;null;null;188,7;4,494624;12;62,7;null;25;20,112903;15,580645;82,25;7;1,258065;null;null;
1994-09-30;0;135,7;null;null;196,8;4,411111;7;53,5;null;26,636667;21,687333;16,54;77,6;7;1,288889;null;null;
1994-10-31;14;142,7;null;null;188,3;4,935484;6;32,9;null;27,822581;23,344516;19,03871;82,306452;7;1,225806;null;null;
1994-11-30;0;158,8;null;null;194,7;5,222222;7;111,3;null;29,33;24,63;20,353333;81,358333;7;1,266667;null;null;
1994-12-31;18;152,3;null;null;237,3;4,634409;7;76,1;null;30,725806;26,005161;21,945161;79,887097;7;1,268817;null;null;
1995-01-31;18;189,2;null;null;271,1;4,215054;6;145,9;null;32,283871;27,34129;23,280645;76,903226;3;1,462366;null;null;
1995-02-28;0;102,4;null;null;157,1;5,952381;11;49,7;null;30,903571;26,782857;23,071429;83,544643;7;1,119048;null;null;
1995-03-31;0;138,3;null;null;204,9;4,806452;8;55;null;30,509677;25,590968;21,277419;81,830645;7;1,27957;null;null;
1995-04-30;0;135,6;null;null;196,3;4,666667;4;64;null;28,586667;23,922667;19,95;85,408333;7;1,044444;null;null;
1995-05-31;0;97,6;null;null;165,3;5,483871;12;182,9;null;26,406452;22,09871;18,474194;88,58871;7;1,010753;null;null;
1995-06-30;0;123,4;null;null;220,9;3,077778;7;39,5;null;26,486667;20,466;15,57;84,675;7;,855556;null;null;
1995-07-31;0;131,2;null;null;234,2;3,010753;6;119;null;27,46129;21,85871;17,158065;82,370968;7;,870968;null;null;
1995-08-31;0;142,8;null;null;226,1;3,537634;4;69;null;27,716129;22,227742;17,548387;82,354839;7;1,236559;null;null;
1995-09-30;0;149,9;null;null;148,7;5,655556;12;155,7;null;27,276667;22,044;17,42;80,766667;7;1,277778;null;null;
1995-10-31;0;97,6;null;null;133,8;7,430108;16;188,7;null;25,751613;22,225161;19,054839;87,201613;7;1,451613;null;null;
1995-11-30;0;118,6;null;null;195,7;5,833333;14;206,4;null;27,906667;23,884667;20,033333;83,15;7;,933333;null;null;
1995-12-31;0;120,9;null;null;193,9;6,301075;13;106,3;null;29,074194;24,989032;21,374194;83,024194;7;1,225806;null;null;
1996-01-31;0;168;null;null;242,3;4,892473;10;130,9;null;32,074194;27,375484;23,167742;78,451613;6,3;1,067742;null;null;
1996-02-29;0;125,2;null;null;241,3;4,586207;11;156,2;null;31,8;27,137241;23,07931;83,060345;7;1,126437;null;null;
1996-03-31;0;91,3;null;null;176,3;6,064516;18;222,3;null;29,809677;25,972903;22,654839;89,024194;7;,827957;null;null;
1996-04-30;0;104,3;null;null;205,5;4,077778;8;125,2;null;28,646667;23,972667;19,966667;87,808333;3;,6;null;null;
1996-05-31;0;86,6;null;null;189,6;4,311828;9;131,8;null;25,351613;20,878065;17,164516;92,653226;5;,763441;null;null;
1996-06-30;0;121,6;null;null;175,6;4,488889;9;114,7;null;25,41;20,508;16,44;83,725;5;,933333;null;null;
1996-07-31;0;99,8;null;null;137,7;6,7;9;44,7;null;23,274194;18,995484;15,36129;85,258065;5;,967742;null;null;
1996-08-31;0;122,9;null;null;206,9;5,05;3;47,5;null;24,732258;19,755484;15,167742;80,153226;7;1,075269;null;null;
1996-09-30;23;115,4;null;null;120,8;6,940476;11;181,2;null;24,73;20,816;17,42;84,175;3;1,044444;null;null;
1996-10-31;23;null;null;null;191,8;5,717391;10;36,9;null;27,087097;22,641935;18,864516;80,814516;5;1,075269;null;null;
1996-11-30;23;130;null;null;143,5;6,88764;14;291;null;26,733333;23,472667;20,17;82,266667;3;1;null;null;
1996-12-31;0;null;null;null;180;6,731183;14;120,1;null;30,019355;25,547097;21,919355;81,072581;3;,787097;null;null;
1997-01-31;23;null;null;null;208,2;6;14;190,8;null;29,980645;26,018065;22,545161;82,225806;3;,905376;null;null;
1997-02-28;18;211,8;null;null;255,1;3,860759;2;2,4;null;31,878571;26,93;22,45;72,196429;3;1,22619;null;null;
1997-03-31;0;188,1;null;null;206;5,318681;10;42,5;null;28,741935;24,789032;20,658065;77,637097;5;,916129;null;null;
1997-04-30;0;130,7;null;null;182,6;5,364706;10;55,5;null;28,146667;23,500667;19,303333;80,308333;3;,724444;null;null;
1997-05-31;0;127,4;null;null;215,6;4,481928;10;62,9;null;26,532143;21,582143;16,754839;78,16129;5;,956989;null;null;
1997-06-30;0;114,9;null;null;175,1;5,222222;7;33,1;null;26,19;20,594667;16,076667;79,116667;5;,833333;null;null;
1997-07-31;0;125,1;null;null;219,6;3,961039;2;9,8;null;26,964516;20,763871;15,683871;77,725806;5;,793478;null;null;
1997-08-31;0;136,2;null;null;223,8;null;6;161,8;null;26,4;20,671613;15,5;76,814516;5;,924731;null;null;
1997-09-30;23;127;null;null;145;6,789474;10;70,7;null;26,676667;22,078;17,943333;81,791667;5;1,055556;null;null;
1997-10-31;23;124,4;null;null;194,1;6,325581;10;121,7;null;27,7;23,307742;19,467742;80,935484;7;1,268817;null;null;
1997-11-30;0;86,7;null;null;153,4;6,577778;13;85,5;null;29,383333;25,256667;22,216667;83,5;5;1,085556;null;null;
1997-12-31;0;154,7;null;null;234,6;4,978022;8;106,2;null;31,722581;26,929032;22,590323;76,733871;3;,935484;null;null;
1998-01-31;0;142,3;null;null;239,9;5,622222;11;220,7;null;31,822581;27,235484;23,312903;78,443548;3;,849462;null;null;
1998-02-28;0;104,2;null;null;188,2;5,716049;12;178,6;null;31,775;27,440714;23,535714;82,428571;3;,860714;null;null;
1998-03-31;0;147,7;null;null;207,4;5,310345;9;84,7;null;31,583871;27,093548;23,177419;78,540323;4;,924731;null;null;
1998-04-30;null;null;null;null;null;null;null;0;null;null;null;null;null;null;null;null;null;
1998-05-31;0;109,9;null;null;156,4;5,965116;13;158,8;null;26,532258;21,607097;17,690323;83,540323;3;,836957;null;null;
1998-06-30;0;113,9;null;null;173,2;5,342105;9;61,4;null;25,443333;19,503333;14,98;80,241667;5;,911111;null;null;
1998-07-31;0;109,2;null;null;183,4;5,211765;9;59,5;null;25,3;20,403226;16,46129;83,104839;5;1;null;null;
1998-08-31;0;107,3;null;null;176,4;5,86747;11;33,5;null;27,393548;22,286452;18,096774;83,266129;5;,978495;null;null;
1998-09-30;0;121,5;null;null;149,9;6,613333;9;123,9;null;27,276667;22,744;18,876667;81,191667;5;1,044444;null;null;
1998-10-31;0;115,1;null;null;110,6;7,954545;21;178,3;null;25,983871;22,647742;19,574194;82,056452;5;,956989;null;null;
1998-11-30;0;104,1;null;null;145,1;6,863636;16;120,1;null;26,643333;22,855333;19,43;82,408333;5;1,055556;null;null;
1998-12-31;0;128,8;null;null;191,2;6,108696;13;165,3;null;30,36129;25,974194;22,303226;81,814516;3;,88172;null;null;
1999-01-31;0;120,5;null;null;240,9;5,022472;12;117;null;31,206452;26,585161;22,567742;81,032258;3;,83871;null;null;
1999-02-28;0;127;null;null;220,3;4,542169;11;117,3;null;32,421429;27,234286;22,710714;76,580357;2;,880952;null;null;
1999-03-31;0;111,1;null;null;200,1;5,269663;16;176,3;null;30,306452;25,947097;22,422581;82,048387;3;,935484;null;null;
1999-04-30;null;null;null;null;null;null;null;0;null;null;null;null;null;null;null;null;null;
1999-05-31;0;119,5;null;null;176,3;5,39759;8;24,7;null;26,293548;20,967097;16,94;80,048387;5;1,130435;null;null;
1999-06-30;0;80,4;null;null;143,4;5,962025;11;79,6;null;24,86;20,327333;16,43;86,908333;3;,977778;null;null;
1999-07-31;0;110,1;null;null;163,9;5,891566;7;48,2;null;25,758065;20,769032;16,245161;81,798387;3;1,107527;null;null;
1999-08-31;0;126;null;null;221,9;5,344262;6;72,2;null;25,4;19,663871;14,454839;79,112903;4;1,075269;null;null;
1999-09-30;14;132,9;null;null;179,9;5,552632;9;58,1;null;26,783333;21,572;16,863333;77,683333;4;1,244444;null;null;
1999-10-31;0;120,3;null;null;133;7,195402;11;60,1;null;24,609677;20,76;17,122581;80,637097;3;,989247;null;null;
1999-11-30;23;119;null;null;162,5;6,662921;14;128;null;26,44;22,033333;18,093333;81,316667;4;1,177778;null;null;
1999-12-31;23;102,7;null;null;186,8;6,075269;11;59,2;null;29,009677;24,63871;20,719355;82,508065;2;,935484;null;null;
2000-01-31;14;153,8;null;null;226,7;4,922222;8;130,5;null;31,00625;26,150323;21,76;78,943548;4;1,129032;null;null;
2000-02-29;5;130,7;null;null;193,4;5,071429;8;204;null;30,72;26,190345;21,8;80;4;1,183908;null;null;
2000-03-31;5;146,3;null;null;191,2;5,068966;10;60,7;null;29,445161;25,345161;21,425;80,798387;3;,978495;null;null;
2000-04-30;5;117,7;null;null;235,1;3,582278;6;49,6;null;28,913333;23,892667;19,303125;81,741667;3;1,088889;null;null;
2000-05-31;5;152,6;null;null;191,6;3,655914;11;52,4;null;27,04375;21,48129;17,024324;77,427419;4;1,119355;null;null;
2000-06-30;5;124,4;null;null;204,3;3,211111;4;18,4;null;27,346667;20,811333;15,78;78,141667;3;,911111;null;null;
2000-07-31;0;158,5;null;null;177,1;4,806452;8;73,5;null;24,558824;19,330968;15,125641;78,193548;4;1,043011;null;null;
2000-08-31;0;142,9;null;null;174,3;4,752688;10;156,5;null;25,774286;20,814194;16,276923;77,314516;5;1,193548;null;null;
2000-09-30;0;133,7;null;null;147,2;6,033333;8;135;null;null;null;18,017647;83,45;5;,96;null;null;
2000-10-31;14;130,6;null;null;181,4;5,548387;7;49,4;null;28,111765;24,081935;20,391176;84,112903;4;1,064516;null;null;
2000-11-30;23;143,9;null;null;159,4;5,933333;10;93;null;28,7;24,43;20,615152;78,225;3;1,077778;null;null;
2000-12-31;14;171,3;null;null;224,4;4,849462;8;130,6;null;30,648387;25,925806;21,671429;76,564516;4;1,16129;null;null;
2001-01-31;9;199,3;null;null;274,5;3,698925;6;115,6;null;32,325806;27,227742;22,5375;72,677419;4;1,010753;null;null;
2001-02-28;14;207,9;null;null;243,8;3,535714;6;66,5;null;33,139286;28,159286;23,393103;70,303571;3;1,166667;null;null;
2001-03-31;0;195;null;null;254,5;3,344086;8;125,5;null;31,925806;26,723226;22,324242;74,185484;3;,989247;null;null;
2001-04-30;0;153,7;null;null;247,8;2,844444;5;81,4;null;29,923333;25,417333;21,174194;78,45;4;1,166667;null;null;
2001-05-31;23;131,1;null;null;162,4;5,387097;11;124,6;null;26,364706;22,305161;18,659375;81,983871;4;1,603226;null;null;
2001-06-30;0;133,1;null;null;201,1;3,433333;2;145,7;null;26,724242;21,773333;17,624242;80,616667;4;,966667;null;null;
2001-07-31;36;null;null;null;212;3,131868;8;128,7;null;26,248387;20,370345;16,003226;81,189655;null;null;null;null;
2001-08-31;14;null;null;null;238;2,83871;3;3,8;null;26,851613;21,67871;16,532258;77,112903;null;null;null;null;
2001-09-30;23;null;null;null;166,3;5,288889;7;45,4;null;26,443333;21,91;17,826667;74,916667;null;null;null;null;
2001-10-31;14;null;null;null;221,4;4,791209;8;74,1;null;26,622581;22,47931;17,948387;76,310345;null;null;null;null;
2001-11-30;23;null;null;null;165,2;5,943182;9;79,1;null;28,126667;24,073793;20,51;83,844828;null;null;null;null;
2001-12-31;18;null;null;null;174,4;6,365591;16;204;null;30,103226;25,465161;21,722581;78,435484;null;null;null;null;
2002-01-31;14;null;null;null;204,3;5,322581;9;58,8;null;30,358065;26,287742;22,670968;78,112903;null;null;null;null;
2002-02-28;0;null;null;null;135,7;5,988095;12;189,3;null;29,960714;25,892857;22,321429;78,294643;null;null;null;null;
2002-03-31;0;null;null;null;278,1;2,354839;6;93,9;null;32,154839;27,151613;22,519355;71,548387;null;null;null;null;
2002-04-30;0;null;null;null;268,3;2,835616;2;3,3;null;30,25;25,156667;20,426667;76,133333;null;null;null;null;
2002-05-31;0;157,4;null;null;193,6;4,623656;8;164,5;null;27,720588;23,216774;19,386111;82,895161;4;1,086957;null;null;
2002-06-30;0;122,4;null;null;211,9;3,222222;6;154,9;null;27,596774;22,431333;18,22;81,55;4;1,077778;null;null;
2002-07-31;0;125,7;null;null;163,2;5,107527;7;35,8;null;24,95;20,624516;16,658824;79,846774;6;1,043011;null;null;
2002-08-31;0;174,9;null;null;234,5;3,204301;4;11,7;null;28,078788;23,150968;18,55;74,41129;5;1,064516;null;null;
2002-09-30;0;154,4;null;null;170,6;5,588889;11;130,3;null;25,953333;21,375333;17,23;76,558333;5;1,533333;null;null;
2002-10-31;0;203,4;null;null;237,2;3,204301;5;46,2;null;29,377143;24,38;19,852941;76,83871;6;1,204301;null;null;
2002-11-30;18;161,3;null;null;208,6;5,266667;12;119,1;null;30,0625;25,510667;21,030303;77,841667;8;1,044444;null;null;
2002-12-31;null;null;null;null;null;null;12;204,5;null;30,290323;null;22,48;null;null;null;null;null;
2003-01-31;0;133,9;158,395788;158,395788;180,2;6,065217;17;181,1;null;31,06129;26,657419;22,925806;82,024194;3;1,021739;null;null;
2003-02-28;14;214,4;149,849687;134,4;280,5;1,666667;2;34,4;null;33,842857;28,05;22,778571;70,383929;4;1,214286;null;null;
2003-03-31;0;175,2;150,87267;150,87267;188,6;5,258065;10;221,2;null;31,267742;26,514194;22,458065;76,483871;3;1,043011;null;null;
2003-04-30;0;154,8;127,536649;127,536649;221,3;4,144444;6;79,9;null;29,743333;24,705333;20,433333;79,941667;4;,933333;null;null;
2003-05-31;0;129,2;118,110759;106,190681;191,7;4,172043;10;91,1;null;27,325806;21,899355;17,458065;79,564516;5;1,053763;null;null;
2003-06-30;5;130,4;112,264932;59;218,7;2,711111;2;59;null;27,433333;21,884667;17,226667;83,458333;3;,995556;null;null;
2003-07-31;0;137,3;114,216971;71,6;203,5;3,526882;6;71,8;null;26,783871;20,795484;15,774194;79,169355;4;,946237;null;null;
2003-08-31;0;129,4;116,577034;116,577034;184,1;4,903226;10;246,8;null;25,206452;20,180645;15,974194;79,33871;4;,903226;null;null;
2003-09-30;0;139,2;null;null;159,4;5,355556;10;67;null;26,28;21,543333;17,286667;78,793103;3;1,177778;null;null;
2003-10-31;0;159,6;null;null;200;5,666667;11;230;null;27,593548;22,940645;18,677419;79,258065;4;1,092473;null;null;
2003-11-30;0;162,3;null;null;162,6;6,233333;14;196,1;null;29,056667;24,498;20,41;79,333333;3;1,133333;null;null;
2003-12-31;0;130,7;null;null;152,2;6,55914;13;157,1;null;30,245161;25,543871;21,916129;82,524194;4;1,053763;null;null;
2004-01-31;0;151,2;null;null;185,5;6,473118;10;182,3;null;29,790625;25,591613;21,637143;79,75;3;1,064516;null;null;
2004-02-29;0;130,2;null;null;null;6,229885;17;219,8;null;29,473333;25,150345;21,867647;83,982759;3;,793103;null;null;
2004-03-31;0;160,8;null;null;228,9;4,989247;10;51,9;null;29,345455;24,891613;21,065714;81,209677;3;,935484;null;null;
2004-04-30;null;null;null;null;null;null;null;null;null;null;null;null;null;null;null;null;null;
2004-05-31;0;102,5;null;null;159,2;5,967033;8;114,6;null;26,106452;21,630323;17,829032;84,4;4;,826087;null;null;
2004-06-30;0;96,1;null;null;200,4;4,711111;5;45,4;null;26,009677;20,526667;16,130303;84,75;4,5;,705556;null;null;
2004-07-31;0;140;null;null;178,1;5,107527;13;192,7;null;24,894118;19,947097;16,118919;82,193548;4;,784946;null;null;
2004-08-31;0;143,2;null;null;228,5;4,182796;9;15,1;null;25,161111;20,098065;15,917143;84,653226;4;1,060215;null;null;
2004-09-30;0;147,3;null;null;199;3,733333;5;31,2;null;27,735484;22,416667;17,861765;83,4;4;1,089888;null;null;
2004-10-31;23;182,9;null;null;119,4;7,129032;12;38,2;null;26,682857;22,501935;19,087179;86,129032;4;1,107527;null;null;
2004-11-30;0;182,8;null;null;165;6,632184;10;152,4;null;28,529412;24,173333;20,011429;80,058333;8;,944444;null;null;
2004-12-31;0;133,8;null;null;156,2;7,139785;12;184,6;null;28,463889;24,877419;21,232432;86,693548;4;,967742;null;null;
2005-01-31;0;155,7;null;null;149,5;7,032258;12;233,8;null;30,0625;25,98129;22,406061;86,66129;9,6;,941935;null;null;
2005-02-28;null;129,4;null;null;200,7;6,39759;11;80,1;null;28,578125;25,209286;21,407143;84,1875;2;null;null;null;
2005-03-31;null;127;null;null;199,8;6,551724;11;258,7;null;29,446875;25,865161;22,327778;83,25;null;null;null;null;
2005-04-30;null;null;null;null;null;null;null;null;null;null;null;null;null;null;null;null;null;
2005-05-31;null;null;null;null;null;null;null;null;null;null;null;null;null;null;null;null;null;
2005-06-30;null;null;null;null;null;null;null;null;null;null;null;null;null;null;null;null;null;
2005-07-31;null;null;null;null;null;null;null;null;null;null;null;null;null;null;null;null;null;
2005-08-31;null;null;null;null;null;null;null;null;null;null;null;null;null;null;null;null;null;
2005-09-30;null;null;null;null;null;null;null;null;null;null;null;null;null;null;null;null;null;
2005-10-31;null;null;null;null;null;null;null;null;null;null;null;null;null;null;null;null;null;
2005-11-30;null;null;null;null;null;null;null;null;null;null;null;null;null;null;null;null;null;
2005-12-31;null;null;null;null;null;null;null;null;null;null;null;null;null;null;null;null;null;
2006-01-31;null;null;null;null;null;null;null;null;null;null;null;null;null;null;null;null;null;
2006-02-28;null;120,2;null;null;174,4;6,120482;11;161,5;null;31,168966;26,92;23,231034;79,125;null;null;null;null;
2006-03-31;null;150,7;null;null;211,5;4,83871;9;93,5;null;30,241176;25,92;22,094118;80,024194;null;null;null;null;
2006-04-30;null;119,9;null;null;220;5,166667;7;96,1;null;28,545161;23,973333;19,933333;81,666667;null;null;null;null;
2006-05-31;null;null;117,973318;117,973318;130,9;6,223684;13;69,1;null;25,751852;21,2128;17,793103;79,99;null;null;null;null;
2006-06-30;null;149;108,930454;108,930454;203,2;3,877778;8;55,6;null;25,938235;20,717333;16,505882;78,125;null;null;null;null;
2006-07-31;null;125,6;112,444458;88,069546;254,1;2,215054;3;41,4;null;27,01875;20,289032;15,148485;77,935484;null;null;null;null;
2006-08-31;null;127,8;120,243;49,4;198,5;5,088889;6;52,5;null;26,666667;21,629032;17,025714;76,556452;null;null;null;null;
2006-09-30;null;119;122,996244;104,5;161,2;6,11236;13;105,1;null;26,25;21,57;17,41;76,966667;null;null;null;null;
2006-10-31;null;140,2;138,598544;64,8;152,3;6,892473;12;66,8;null;26,976471;22,932258;19,471053;82,08871;null;null;null;null;
2006-11-30;null;127;150,120717;138,9;139,5;7,444444;18;140;null;27,977419;24,013333;20,810811;82,725;null;null;null;null;
2006-12-31;null;160,5;162,479862;118,4;185,2;6,655914;12;133,9;null;30,230303;25,814839;22,145455;80,201613;null;null;null;null;
2007-01-31;null;137,2;154,360647;92,8;111,1;8;15;105,4;null;30,19375;25,909677;22,556757;85,016129;null;null;null;null;
2007-02-28;null;188,8;139,075326;53,6;250,5;4,236111;4;53,6;null;32,267857;27,013571;22,229032;74,482143;null;null;null;null;
2007-03-31;null;231,8;148,232326;32,4;273,3;4,211268;8;33;null;33,26129;27,249677;22,453125;72,967742;null;null;null;null;
2007-04-30;null;null;null;null;null;null;null;null;null;null;null;null;null;null;null;null;null;
2007-05-31;null;143,6;117,818371;117,2;195,1;5,141304;10;116,6;null;27,106452;21,763871;17,462162;78,951613;null;null;null;null;
2007-06-30;null;129,3;109,940433;33,8;216,3;3,333333;6;33,8;null;26,5875;21,022667;16,508824;80,816667;null;null;null;null;
2007-07-31;null;119,9;111,421396;111,421396;172,7;4,709677;8;128,8;null;24,962162;20,047742;15,978378;80,524194;null;null;null;null;
2007-08-31;null;117,1;116,831644;49,978604;214,7;4,236559;6;30,6;null;25,921212;20,937419;16,585294;80,725806;null;null;null;null;
2007-09-30;null;162,9;127,084182;16,6;215;3,6;2;16,6;null;27,871875;22,608;17,796774;74,033333;null;null;null;null;
2007-10-31;null;164,2;140,200696;140,200696;230,7;4,225806;8;158,9;null;27,866667;23,508387;19,342424;78,459677;null;null;null;null;
2007-11-30;null;128,5;142,524307;142,524307;126,7;7,488889;12;179,7;null;27,694737;23,872667;20,466667;80,641667;null;null;null;null;
2007-12-31;0;140,3;157,411647;157,411647;215,9;5,913978;11;245,4;null;29,648387;25,751613;21,76129;78,451613;9;,967391;null;null;
2008-01-31;null;null;null;null;null;null;null;null;null;null;null;null;null;null;null;null;null;
2008-02-29;0;107,5;138,330718;138,330718;175,6;6;14;131,6;null;29,01875;25,433103;21,842424;81,801724;3;,686047;null;null;
2008-03-31;0;113;140,308429;140,308429;215;4,795699;9;208,6;null;28,893939;25,163871;21,6;81,290323;3;,782609;null;null;
2008-04-30;0;110,9;125,895028;125,895028;167,2;6,707317;14;153,2;null;28,265625;24,271333;20,744118;83,416667;3;,611111;null;null;
2008-05-31;0;119,6;116,268477;116,268477;189,8;6,051282;7;64,4;null;26,103226;21,223871;17,466667;81,669355;4;,689247;null;null;
2008-06-30;0;78,7;108,540035;94,986224;181,1;5,701299;9;90,3;null;25,15;20,673333;16,872222;81,966667;3;,755556;null;null;
2008-07-31;0;118,3;110,49092;68,702102;231,2;3,782609;3;61,8;null;25,906452;19,712903;14,321212;76,983871;4;,634409;null;null;
2008-08-31;0;150,2;123,59732;41,863829;201,2;4,430108;7;32;null;26,408333;21,846452;17,148485;76,774194;4;,913978;null;null;
2008-09-30;0;102,2;121,279688;78,491709;149,1;6,311111;15;100,9;null;25,725;21,286667;17,014286;79,608333;4;1;null;null;
2008-10-31;23;135,3;140,784198;115,467921;143,9;6,784946;8;106,3;null;27,751613;23,649677;20,025806;79,717742;3;,924731;null;null;
2008-11-30;0;116,8;140,271121;140,271121;123,4;8,588889;21;174,2;null;26,676667;23,365333;20,15;85,891667;3;,833333;null;null;
2008-12-31;23;108,6;null;null;140,3;7,129032;16;139,2;null;27,602941;24,081935;20,9;85,685484;3;,917204;null;null;
2009-01-31;0;143,8;155,665482;155,665482;160,6;7,333333;21;239;null;30,168571;25,991613;22,521053;82,120968;3;,860215;null;null;
2009-02-28;0;142;139,135948;112,228146;240,5;4,154762;7;57;null;31,75;27,049286;23,13871;78,303571;4;,714286;null;null;
2009-03-31;0;157,1;144,382957;67,930976;184;6,225806;10;68,2;null;30,353125;26,2;22,518919;80,008065;3;,765591;null;null;
2009-04-30;null;null;null;null;null;null;null;null;null;null;null;null;null;null;null;null;null;
2009-05-31;0;126,5;121,030744;93,529705;211,6;3,869565;5;57,2;null;27,821212;22,631613;17,975;78,282258;3;,663043;null;null;
2009-06-30;0;116,6;104,152061;62,383879;184,4;4,922222;8;73,2;null;25,59375;20,079333;15,918421;80,591667;3;,955556;null;null;
2009-07-31;0;127,7;115,055397;105,129615;135,8;6,505376;14;122,9;null;25,232353;21,042581;17,2075;80,322581;5;,892473;null;null;
2009-08-31;0;142,2;120,747287;48,880948;176,6;4,924731;9;50,1;null;26,355882;21,412258;17,002857;76,080645;7;1,131183;null;null;
2009-09-30;0;151,2;129,59476;73,278483;154,4;5,944444;8;69,4;null;27,977419;23,442667;19,508333;79,633333;5;1,102222;null;null;
2009-10-31;null;114,5;139,287316;139,287316;129,5;7,505376;17;225,2;null;26,967647;23,437419;20,285294;83,508065;null;null;null;null;
2009-11-30;null;179,1;155,294771;150,403867;226,1;5,033333;8;124,1;null;31,523333;27,19;23,214706;78,475;null;null;null;null;
2009-12-31;null;144;157,541476;157,541476;168,4;6,408602;14;188,6;null;30,246875;25,991613;22,205556;80,846774;null;null;null;null;
2010-01-31;null;192,8;164,855989;164,855989;239,7;5,258065;8;120,2;null;33,096774;28,225806;23,514286;73,048387;null;null;null;null;
2010-02-28;null;224,5;144,189953;121,161931;235,5;3,535714;7;67,7;null;33,662069;28,549286;23,506897;67,875;null;null;null;null;
2010-03-31;null;151,4;139,346387;139,346387;190,1;5,72043;17;298,5;null;30,329032;26,158065;22,724242;80,75;null;null;null;null;
2010-04-30;null;null;null;null;null;null;7;null;null;29,282353;25,422667;21,864706;81,666667;null;null;null;null;
2010-05-31;null;118,8;117,454972;91,156763;183,7;4,849462;9;86,1;null;26,794118;22,34129;18,572222;81,169355;null;null;null;null;
2010-06-30;null;125,7;105,590487;60,471115;211,9;3,7;9;47,4;null;25,02;19,500667;15,261765;80,716667;null;null;null;null;
2010-07-31;null;128,8;116,029771;116,029771;221,3;3,516129;8;175,6;null;26,696774;21,322581;16,973529;79,677419;null;null;null;null;
2010-08-31;null;139,8;111,418194;80,05662;175;4,52381;8;36,3;null;24,880645;20,098571;16,108824;78,125;null;null;null;null;
2010-09-30;0;115,9;null;null;171,7;5,022222;7;33,3;null;27,212903;22,064667;17,75625;76,783333;7;1,202247;null;null;
2010-10-31;23;122,7;141,278248;115,337015;154,5;6,688172;13;113,9;null;26,230303;22,226452;18,473529;79,25;7;1,505376;null;null;
2010-11-30;0;104,9;142,385433;82,3129;145,8;6,922222;12;79,2;null;27,551429;23,912;20,348485;81,008333;6;1,155556;null;null;
2010-12-31;0;116,5;159,195793;124,923467;189,5;6,225806;13;130,9;null;30,24375;26,334839;23,1;82,201613;4;1,141935;null;null;

