Nome: ITABERABA
Codigo Estacao: 83244
Latitude: -12.52416666
Longitude: -40.29972221
Altitude: 250.11
Situacao: Fechada
Data Inicial: 1981-01-01
Data Final: 2010-12-31
Periodicidade da Medicao: Mensal

Data Medicao;DIRECAO PREDOMINANTE DO VENTO, MENSAL(° (gr));EVAPORACAO DO PICHE, MENSAL(mm);EVAPOTRANSPIRACAO POTENCIAL, BH MENSAL(mm);EVAPOTRANSPIRACAO REAL, BH MENSAL(mm);INSOLACAO TOTAL, MENSAL(h);NEBULOSIDADE, MEDIA MENSAL(décimos);NUMERO DE DIAS COM PRECIP. PLUV, MENSAL(número);PRECIPITACAO TOTAL, MENSAL(mm);PRESSAO ATMOSFERICA, MEDIA MENSAL(mB);TEMPERATURA MAXIMA MEDIA, MENSAL(°C);TEMPERATURA MEDIA COMPENSADA, MENSAL(°C);TEMPERATURA MINIMA MEDIA, MENSAL(°C);UMIDADE RELATIVA DO AR, MEDIA MENSAL(%);VENTO, VELOCIDADE MAXIMA MENSAL(m/s);VENTO, VELOCIDADE MEDIA MENSAL(m/s);VISIBILIDADE, MEDIA MENSAL(codigo);
1981-01-31;null;null;null;null;null;null;null;null;null;null;null;null;null;null;null;null;null;
1981-02-28;null;null;null;null;null;null;null;null;null;null;null;null;null;null;null;null;null;
1981-03-31;null;null;null;null;null;null;null;null;null;null;null;null;null;null;null;null;null;
1981-04-30;null;null;null;null;null;null;null;null;null;null;null;null;null;null;null;null;null;
1981-05-31;null;null;null;null;null;null;null;null;null;null;null;null;null;null;null;null;null;
1981-06-30;null;null;null;null;null;null;null;null;null;null;null;null;null;null;null;null;null;
1981-07-31;null;null;null;null;null;null;null;null;null;null;null;null;null;null;null;null;null;
1981-08-31;null;null;null;null;null;null;null;null;null;null;null;null;null;null;null;null;null;
1981-09-30;null;null;null;null;null;null;null;null;null;null;null;null;null;null;null;null;null;
1981-10-31;null;null;null;null;null;null;null;null;null;null;null;null;null;null;null;null;null;
1981-11-30;null;null;null;null;null;null;null;null;null;null;null;null;null;null;null;null;null;
1981-12-31;null;null;null;null;null;null;null;null;null;null;null;null;null;null;null;null;null;
1982-01-31;null;null;null;null;null;null;null;null;null;null;null;null;null;null;null;null;null;
1982-02-28;null;null;null;null;null;null;null;null;null;null;null;null;null;null;null;null;null;
1982-03-31;null;null;null;null;null;null;null;null;null;null;null;null;null;null;null;null;null;
1982-04-30;null;null;null;null;null;null;null;null;null;null;null;null;null;null;null;null;null;
1982-05-31;null;null;null;null;null;null;null;null;null;null;null;null;null;null;null;null;null;
1982-06-30;null;null;null;null;null;null;null;null;null;null;null;null;null;null;null;null;null;
1982-07-31;null;null;null;null;null;null;null;null;null;null;null;null;null;null;null;null;null;
1982-08-31;null;null;null;null;null;null;null;null;null;null;null;null;null;null;null;null;null;
1982-09-30;null;null;null;null;null;null;null;null;null;null;null;null;null;null;null;null;null;
1982-10-31;null;null;null;null;null;null;null;null;null;null;null;null;null;null;null;null;null;
1982-11-30;null;null;null;null;null;null;null;null;null;null;null;null;null;null;null;null;null;
1982-12-31;null;null;null;null;null;null;null;null;null;null;null;null;null;null;null;null;null;
1983-01-31;null;null;null;null;null;null;null;32,5;null;null;null;null;null;null;null;null;null;
1983-02-28;null;null;null;null;null;null;null;148;null;null;null;null;null;null;null;null;null;
1983-03-31;null;null;null;null;null;null;null;121,9;null;null;null;null;null;null;null;null;null;
1983-04-30;null;null;null;null;null;null;null;39,4;null;null;null;null;null;null;null;null;null;
1983-05-31;null;null;null;null;null;null;null;54,9;null;null;null;null;null;null;null;null;null;
1983-06-30;null;null;null;null;null;null;null;null;null;null;null;null;null;null;null;null;null;
1983-07-31;null;null;null;null;null;null;null;26,8;null;null;null;null;null;null;null;null;null;
1983-08-31;null;null;null;null;null;null;null;9,5;null;null;null;null;null;null;null;null;null;
1983-09-30;null;null;null;null;null;null;null;7,3;null;null;null;null;null;null;null;null;null;
1983-10-31;null;null;null;null;null;null;null;29;null;null;null;null;null;null;null;null;null;
1983-11-30;null;null;null;null;null;null;null;55,9;null;null;null;null;null;null;null;null;null;
1983-12-31;null;null;null;null;null;null;null;35;null;null;null;null;null;null;null;null;null;
1984-01-31;null;null;null;null;null;null;null;null;null;null;null;null;null;null;null;null;null;
1984-02-29;null;null;null;null;null;null;null;null;null;null;null;null;null;null;null;null;null;
1984-03-31;null;null;null;null;null;null;null;null;null;null;null;null;null;null;null;null;null;
1984-04-30;null;null;null;null;null;null;null;null;null;null;null;null;null;null;null;null;null;
1984-05-31;null;null;null;null;null;null;null;null;null;null;null;null;null;null;null;null;null;
1984-06-30;null;null;null;null;null;null;null;null;null;null;null;null;null;null;null;null;null;
1984-07-31;null;null;null;null;null;null;null;null;null;null;null;null;null;null;null;null;null;
1984-08-31;null;null;null;null;null;null;null;null;null;null;null;null;null;null;null;null;null;
1984-09-30;null;null;null;null;null;null;null;null;null;null;null;null;null;null;null;null;null;
1984-10-31;null;null;null;null;null;null;null;null;null;null;null;null;null;null;null;null;null;
1984-11-30;null;null;null;null;null;null;null;null;null;null;null;null;null;null;null;null;null;
1984-12-31;null;null;null;null;null;null;null;null;null;null;null;null;null;null;null;null;null;
1985-01-31;null;null;null;null;null;null;null;null;null;null;null;null;null;null;null;null;null;
1985-02-28;null;null;null;null;null;null;null;null;null;null;null;null;null;null;null;null;null;
1985-03-31;null;null;null;null;null;null;null;null;null;null;null;null;null;null;null;null;null;
1985-04-30;null;null;null;null;null;null;null;null;null;null;null;null;null;null;null;null;null;
1985-05-31;null;null;null;null;null;null;null;null;null;null;null;null;null;null;null;null;null;
1985-06-30;null;null;null;null;null;null;null;null;null;null;null;null;null;null;null;null;null;
1985-07-31;null;null;null;null;null;null;null;null;null;null;null;null;null;null;null;null;null;
1985-08-31;null;null;null;null;null;null;null;null;null;null;null;null;null;null;null;null;null;
1985-09-30;null;null;null;null;null;null;null;null;null;null;null;null;null;null;null;null;null;
1985-10-31;null;null;null;null;null;null;null;null;null;null;null;null;null;null;null;null;null;
1985-11-30;null;null;null;null;null;null;null;null;null;null;null;null;null;null;null;null;null;
1985-12-31;null;null;null;null;null;null;null;null;null;null;null;null;null;null;null;null;null;
1986-01-31;14;122,3;null;null;229,2;5,913043;9;47,8;982,518478;32,629032;25,972903;null;67,766129;5,6;2,007609;56,290323;null;
1986-02-28;14;129,2;null;null;193,4;6,452381;10;45,1;981,963095;33,007143;26,275;null;67,3125;5,8;2,007143;57,321429;null;
1986-03-31;14;153,4;null;null;197,7;6,569892;17;45,5;982,856989;32,606452;25,946452;null;71,862903;9,6;2,533333;57,096774;null;
1986-04-30;14;169,5;null;null;198,9;6,122222;10;27,5;981,905556;32,756667;26,249333;null;66,325;6,5;2,327778;56,5;null;
1986-05-31;14;170,7;null;null;195,4;5,860215;11;32,5;984,235484;31,425806;24,917419;null;67,201613;7,8;2,358065;54,354839;null;
1986-06-30;14;139,1;null;null;152;5,9;15;24,2;986,844444;28,783333;22,490667;null;70,95;6,5;2,232222;53,166667;null;
1986-07-31;14;155,7;null;null;145,7;6,139785;6;6,2;988,453763;28,96129;22,770968;null;65,387097;5,6;2,38172;55,16129;null;
1986-08-31;14;179,6;null;null;175,8;5,903226;8;19,7;985,82043;30,496774;23,750323;null;64,435484;6;2,773118;54,516129;null;
1986-09-30;null;null;null;null;null;null;null;null;null;null;null;null;null;null;null;null;null;
1986-10-31;9;232,2;null;null;155,9;6,478261;8;8,6;984,225;31,435484;24,943226;null;64,540323;6,8;3,361957;56,129032;null;
1986-11-30;null;null;null;null;null;null;null;null;null;null;null;null;null;null;null;null;null;
1986-12-31;null;194,9;null;null;173,3;6,554348;11;87,8;982,728261;32,532258;26,124516;null;65,58871;5,5;null;55,403226;null;
1987-01-31;9;228,4;null;null;249,5;5,150538;5;11,9;982,42043;34,264516;27,143871;null;59,758065;6,3;2,668817;57,875;null;
1987-02-28;9;null;null;null;226,6;5,154762;7;65,4;983,165476;34,260714;27,128571;null;60,401786;6,6;3,508333;55,357143;null;
1987-03-31;9;null;null;null;182,1;6,494624;14;184,4;981,515054;32,645161;26,72129;null;67,556452;6,3;2,115054;52,903226;null;
1987-04-30;9;null;null;null;204,7;6,288889;14;108,3;983,417778;31,51;25,434667;null;73,6;6,3;1,893151;54,333333;null;
1987-05-31;null;null;null;null;195,4;5,591398;14;86,7;983,624731;29,812903;24,156774;null;80,7;null;null;53,870968;null;
1987-06-30;null;null;null;null;142,8;6,733333;8;21,8;986,728889;28,783333;22,913333;null;80,283333;null;null;51,75;null;
1987-07-31;null;null;null;null;186,5;5,655914;9;25,7;985,877419;29,403226;22,873548;null;74,870968;null;null;54,677419;null;
1987-08-31;14;null;null;null;204,4;5,483871;2;1,4;985,525806;31,135484;24,002581;null;63,435484;6,8;2,237634;55,16129;null;
1987-09-30;14;197,7;null;null;184,9;5,666667;10;12,4;985,246667;31,44;24,780667;null;64,191667;8,3;2,702222;53,5;null;
1987-10-31;14;304,4;null;null;247,4;4,462366;3;3,7;982,592473;34,706452;26,704516;null;58,443548;7,5;3,311828;55,967742;null;
1987-11-30;5;231,3;null;null;168,6;6,655556;7;143,7;982,255556;33,5;27,072667;null;61,933333;8,5;3,094444;53,333333;null;
1987-12-31;5;208,2;null;null;160,4;6,376344;10;24,2;982,211828;33,387097;27,143226;null;64,177419;6,6;2,474194;52,419355;null;
1988-01-31;5;181,4;null;null;225,5;5,935484;10;72,7;982,28172;33,267742;26,989677;null;64,201613;6,8;2,570968;51,693548;null;
1988-02-29;14;null;null;null;229,1;5,609195;6;4;979,596552;34,603448;27,303448;null;61,025862;6,6;3,083908;56,724138;null;
1988-03-31;14;null;null;null;195,9;6,677419;14;72,5;982,280645;33,645161;27,222581;null;66,572581;5,1;2,195699;53,306452;null;
1988-04-30;null;null;null;null;191,2;6,3;15;111,8;982,511111;31,903333;26,015333;null;73,025;5,8;null;52;null;
1988-05-31;null;null;null;null;192,1;5,569892;10;35;984,184946;30,922581;24,704516;null;73,846774;null;null;52,66129;null;
1988-06-30;14;142,6;null;null;161,8;6,4;10;32,4;986,418889;29,506667;23,420667;null;71,1;5,8;2,066667;52,833333;null;
1988-07-31;null;null;null;null;null;null;null;null;null;null;null;null;null;null;null;null;null;
1988-08-31;9;168,8;null;null;148;7,141304;9;16,6;987,53587;28,06129;22,001935;null;66,564516;7,6;2,68587;50,241935;null;
1988-09-30;9;224,7;null;null;187,3;5,833333;11;12,5;986,094444;30,57;23,500667;null;63,116667;7,5;3,371111;54,016393;null;
1988-10-31;5;206,1;null;null;169,2;6,365591;8;68,1;982,9;31,203226;25,04129;null;68,217742;7,6;3,090909;53,225806;null;
1988-11-30;null;213,4;null;null;180,3;6,455556;9;33,6;982,841111;32,153333;25,67;null;67,5;null;null;53,728814;null;
1988-12-31;14;106,6;null;null;157,8;6,83871;15;217,9;981,775269;30,264516;24,920645;null;77,120968;6;1,910811;51,290323;null;
1989-01-31;14;175,4;null;null;231;5,290323;12;25,6;982,021505;33,319355;26,318065;null;66,854839;7;2,404301;56,129032;null;
1989-02-28;14;186,1;null;null;240,7;4,5;4;28,8;981,734524;34,117857;26,941429;null;62,9375;5,1;2,190476;57,857143;null;
1989-03-31;14;131,2;null;null;215,7;7,139785;17;203,5;981,413978;32,46129;26,077419;null;74,322581;5;1,833333;53,629032;null;
1989-04-30;null;null;null;null;null;null;null;null;null;null;null;null;null;null;null;null;null;
1989-05-31;null;null;null;null;null;null;null;null;null;null;null;null;null;null;null;null;null;
1989-06-30;null;null;null;null;null;null;null;null;null;null;null;null;null;null;null;null;null;
1989-07-31;null;null;null;null;null;null;null;null;null;null;null;null;null;null;null;null;null;
1989-08-31;null;null;null;null;null;null;null;null;null;null;null;null;null;null;null;null;null;
1989-09-30;null;null;null;null;null;null;null;null;null;null;null;null;null;null;null;null;null;
1989-10-31;null;null;null;null;null;null;null;null;null;null;null;null;null;null;null;null;null;
1989-11-30;null;null;null;null;null;null;null;null;null;null;null;null;null;null;null;null;null;
1989-12-31;null;null;null;null;null;null;null;null;null;null;null;null;null;null;null;null;null;
1990-01-31;null;null;null;null;null;null;null;null;null;null;null;null;null;null;null;null;null;
1990-02-28;null;null;null;null;null;null;null;null;null;null;null;null;null;null;null;null;null;
1990-03-31;null;null;null;null;null;null;null;null;null;null;null;null;null;null;null;null;null;
1990-04-30;null;null;null;null;null;null;null;null;null;null;null;null;null;null;null;null;null;
1990-05-31;null;null;null;null;null;null;null;null;null;null;null;null;null;null;null;null;null;
1990-06-30;null;null;null;null;null;null;null;null;null;null;null;null;null;null;null;null;null;
1990-07-31;null;null;null;null;null;null;null;null;null;null;null;null;null;null;null;null;null;
1990-08-31;null;null;null;null;null;null;null;null;null;null;null;null;null;null;null;null;null;
1990-09-30;null;null;null;null;null;null;null;null;null;null;null;null;null;null;null;null;null;
1990-10-31;null;null;null;null;null;null;null;null;null;null;null;null;null;null;null;null;null;
1990-11-30;null;null;null;null;null;null;null;null;null;null;null;null;null;null;null;null;null;
1990-12-31;null;null;null;null;null;null;null;null;null;null;null;null;null;null;null;null;null;
1991-01-31;null;null;null;null;null;null;null;null;null;null;null;null;null;null;null;null;null;
1991-02-28;null;null;null;null;null;null;null;null;null;null;null;null;null;null;null;null;null;
1991-03-31;null;null;null;null;null;null;null;null;null;null;null;null;null;null;null;null;null;
1991-04-30;null;null;null;null;null;null;null;null;null;null;null;null;null;null;null;null;null;
1991-05-31;null;null;null;null;null;null;null;null;null;null;null;null;null;null;null;null;null;
1991-06-30;null;null;null;null;null;null;null;null;null;null;null;null;null;null;null;null;null;
1991-07-31;null;null;null;null;null;null;null;null;null;null;null;null;null;null;null;null;null;
1991-08-31;null;null;null;null;null;null;null;null;null;null;null;null;null;null;null;null;null;
1991-09-30;null;null;null;null;null;null;null;null;null;null;null;null;null;null;null;null;null;
1991-10-31;null;null;null;null;null;null;null;null;null;null;null;null;null;null;null;null;null;
1991-11-30;null;null;null;null;null;null;null;null;null;null;null;null;null;null;null;null;null;
1991-12-31;null;null;null;null;null;null;null;null;null;null;null;null;null;null;null;null;null;
1992-01-31;null;null;null;null;null;null;null;null;null;null;null;null;null;null;null;null;null;
1992-02-29;null;null;null;null;null;null;null;null;null;null;null;null;null;null;null;null;null;
1992-03-31;null;null;null;null;null;null;null;null;null;null;null;null;null;null;null;null;null;
1992-04-30;null;null;null;null;null;null;null;null;null;null;null;null;null;null;null;null;null;
1992-05-31;null;null;null;null;null;null;null;null;null;null;null;null;null;null;null;null;null;
1992-06-30;null;null;null;null;null;null;null;null;null;null;null;null;null;null;null;null;null;
1992-07-31;null;null;null;null;null;null;null;null;null;null;null;null;null;null;null;null;null;
1992-08-31;null;null;null;null;null;null;null;null;null;null;null;null;null;null;null;null;null;
1992-09-30;null;null;null;null;null;null;null;null;null;null;null;null;null;null;null;null;null;
1992-10-31;null;null;null;null;null;null;null;null;null;null;null;null;null;null;null;null;null;
1992-11-30;null;null;null;null;null;null;null;null;null;null;null;null;null;null;null;null;null;
1992-12-31;null;null;null;null;null;null;null;null;null;null;null;null;null;null;null;null;null;
1993-01-31;null;192,1;null;null;219,5;5,73913;null;24,2;983,048913;32,545161;null;null;65,774194;null;null;57,258065;null;
1993-02-28;null;230,4;null;null;200;6,059524;null;10,6;981,682143;34,210714;null;null;61,053571;null;null;58,571429;null;
1993-03-31;null;373;null;null;262,5;4,430108;null;23;982,105376;34,719355;null;null;61,16129;null;null;58,870968;null;
1993-04-30;null;320,4;null;null;212,8;5,438202;null;10,7;981,804444;33,856667;null;null;63,291667;null;null;59,833333;null;
1993-05-31;null;282,9;null;null;182,9;5,817204;null;6,2;983,021505;31,735484;null;null;68,717742;null;null;59,032258;null;
1993-06-30;null;197,3;null;null;176,6;5,522222;null;28;986,44;29,17;null;null;72,116667;null;null;58,666667;null;
1993-07-31;null;229,9;null;null;220,8;4,903226;null;29,6;986,744086;29,403226;null;null;69,322581;null;null;57,290323;null;
1993-08-31;null;223,7;null;null;161,6;6,182796;null;24,8;986,649462;29,019355;null;null;70,064516;null;null;58,387097;null;
1993-09-30;null;262,6;null;null;190,9;4,865169;null;5,9;983,96;31,893333;null;null;64,575;null;null;57,333333;null;
1993-10-31;null;292,3;null;null;199,1;6;null;14,7;983,633333;32,7;21,776129;null;64,943548;null;null;57,419355;null;
1993-11-30;null;318,5;null;null;204,9;5,544444;null;50,2;981,653333;33,31;null;null;63,683333;null;null;59;null;
1993-12-31;null;338,5;null;null;225,8;5,391304;null;,4;980,951613;34,416129;null;null;61,274194;null;null;59,354839;null;
1994-01-31;null;333,5;null;null;202,2;4,913978;null;20,5;980,066667;35,296774;null;null;58,153226;null;null;59,193548;null;
1994-02-28;null;253,1;null;null;null;5,666667;null;41,3;981,161905;34,164286;null;null;65,446429;null;null;56,607143;null;
1994-03-31;null;184,7;null;null;218,2;6,494624;null;195,5;980,651613;32,729032;null;null;70,395161;null;null;57,66129;null;
1994-04-30;null;143,1;null;null;160,2;6,829545;null;51,3;981,978889;31,05;null;null;75,191667;null;null;56,666667;null;
1994-05-31;null;122,2;null;null;200,3;5,892473;null;39,3;983,389247;29,874194;null;null;77,991935;null;null;55,967742;null;
1994-06-30;null;145,4;null;null;133;6,255556;null;16,6;985,42;29,28;null;null;74,85;null;null;57,25;null;
1994-07-31;null;87,9;null;null;126,9;6,771739;17;82,1;986,960215;26,641935;null;null;81,209677;null;null;51,532258;null;
1994-08-31;null;165,2;null;null;202,4;5,225806;null;8,7;986,106452;28,977419;null;null;72,201613;null;null;56,693548;null;
1994-09-30;null;189,5;null;null;null;6,244444;null;32,8;985,742222;29,49;null;null;71,766667;null;null;56,333333;null;
1994-10-31;null;278,1;null;null;null;4,946237;null;1,5;983,084946;32,683871;null;null;63,282258;null;null;59,354839;null;
1994-11-30;null;268,8;null;null;193;5,3;null;23,8;981,331111;33,123333;null;null;64,675;null;null;56,5;null;
1994-12-31;null;289,1;null;null;212,3;5,354839;null;71,9;981,111828;34,03871;24,137419;null;61,08871;null;null;57,741935;null;
1995-01-31;null;266;null;null;269,8;4,645161;null;25,7;981,253763;35,174194;27,400645;20,951613;58,741935;null;null;59,354839;null;
1995-02-28;null;283,6;null;null;225,8;5,02381;null;9,2;980,75119;35,710714;28,390714;22,5;57,75;null;null;58,571429;null;
1995-03-31;null;236,1;null;null;229,2;5,806452;null;52,7;981,388172;33,835484;27,347097;21,422581;64,306452;null;null;58,870968;null;
1995-04-30;null;133,6;null;null;188,5;6,044444;null;62,8;980,918889;31,97;25,498;18,223333;74,683333;null;null;58,166667;null;
1995-05-31;null;157;null;null;172,7;5,978495;null;24,1;982,398925;31,503226;25,045806;17,622581;72,983871;null;null;59,344262;null;
1995-06-30;null;167,4;null;null;139;6,511111;null;24,9;985,694444;28,92;22,752667;14,54;72,341667;null;null;57,288136;null;
1995-07-31;null;108,9;null;null;147;6,258065;17;54,5;986,32043;27,203226;21,210968;13,6;81,75;null;null;53,790323;null;
1995-08-31;null;151,4;null;null;202,2;5,354839;null;20,5;986,380645;29,429032;21,88;13,503226;69,822581;6,3;null;59,193548;null;
1995-09-30;14;237,8;null;null;212,6;5,055556;null;15,6;986,422222;30,543333;22,884667;14,453333;65,4;6,8;2,892222;57,333333;null;
1995-10-31;14;293,6;null;null;232,6;4,537634;null;8,8;982,129032;33,203226;25,085806;16,416129;58,451613;6,1;2,994624;58,548387;null;
1995-11-30;14;204,8;null;null;148,5;7,244444;15;128,3;981,656667;31,343333;24,520667;17,08;67,558333;7,6;2,755556;55,75;null;
1995-12-31;5;120,2;null;null;178,4;6,462366;null;121,8;981,558065;30,774194;24,622581;18,003226;74,048387;7;1,864516;58,548387;null;
1996-01-31;14;214,4;null;null;254;4,139785;null;,8;981,044086;33,087097;25,673548;17,667742;64,943548;5,3;2,503226;59,677419;null;
1996-02-29;14;273,7;null;null;249,6;4,528736;7;12,2;979,64023;34,831034;26,689655;18,151724;58,836207;8,3;2,944828;59,482759;null;
1996-03-31;14;309,6;null;null;245;5,139785;null;18,5;979,889247;35,725806;27,473548;19,329032;59,427419;5,8;2,741935;59,83871;null;
1996-04-30;14;209,9;null;null;173,6;6,333333;null;38,4;981,47;32,3;25,498667;18,116667;64,566667;6,6;3,007778;56,75;null;
1996-05-31;9;197,7;null;null;179,9;6,150538;null;6,6;983,258065;31,558065;24,190968;15,493548;64,895161;5,6;2,173118;58,870968;null;
1996-06-30;14;140,4;null;null;146,2;6,522727;null;43;986,257778;28,056667;22,052667;14,12;71,016667;6,5;2,343333;53,333333;null;
1996-07-31;14;171,6;null;null;164,5;5,860215;null;26,3;987,670968;27,851613;21,172903;12,83871;67,669355;8,1;2,209677;56,048387;null;
1996-08-31;14;221,4;null;null;150,9;6,021505;null;19,3;986,651613;28,896774;22,649677;17,029032;66,822581;5,6;2,475269;55,725806;null;
1996-09-30;null;266,1;null;null;204,8;5,247191;null;24;984,881111;30,696667;23,928;17,673333;67,55;null;null;57,5;null;
1996-10-31;null;305,3;null;null;192,4;5,182796;null;12,4;982,626882;32,793548;25,925806;21,429032;68,677419;null;null;57,903226;null;
1996-11-30;null;269,2;null;null;142,1;7,133333;null;157,4;980,298889;32,276667;26,111333;22,1;68,95;null;null;58,666667;null;
1996-12-31;null;259,6;null;null;248,8;4,903226;null;11;980,962366;33,583871;27,34129;22,483871;63,153226;null;null;59,677419;null;
1997-01-31;null;210,9;null;null;null;6,043011;null;74,1;980,829032;33,045161;26,738065;22,477419;67,5;null;null;56,693548;null;
1997-02-28;null;141,3;null;null;167,6;6,297619;null;96,3;982,405952;30,678571;25,446429;21,703571;74,276786;null;null;58,125;null;
1997-03-31;null;94,2;null;null;null;7,892473;19;263,3;980,723656;29,183871;24,460645;21,367742;81,41129;null;null;51,290323;null;
1997-04-30;null;83,8;null;null;null;6,788889;null;114,5;983,117778;29,35;24,498;21,14;80,175;null;null;58,416667;null;
1997-05-31;null;72,1;null;null;119,5;6,860215;null;38,3;985,72043;27,122581;22,563226;18,993548;76,693548;null;null;57,580645;null;
1997-06-30;null;77,5;null;null;174;5,455556;null;26,4;984,951111;28,433333;22,556667;18,043333;78,466667;null;null;58,5;null;
1997-07-31;null;128,4;null;null;147;6,741935;null;24,7;988,043011;27,412903;21,51871;16,277419;72,379032;null;null;56,209677;null;
1997-08-31;null;184,8;null;null;193,1;5,311828;null;12,3;988,033333;29,070968;21,932903;15,63871;63,919355;null;null;59,516129;null;
1997-09-30;null;215,7;null;null;212,1;3,811111;null;6,7;982,968889;33,13;25,214;19,373333;60,116667;null;null;57;null;
1997-10-31;null;228,9;null;null;214,3;4,836957;null;68,3;981,944086;33,096774;25,952667;20,745161;64,033333;null;null;57,177419;null;
1997-11-30;14;237,8;null;null;222,5;5,2;null;101,8;981,262222;33,52;26,446;21,193333;64,633333;5,6;2,121348;58,333333;null;
1997-12-31;14;180,3;null;null;215,3;5,086022;null;89;981,71828;33,003226;26,407097;21,409677;66,903226;5;2,124731;58,548387;null;
1998-01-31;14;224,3;null;null;191,9;5,903226;null;84,8;980,508602;34,483871;27,687097;22,793548;62,677419;6,3;2,183871;59,354839;null;
1998-02-28;14;206,5;null;null;208,9;4,77381;null;46,5;981,836905;34,521429;27,923571;22,728571;60,517857;5,6;2,465476;57,818182;null;
1998-03-31;14;264,7;null;null;239,6;4,88172;null;14,7;980,82043;35,416129;28,125806;22,529032;59,282258;6,3;2,682796;58,064516;null;
1998-04-30;14;269,7;null;null;218,4;4,355556;null;13,3;981,84;34,673333;27,485333;21,916667;57,483333;6;2,535556;59,166667;null;
1998-05-31;14;219;null;null;202,9;5,451613;null;21,8;983,929032;31,903226;25,414839;19,593548;65,798387;4,5;2,182796;58,145161;null;
1998-06-30;14;162,6;null;null;133;6,685393;null;38,1;987,033333;28,513333;23,128;18,28;71,816667;5;2,17;54,083333;null;
1998-07-31;14;178,7;null;null;188,8;5,301075;null;20,1;987,075269;29,296774;23,089032;17,816129;68,927419;7,6;2,213978;55,887097;null;
1998-08-31;14;210;null;null;204,2;5,054348;null;21;986,513978;29,86129;23,405161;18,13871;66,927419;5,5;2,492391;55;null;
1998-09-30;14;281,3;null;null;240,6;4,377778;null;12,1;984,866667;31,89;24,542;18,973333;64,491667;7,3;3,188889;58,25;null;
1998-10-31;14;324,9;null;null;226,6;4,763441;null;24,7;983,882796;33,109677;25,945161;20,593548;63,1;6,3;3,224731;57,213115;null;
1998-11-30;9;188,1;null;null;130,2;6,677778;null;47,3;980,552222;32,096667;26,298667;21,72;67,041667;6,3;2,339326;54,583333;null;
1998-12-31;9;242,2;null;null;207;5,075269;null;41,1;981,322581;32,993548;26,513548;21,522581;66,564516;5,5;2,296774;58,709677;null;
1999-01-31;14;266;null;null;212,6;5,11828;null;50,8;980,648387;34,025806;26,82;21,556667;60,935484;5,1;2,305376;57,903226;null;
1999-02-28;14;218,4;null;null;178,1;5,333333;15;57;981,054762;33,189286;26,617143;21,814286;64,330357;6,3;2,719277;56,964286;null;
1999-03-31;14;194;null;null;225,4;5,27957;null;162,9;980,594624;33,070968;26,680645;21,548387;63,459677;5;2,166667;56,451613;null;
1999-04-30;14;195,8;null;null;178,6;6,022222;null;25,1;983,022222;31,816667;25,66;20,513333;67,541667;5,6;2,424444;57,166667;null;
1999-05-31;9;149,7;null;null;147;6,793478;null;49,5;984,084946;30,167742;24,351613;19,629032;71,185484;7;2,016129;57,852459;null;
1999-06-30;9;151,6;null;null;171,6;5,888889;null;28,8;985,291111;29,146667;23,340667;18,333333;72,191667;5,8;1,744444;56,610169;null;
1999-07-31;18;166,9;null;null;156,3;6,193548;23;54,3;987,430108;27,690323;22,06;16,819355;68,983871;5,5;2,075269;56,721311;null;
1999-08-31;14;166,7;null;null;153,2;6,698925;null;42,5;987,344086;27,722581;21,972903;17,154839;65,395161;7,5;2,483871;56,129032;null;
1999-09-30;9;215,1;null;null;186;5,622222;null;37,9;984,535556;29,34;22,988;17,686667;67,775;8,5;2,643333;57;null;
1999-10-31;9;205,5;null;null;155,3;6,44086;null;76,5;983,62043;29,670968;24,000645;19,335484;68,564516;6,3;2,686813;55,079365;null;
1999-11-30;9;146,1;null;null;123,2;7,266667;15;60,1;981,791111;30,036667;24,519333;20,063333;71,125;5;1,981111;56,666667;null;
1999-12-31;9;155,1;null;null;148,6;7,182796;15;203,4;981,077419;30,767742;24,979355;20,522581;72,41129;5,3;2,132258;57,258065;null;
2000-01-31;9;118,8;null;null;220,6;5,967742;8;103,9;980,556989;31,403226;25,537419;20,76129;72,08871;4,8;1,887097;57,741935;null;
2000-02-29;9;116,3;null;null;226,9;6,747126;11;73;981,218391;32,724138;26,070345;20,734483;72,008621;6,6;1,987209;58,965517;null;
2000-03-31;14;101;null;null;206,7;5,784946;14;58,7;981,068817;32,070968;25,592258;20,483871;73,08871;5,6;2,051111;58,306452;null;
2000-04-30;14;112,8;null;null;178,5;6,377778;14;74,2;982,262222;30,913333;25,078;20,213333;75,616667;6,1;1,688889;58;null;
2000-05-31;18;109,8;null;null;158,2;6,376344;10;21,6;983,656989;30,032258;23,946452;18,76129;71,919355;6,5;1,728889;59,032258;null;
2000-06-30;18;64,8;null;null;147,8;6,388889;13;36,9;986,561111;28,61;22,687333;17,35;72,95;5,3;1,841379;56,333333;null;
2000-07-31;5;145,5;null;null;188,5;5,806452;15;28;987,023656;29,025806;22,309677;16,793548;69,919355;5,3;2,111828;59,193548;null;
2000-08-31;5;228,4;null;null;185,8;6,602151;7;12,3;987,550538;29,980645;23,554194;18,796774;67,451613;5,3;2,505376;59,032258;null;
2000-09-30;5;273,7;null;null;164,5;6,311111;12;54,2;986,303333;30,003333;23,938;19,793333;67,666667;8,3;2,92;58;null;
2000-10-31;5;387,7;null;null;251,1;4,462366;4;6,1;985,412903;32,832258;25,806452;21,229032;59,379032;6,3;3,031183;59,193548;null;
2000-11-30;5;173,5;null;null;193,9;6,366667;11;254,6;982,385556;31,533333;25,832;22,056667;71,308333;5,3;2,27191;57,833333;null;
2000-12-31;5;134,2;null;null;155,9;6,677419;9;87,8;982,423656;30,880645;25,672258;22,306452;72,612903;4,3;1,772043;45,679012;null;
2001-01-31;5;166,6;null;null;230,3;5,204301;8;35;984,558065;31,874194;25,57871;21,254839;67,564516;5;2,113978;41,666667;null;
2001-02-28;5;250,2;null;null;241,8;4,583333;2;2,3;982,640476;35,417857;27,727857;22,232143;57,964286;8,3;2,593976;42,53012;null;
2001-03-31;5;184,4;null;null;195,2;6,032258;10;92,7;983,232258;32,66129;26,562581;22,616129;67,58871;5;2,377419;40,322581;null;
2001-04-30;5;166,4;null;null;207;6,111111;8;19,4;984,52;31,703333;25,514;20,93;69,908333;5;2,234444;43,222222;null;
2001-05-31;5;156,8;null;null;205,9;4,55914;6;24,6;984,466667;32,180645;25,571613;21,741935;68,508065;4,6;1,758065;42,580645;null;
2001-06-30;5;116,2;null;null;148,7;6,755556;13;67;987,772222;28,086667;22,772;18,673333;75,041667;6,3;1,952222;41;null;
2001-07-31;5;185,1;null;null;190,9;6,086022;9;16,9;988,298925;28,916129;22,814839;18,132258;68,322581;6,6;2,402151;42,741935;null;
2001-08-31;5;175,7;null;null;145,9;6,946237;13;48,6;990,364516;27,883871;22,293548;17,987097;71,653226;6,6;2,703226;42,903226;null;
2001-09-30;14;206,8;null;null;158,8;6,022222;11;15,3;986,943333;30,03;23,942667;19,74;68,958333;5,3;2,743333;44,555556;null;
2001-10-31;9;245;null;null;165,8;6,623656;8;17,9;985,124731;31,929032;25,459355;21,058065;64,362903;6,3;3,189247;42,903226;null;
2001-11-30;9;319;null;null;216,8;5,247222;4;6,6;983,196667;34,17;26,872667;21,97;60,25;6,6;3,495556;46,111111;null;
2001-12-31;9;217,2;null;null;197,4;6,139785;9;193,7;983,262366;32,393548;26,310968;22,358065;69,395161;8,6;2,822581;45,752688;null;
2002-01-31;9;97,6;null;null;164,4;7,040323;21;383,4;983,502151;29,941935;24,972903;21,574194;80,854839;5,8;1,860652;40,913978;null;
2002-02-28;5;130,9;null;null;228,8;5,806548;6;74,6;984,316667;31,582143;25,543571;21,392857;72,794643;4,3;1,829301;48,166667;null;
2002-03-31;9;181,2;null;null;209,4;5,561828;12;40,9;984,405376;32,309677;26,09871;21,790323;70,241935;6,3;2,318714;47,804348;null;
2002-04-30;9;184,8;null;null;208;5,686111;11;12,3;983,976667;32,216667;25,688;20,933333;71,675;9,1;2,092191;47,888889;null;
2002-05-31;14;171;null;null;201,2;5,362903;8;26,5;984,911828;30,967742;24,438065;19,219355;72,677419;4,8;1,834835;48,172043;null;
2002-06-30;9;150,2;null;null;132;7,188889;17;49,7;988,455556;28,573333;23,068667;18,486667;75,991667;6,5;2,187376;47,888889;null;
2002-07-31;9;155;null;null;158,9;5,892473;9;3,6;988,589247;29,164516;22,895484;17,846667;73,5;7,3;1,950538;47,473118;null;
2002-08-31;14;219,9;null;null;208,5;5,924731;16;22,7;988,76129;29,612903;23,077419;18,1;68,548387;6,3;2,788172;46,774194;null;
2002-09-30;9;217,5;null;null;140,2;6,211111;10;52,3;986,861111;30,5;24,259333;19,346667;70,575;7,3;2,641111;43;null;
2002-10-31;14;326,9;null;null;255;5,55914;1;1;984,456989;32,777419;25,424516;19,945161;62,104839;6,5;3,224731;48,817204;null;
2002-11-30;14;333;null;null;234,8;5,888889;3;5,4;983,097778;33,95;26,593333;21,01;62,758333;7,3;2,831111;47,888889;null;
2002-12-31;0;244,6;null;null;189,2;5,892473;8;114,6;981,973118;33,516129;26,788387;21,516129;67,258065;6,5;,867742;43,806452;null;
2003-01-31;0;226,6;161,632472;161,632472;245,1;5,236559;4;20,1;982,06044;33,851613;27,274839;21,596774;66,225806;4,5;,510753;47,204301;null;
2003-02-28;14;265,3;141,800766;114,5;223,9;6,071429;8;14,5;983,784524;34,05;27,170714;21,314286;64,366071;7,8;3,259524;47,857143;null;
2003-03-31;9;296,8;156,533344;8;229,8;5,989247;6;8;983,105376;34,451613;27,403871;21,945161;65,572581;8;3,304301;47,956989;null;
2003-04-30;14;239,9;137,089327;9,5;210,3;5,511111;5;9,5;984,113483;33,36;26,769333;20,71;68,1;5,8;2,735556;48,666667;null;
2003-05-31;9;157,3;109,716431;65,1;133,8;6,860215;12;65,1;985,494624;30,258065;24,865806;20,087097;76,120968;6,6;2,034409;46,684783;null;
2003-06-30;9;108,8;79,509128;40,2;163,3;6,566667;15;40,2;986,937778;28,26;22,638;17,05;79,075;4,8;1,695556;46,666667;null;
2003-07-31;14;177,2;73,863032;38,1;155,1;6,870968;14;38,1;989,130108;28,016129;22,045806;16,070968;75,370968;7,6;2,172043;46,666667;null;
2003-08-31;9;166,5;87,927116;28,8;151,6;6,698925;15;28,8;988,266667;29,029032;22,886452;17,387097;75,104839;6,1;2,243011;45,591398;null;
2003-09-30;9;229,9;null;null;185,6;5,944444;11;10,7;987,206667;30,463333;23,796667;17,71;69,841667;8;2,907778;47,444444;null;
2003-10-31;9;329,1;null;null;232,3;5,311828;1;1,5;985,007527;32,43871;25,312903;19,090323;63,048387;6,5;3,760215;49,782609;null;
2003-11-30;9;241,3;null;null;195,3;6;9;76,7;983,638889;32,16;25,603333;19,913333;69,55;6,8;2,79;48,666667;null;
2003-12-31;9;316,3;null;null;219,9;5,677419;5;6,3;983,120652;34,335484;26,994839;20,73871;61,741935;6,3;3,331183;52,021505;null;
2004-01-31;9;188,3;null;null;169,5;7,752688;16;317,1;981,767742;31,993548;25,829677;20,525806;75,435484;5,5;2,293333;45,652174;null;
2004-02-29;5;135,5;null;null;217,8;6,689655;8;49,6;983,458621;31,693103;25,867586;20,244828;74,913793;6;2,117647;49,195402;null;
2004-03-31;9;109,4;null;null;188,4;7,27957;12;86,9;983,13871;30,964516;25,495484;20,206452;77,854839;5;1,856989;48,924731;null;
2004-04-30;9;116;null;null;191,4;6,555556;10;27,5;984,198889;31,416667;25,266;19,58;75,425;6,1;1,775556;48,822222;null;
2004-05-31;9;134,6;null;null;168;6,806452;11;35,2;985,808602;30,454839;24,124516;17,845161;76,725806;5,1;1,808602;47,311828;null;
2004-06-30;9;115,3;null;null;143,4;6,688889;18;33,7;989,061111;27,993333;22,105333;15,6;80,241667;6,1;1,948889;45,333333;null;
2004-07-31;14;160,6;null;null;180,4;6,580645;11;44;988,1;28,258065;22,076774;15,909677;72,112903;5,1;2,036559;47,204301;null;
2004-08-31;14;220,4;null;null;209,5;5,591398;0;0;988,612903;30,203226;23,282581;17,674194;65,895161;6,3;2,576344;50,645161;null;
2004-09-30;14;271,9;null;null;235,6;5,433333;4;1,8;987,077778;31,31;23,902;18,156667;62,325;6,6;3,208889;50,444444;null;
2004-10-31;9;254,1;null;null;191,2;5,784946;12;30,5;984,251613;32,251613;25,556129;20,674194;65,645161;7,1;2,946237;49,569892;null;
2004-11-30;9;265,5;null;null;211,7;6,133333;6;106,9;983,438889;32,926667;26,430667;21,583333;67,091667;7,3;3,201111;48,722222;null;
2004-12-31;14;239,1;null;null;241,7;5,341398;1;24;982,824731;33,364516;26,795484;21,425806;64,314516;5;2,531959;49,290323;null;
2005-01-31;14;212,8;null;null;217,7;5,860215;4;62,6;981,754839;33,590323;27,28;22,13871;65,604839;5,5;2,334409;48,709677;null;
2005-02-28;14;169,5;null;null;180,7;6,857143;8;180,8;981,759524;32,492857;26,66;22,175;75,026786;8,3;2,27619;47,690476;null;
2005-03-31;14;149;null;null;232,6;5,569892;8;22,1;983,223656;33,019355;26,754839;21,625806;72,58871;6,1;1,837634;49,784946;null;
2005-04-30;14;100,2;null;null;170,3;6,922222;19;117,1;984,13;30,52;25,112;20,776667;79,558333;5;1,742222;47,666667;null;
2005-05-31;14;118,7;null;null;170,6;7,150538;12;43,3;985,454839;30,041935;24,229677;19,33871;75,927419;6,1;1,881522;47,634409;null;
2005-06-30;14;92,7;null;null;119,1;7,522222;19;64,4;987,594444;27,793333;22,662667;18,56;81,85;6,3;1,714444;46,111111;null;
2005-07-31;14;120,7;null;null;163,7;6,236559;14;43,6;989,354839;27,474194;21,529677;15,932258;78,306452;5,8;1,992473;47,784946;null;
2005-08-31;14;130;null;null;163,9;6,763441;16;21,2;988,612903;28,522581;22,329032;16,848387;73,282258;5,6;2,294624;47,892473;null;
2005-09-30;14;195,4;null;null;182,9;6,077778;5;8,1;986,961111;31,116667;24,138667;18,11;67,566667;6,3;2,681111;49,222222;null;
2005-10-31;14;305,5;null;null;247;4,989247;4;1,6;985,055914;33,46129;25,617419;18,954839;63,467742;9,6;3,402151;49,892473;null;
2005-11-30;14;null;null;null;164,1;6,786111;12;119,7;983,08;32,03;25,318667;19,426667;69,783333;6,1;2,631147;49;null;
2005-12-31;14;null;null;null;198,3;6,804348;6;53,4;982,25914;31,964516;25,772903;19,745161;69,548387;4,8;2,442712;51,548387;null;
2006-01-31;14;null;null;null;229,3;5,397849;7;10,6;982,784946;33,470968;26,012903;19,290323;61,41129;6,5;3,129032;49,677419;null;
2006-02-28;14;null;null;null;252,4;5,107143;2;1,6;981,65119;36,178571;28,275;21,207143;57,758929;5,8;3,021429;47,142857;null;
2006-03-31;14;null;null;null;202,4;7,032258;11;122,4;982,492473;33,480645;26,905806;21,022581;69,41129;6,1;2,291398;49,516129;null;
2006-04-30;9;null;null;null;160,3;8,2;20;164,8;983,094444;30,656667;25,108;19,806667;79,291667;3,6;1,463333;50,444444;null;
2006-05-31;9;null;99,074236;99,074236;171,9;7,311828;13;25,3;985,946237;29,593548;23,741935;17,393548;72,983871;4,8;1,625806;48,602151;null;
2006-06-30;9;null;67,151092;67,151092;119,5;7,333333;15;53,9;988,604444;27,736667;21,676;15,341379;76,033333;6,8;1,885556;46,333333;null;
2006-07-31;9;null;69,747581;29,574672;170,1;6,182796;9;21,5;989,382796;28,167742;21,592903;14,813333;70,169355;4,8;1,83871;47,096774;null;
2006-08-31;9;null;79,867245;17,6;192,9;5,516129;16;17,6;988,341935;29,512903;22,422581;14,912903;68,677419;6,6;2,575269;47,204301;null;
2006-09-30;9;null;96,229766;11,6;165,3;5,574713;9;11,5;987;30,583333;23,773333;16,973333;64,358333;5,5;2,847778;48,111111;null;
2006-10-31;9;null;114,969237;103,8;106,3;7,365591;14;103,8;984,65914;30,983871;24,66129;18,406452;70,427419;6,8;2,647312;48,602151;null;
2006-11-30;9;null;115,469656;87,1;185,8;6,377778;14;87,1;983,372222;31,223333;24,829333;18,363333;73,05;5,6;2,257778;50,222222;null;
2006-12-31;9;null;150,256895;17,8;226,4;5,419355;4;17,8;984,019355;33,654839;26,59871;19,493548;63,564516;5;2,555914;49,784946;null;
2007-01-31;9;null;163,961179;8,1;227,9;5,475806;3;8,1;982,962366;35,180645;27,356129;20,219355;59,169355;5,8;2,772819;48,752688;null;
2007-02-28;14;null;115,906059;115,906059;148,4;7,690476;20;253;984,358333;31,703571;25,472857;19,275;76,723214;6,3;2,283333;49,878049;null;
2007-03-31;9;null;114,636947;114,636947;219,2;6,268817;12;49,7;984,396774;31,229032;24,858065;18,274194;73,919355;8;2,096774;49,462366;null;
2007-04-30;9;null;110,322375;110,322375;193,2;6,7;8;73,8;984,322222;31,35;24,9;18,103333;72,875;4,6;1,64;48,022222;null;
2007-05-31;14;null;96,527966;87,677625;178,4;5,849462;6;24,2;985,591398;30,309677;23,809677;16,770968;72,169355;4,6;1,729032;49,139785;null;
2007-06-30;9;null;71,113337;53,7;170;6,377778;12;53,7;989,207778;28,733333;21,990667;14,363333;75,95;5,6;1,78;48,555556;null;
2007-07-31;9;null;73,863032;15,4;197,3;6,16129;10;15,4;988,739785;28,674194;21,9;14,287097;72,725806;6,3;1,775269;49,397849;null;
2007-08-31;9;null;69,246678;38,5;196,3;6,376344;12;38,5;989,324731;28,258065;21,454194;13,619355;70,419355;8,3;2,953488;48,27957;null;
2007-09-30;9;null;77,424456;16,7;187,4;6,166667;10;16,7;989,444944;29,506667;22,206;14,166667;67,583333;8;3,149438;48,888889;null;
2007-10-31;9;null;106,466634;7,5;201;6,333333;6;7,5;986,145161;31,654839;24,145161;16,335484;64,637097;9;3,835484;49,354839;null;
2007-11-30;9;null;129,073716;54,7;191,2;6,180556;5;54,7;982,735955;33,23;25,717333;18,168966;62,883333;7;null;50,111111;null;
2007-12-31;null;null;130,075963;64,1;212,7;5,344086;8;64,1;983,106452;32,322581;25,371613;17,945161;64,298387;null;null;48,064516;null;
2008-01-31;null;null;142,552251;2,5;251,4;5,677419;3;2,5;982,117204;34,23871;26,230323;18,241935;57,491935;null;null;50,537634;null;
2008-02-29;14;null;130,644853;130,644853;218,6;6,091954;9;206,2;983,877011;33,382759;26,234483;18,413793;65,215517;6,6;2,74023;49,581395;null;
2008-03-31;9;null;123,405531;119,955147;225,7;6,989247;9;73,4;983,240217;31,919355;25,436774;18,332258;72,741935;5,6;1,858065;49,462366;null;
2008-04-30;14;null;120,148243;20,2;231,2;5,066667;6;20,2;982,658889;32,376667;25,757931;18,441379;67,808333;5;1,996037;51,755556;null;
2008-05-31;14;null;99,004764;12,1;199,5;6,282609;7;12,1;985,420652;30,916129;24,179355;16,067742;66,822581;6,3;2,197826;50,645161;null;
2008-06-30;14;null;73,142653;39,6;160;6,552778;14;39,6;988,035556;28,78;22,135333;13,98;73,95;7,8;2,185086;49,222222;null;
2008-07-31;null;null;64,857527;13,7;158,5;5,981183;8;14,3;989,762366;27,754839;21,046452;12,567742;69,266129;6,1;null;50,258065;null;
2008-08-31;14;null;78,828262;10,9;201,9;5,44086;7;10,9;987,38172;29,948387;22,346452;13,758065;67,637097;8,1;2,977778;50;null;
2008-09-30;14;null;93,819352;7,8;171,7;5,877778;5;7,8;987,796667;30,82;23,573333;15,47;70,141667;7,1;2,872222;50,222222;null;
2008-10-31;14;null;118,010716;2,2;218,6;5,443548;2;2,2;986,507527;33,070968;25,063871;16,716129;64,733871;8,3;3,71878;53,032258;null;
2008-11-30;9;null;135,538373;18,1;192,1;5,883333;5;18,1;983,186667;33,626667;26,110667;17,896667;63,283333;6,1;3,412684;54,644444;null;
2008-12-31;9;null;123,79624;123,79624;138,6;7;10;171,2;982,906452;31,287097;24,987097;17,703226;75,016129;4,6;2,063441;49,16129;null;
2009-01-31;9;null;135,862078;94,822986;217;5,526882;9;72,6;982,995699;32,774194;25,81871;17,719355;68,443548;6,3;2,245161;49,784946;null;
2009-02-28;9;null;124,641715;59,357377;185;6,345238;8;45,6;983,659524;33,564286;26,079286;18,053571;68,651786;6,8;2,578205;48,690476;null;
2009-03-31;14;null;160,130951;15,953061;253,4;5,430108;3;7;981,974194;35,441935;27,592903;18,767742;60,491935;6,3;2,311828;50,430108;null;
2009-04-30;14;null;120,263731;89,172261;175,1;7,022222;10;88,7;983,776667;31,913333;25,705333;18,03;72,95;4,6;1,8;49,444444;null;
2009-05-31;14;null;101,665796;35,280427;133,6;7,935484;5;34,4;985,729032;30,545161;24,211613;16,122581;73,532258;5,3;2,068817;49,354839;null;
2009-06-30;9;null;76,285943;32,030102;155,7;6,144444;10;31,7;987,514444;29,26;22,539333;13,926667;76,291667;5;1,747778;49,555556;null;
2009-07-31;14;null;80,341124;31,029542;205,3;5,408602;7;30,8;988,366667;29,803226;22,619355;14,012903;75,33871;5,1;2,086022;46,763441;null;
2009-08-31;9;null;83,257024;18,471029;202,7;6,430108;9;18,3;987,937634;30,158065;22,698065;13,851613;72,137097;6,5;2,774713;48,387097;null;
2009-09-30;5;null;112,216253;15,615895;235,2;5,333333;4;15,5;986,984444;32,866667;24,97;17,206667;66,875;6,6;2,993182;49,444444;null;
2009-10-31;14;null;138,222703;138,222703;172,6;6,365591;11;294,6;983,454839;32,119355;26,075484;21,854839;70,475806;7;2,448387;49,967742;null;
2009-11-30;14;null;140,378909;79,6926;237,1;5,111111;3;5,7;983,038889;32,69;26,36;21,34;63,766667;6,5;2,477778;49,111111;null;
2009-12-31;null;null;153,814939;44,948475;189,4;5,827957;7;26,2;983,217204;33,793548;26,742581;20,1;62,435484;4,8;null;50,107527;null;
2010-01-31;null;null;140,85918;52,779358;265,3;5,548387;10;48,4;983,310753;33,987097;26,167742;18,293548;64,725806;4,6;null;48,817204;null;
2010-02-28;null;null;150,104994;41,030627;202,5;7,035714;6;38,7;983,115476;34,785714;27,667143;22,760714;64,883929;null;null;49,39759;null;
2010-03-31;null;null;149,503742;149,503742;227,4;6,537634;12;306,3;982,649462;32,874194;26,914839;22,209677;73,040323;null;null;49,731183;null;
2010-04-30;null;null;121,731844;107,284921;206,7;6,733333;10;62,2;983,436667;31,123333;25,825333;21,853333;76,466667;null;null;50;null;
2010-05-31;null;null;119,644066;61,408001;211;6,204301;9;28,2;984,28172;32,067742;25,618065;20,845161;69,870968;null;null;49,677419;null;
2010-06-30;14;null;89,732296;15,424975;166,1;6,333333;5;2,5;988,182222;29,996667;23,721333;18,23;69,75;5,8;2,159551;50,157303;null;
2010-07-31;14;null;77,055796;77,055796;146,3;7,258065;21;86,8;989,076344;28,254839;22,345161;17,732258;75,862903;5,6;2,186022;49,892473;null;
2010-08-31;14;null;74,428209;30,078146;190,7;6,387097;11;19,6;989,68172;28,280645;21,867742;16,329032;72,822581;7;2,410753;47,956989;null;
2010-09-30;14;null;93,725704;21,78987;201,3;5,822222;10;13,9;987,878889;30,676667;23,616;18,583333;77,391667;7,4;2,911111;49,888889;null;
2010-10-31;9;null;138,222703;58,454037;211,6;6,150538;6;54,8;984,022581;33,254839;26,198065;21,016129;74,209677;9,2;2,936559;51,376344;null;
2010-11-30;14;null;143,728429;5,912238;168,7;6,566667;5;3,8;983,043333;33,263333;26,63;21,513333;73,233333;6,5;2,736667;49,444444;null;
2010-12-31;14;null;150,256895;58,01804;207,8;6,053763;7;57,6;980,526882;33,103226;26,637419;21,429032;72,395161;6;2,513978;50,430108;null;

