Nome: LENCOIS
Codigo Estacao: 83242
Latitude: -12.557854
Longitude: -41.388808
Altitude: 438.09
Situacao: Operante
Data Inicial: 1981-01-01
Data Final: 2010-12-31
Periodicidade da Medicao: Mensal

Data Medicao;DIRECAO PREDOMINANTE DO VENTO, MENSAL(° (gr));EVAPORACAO DO PICHE, MENSAL(mm);EVAPOTRANSPIRACAO POTENCIAL, BH MENSAL(mm);EVAPOTRANSPIRACAO REAL, BH MENSAL(mm);INSOLACAO TOTAL, MENSAL(h);NEBULOSIDADE, MEDIA MENSAL(décimos);NUMERO DE DIAS COM PRECIP. PLUV, MENSAL(número);PRECIPITACAO TOTAL, MENSAL(mm);PRESSAO ATMOSFERICA AO NIVEL DO MAR, MEDIA MENSAL(mB);PRESSAO ATMOSFERICA, MEDIA MENSAL(mB);TEMPERATURA MAXIMA MEDIA, MENSAL(°C);TEMPERATURA MEDIA COMPENSADA, MENSAL(°C);TEMPERATURA MINIMA MEDIA, MENSAL(°C);UMIDADE RELATIVA DO AR, MEDIA MENSAL(%);VENTO, VELOCIDADE MAXIMA MENSAL(m/s);VENTO, VELOCIDADE MEDIA MENSAL(m/s);VISIBILIDADE, MEDIA MENSAL(codigo);
1981-01-31;null;null;null;null;null;null;null;null;null;null;null;null;null;null;null;null;null;
1981-02-28;null;null;null;null;null;null;null;null;null;null;null;null;null;null;null;null;null;
1981-03-31;null;null;null;null;null;null;null;null;null;null;null;null;null;null;null;null;null;
1981-04-30;null;null;null;null;null;null;null;null;null;null;null;null;null;null;null;null;null;
1981-05-31;null;null;null;null;null;null;null;null;null;null;null;null;null;null;null;null;null;
1981-06-30;null;null;null;null;null;null;null;null;null;null;null;null;null;null;null;null;null;
1981-07-31;null;null;null;null;null;null;null;null;null;null;null;null;null;null;null;null;null;
1981-08-31;null;null;null;null;null;null;null;null;null;null;null;null;null;null;null;null;null;
1981-09-30;null;null;null;null;null;null;null;null;null;null;null;null;null;null;null;null;null;
1981-10-31;null;null;null;null;null;null;null;null;null;null;null;null;null;null;null;null;null;
1981-11-30;null;null;null;null;null;null;null;null;null;null;null;null;null;null;null;null;null;
1981-12-31;null;null;null;null;null;null;null;null;null;null;null;null;null;null;null;null;null;
1982-01-31;null;null;null;null;null;null;null;null;null;null;null;null;null;null;null;null;null;
1982-02-28;null;null;null;null;null;null;null;null;null;null;null;null;null;null;null;null;null;
1982-03-31;null;null;null;null;null;null;null;null;null;null;null;null;null;null;null;null;null;
1982-04-30;null;null;null;null;null;null;null;null;null;null;null;null;null;null;null;null;null;
1982-05-31;null;null;null;null;null;null;null;null;null;null;null;null;null;null;null;null;null;
1982-06-30;null;null;null;null;null;null;null;null;null;null;null;null;null;null;null;null;null;
1982-07-31;null;null;null;null;null;null;null;null;null;null;null;null;null;null;null;null;null;
1982-08-31;null;null;null;null;null;null;null;null;null;null;null;null;null;null;null;null;null;
1982-09-30;null;null;null;null;null;null;null;null;null;null;null;null;null;null;null;null;null;
1982-10-31;null;null;null;null;null;null;null;null;null;null;null;null;null;null;null;null;null;
1982-11-30;null;null;null;null;null;null;null;null;null;null;null;null;null;null;null;null;null;
1982-12-31;null;null;null;null;null;null;null;null;null;null;null;null;null;null;null;null;null;
1983-01-31;null;null;null;null;null;null;null;207,7;null;null;null;null;null;null;null;null;null;
1983-02-28;null;null;null;null;null;null;null;268,3;null;null;null;null;null;null;null;null;null;
1983-03-31;null;null;null;null;null;null;null;120,2;null;null;null;null;null;null;null;null;null;
1983-04-30;null;null;null;null;null;null;null;71,9;null;null;null;null;null;null;null;null;null;
1983-05-31;null;null;null;null;null;null;null;61,6;null;null;null;null;null;null;null;null;null;
1983-06-30;null;null;null;null;null;null;null;23,6;null;null;null;null;null;null;null;null;null;
1983-07-31;null;null;null;null;null;null;null;56,3;null;null;null;null;null;null;null;null;null;
1983-08-31;null;null;null;null;null;null;null;13,7;null;null;null;null;null;null;null;null;null;
1983-09-30;null;null;null;null;null;null;null;42;null;null;null;null;null;null;null;null;null;
1983-10-31;null;null;null;null;null;null;null;33,6;null;null;null;null;null;null;null;null;null;
1983-11-30;null;null;null;null;null;null;null;80,3;null;null;null;null;null;null;null;null;null;
1983-12-31;null;null;null;null;null;null;null;80,1;null;null;null;null;null;null;null;null;null;
1984-01-31;null;null;null;null;null;null;null;null;null;null;null;null;null;null;null;null;null;
1984-02-29;null;null;null;null;null;null;null;null;null;null;null;null;null;null;null;null;null;
1984-03-31;null;null;null;null;null;null;null;null;null;null;null;null;null;null;null;null;null;
1984-04-30;null;null;null;null;null;null;null;null;null;null;null;null;null;null;null;null;null;
1984-05-31;null;null;null;null;null;null;null;null;null;null;null;null;null;null;null;null;null;
1984-06-30;null;null;null;null;null;null;null;null;null;null;null;null;null;null;null;null;null;
1984-07-31;null;null;null;null;null;null;null;null;null;null;null;null;null;null;null;null;null;
1984-08-31;null;null;null;null;null;null;null;null;null;null;null;null;null;null;null;null;null;
1984-09-30;null;null;null;null;null;null;null;null;null;null;null;null;null;null;null;null;null;
1984-10-31;null;null;null;null;null;null;null;null;null;null;null;null;null;null;null;null;null;
1984-11-30;null;null;null;null;null;null;null;null;null;null;null;null;null;null;null;null;null;
1984-12-31;null;null;null;null;null;null;null;null;null;null;null;null;null;null;null;null;null;
1985-01-31;null;null;null;null;null;null;null;null;null;null;null;null;null;null;null;null;null;
1985-02-28;null;null;null;null;null;null;null;null;null;null;null;null;null;null;null;null;null;
1985-03-31;null;null;null;null;null;null;null;null;null;null;null;null;null;null;null;null;null;
1985-04-30;null;null;null;null;null;null;null;null;null;null;null;null;null;null;null;null;null;
1985-05-31;null;null;null;null;null;null;null;null;null;null;null;null;null;null;null;null;null;
1985-06-30;null;null;null;null;null;null;null;null;null;null;null;null;null;null;null;null;null;
1985-07-31;null;null;null;null;null;null;null;null;null;null;null;null;null;null;null;null;null;
1985-08-31;null;null;null;null;null;null;null;null;null;null;null;null;null;null;null;null;null;
1985-09-30;null;null;null;null;null;null;null;null;null;null;null;null;null;null;null;null;null;
1985-10-31;null;null;null;null;null;null;null;null;null;null;null;null;null;null;null;null;null;
1985-11-30;null;null;null;null;null;null;null;null;null;null;null;null;null;null;null;null;null;
1985-12-31;null;null;null;null;null;null;null;null;null;null;null;null;null;null;null;null;null;
1986-01-31;18;112,4;null;null;185,5;7,021739;10;86;null;962,511957;29,951613;23,110968;null;77,540323;4,1;1,230435;72,322581;
1986-02-28;0;135,4;null;null;201,3;7,130952;10;26,3;null;961,938095;31,285714;24,412857;null;70,348214;3,6;1,117857;75,392857;
1986-03-31;18;133,4;null;null;213,9;7,376344;13;95,8;null;962,501075;30,625806;23,840645;null;75,387097;4,1;1,592473;75,483871;
1986-04-30;18;139,4;null;null;194,8;6,722222;9;104,4;null;962,14;30,796667;24,078;null;69,383333;6,6;1,521111;73,366667;
1986-05-31;18;103,5;null;null;181,7;6,806452;11;27,7;null;964,069892;28,351613;22,132258;null;76,806452;5;1,56129;70,290323;
1986-06-30;null;null;null;null;null;null;null;null;null;null;null;null;null;null;null;null;null;
1986-07-31;18;135,9;null;null;158;6,967391;5;7,5;null;968,090217;27,329032;20,79871;null;69,362903;6,6;1,841304;69,258065;
1986-08-31;18;151,1;null;null;173,1;6,516129;7;59,5;null;965,512903;28,835484;21,597419;null;68,580645;5;1,594624;66,580645;
1986-09-30;null;null;null;null;null;null;null;null;null;null;null;null;null;null;null;null;null;
1986-10-31;18;167,2;null;null;149,6;8,021739;14;29,5;null;964,304348;29,654839;22,775484;null;67,483871;5;1,654348;68,290323;
1986-11-30;null;null;null;null;null;null;null;null;null;null;null;null;null;null;null;null;null;
1986-12-31;18;129;null;null;155,2;7,771739;11;105;null;962,929348;30,083871;23,407097;null;75,540323;3,6;1,223913;66,322581;
1987-01-31;18;169,3;null;null;211,2;6,225806;4;10,7;null;962,692473;32;24,616129;null;76,362903;7,6;1,586022;71,903226;
1987-02-28;18;199,5;null;null;209,3;7,072289;12;35,1;null;963,297619;33,232143;25,672143;null;75,196429;4,6;1,896429;71,321429;
1987-03-31;18;133,8;null;null;148,2;7,774194;18;330,3;null;961,688172;30,822581;24,282581;null;78,080645;4,3;1,176344;64,83871;
1987-04-30;18;88,4;null;null;171;6,844444;13;98,9;null;963,55;29,12;23,042;null;81,341667;5,5;1,243333;67,633333;
1987-05-31;0;72,1;null;null;166,3;5,784946;14;144,8;null;963,832258;28,248387;22,03871;null;85,709677;3,3;,919355;67,677419;
1987-06-30;18;88,2;null;null;119;6,822222;7;16,3;null;965,845556;26,87;21,158;null;82,691667;3,8;1,003333;66,366667;
1987-07-31;18;117,9;null;null;179,6;6,44086;10;25,1;null;965,887097;27,812903;21,183226;null;79,08871;4;1,158065;69,83871;
1987-08-31;18;170,4;null;null;210,3;5,537634;2;2,7;null;965,462366;29,483871;21,834839;null;68,209677;4,1;1,349462;71,806452;
1987-09-30;18;172;null;null;172,2;6,755556;9;10,4;null;965,131111;30,293333;22,990667;null;69,108333;4,6;1,671111;68;
1987-10-31;0;257;null;null;212,4;6,645161;2;1,4;null;961,719355;33,33871;25,368387;null;59,951613;4,3;1,451613;62,809524;
1987-11-30;18;158,3;null;null;141,9;8,511111;11;170,6;null;962,03;31,193333;24,73;null;71,208333;3,3;1,076667;66,933333;
1987-12-31;18;124,6;null;null;113,9;8,88172;15;163,6;null;962,112903;30,267742;24,557419;null;75,508065;5,8;1,111828;66,741935;
1988-01-31;18;151,7;null;null;193;7,258065;13;100,7;null;962,156989;31,441935;24,880645;null;73,741935;6;1,156989;70,032258;
1988-02-29;18;180;null;null;187,1;6,988506;4;44,2;null;960,431034;33,17931;25,868966;null;63,560345;4,8;1,635632;75,103448;
1988-03-31;18;118,1;null;null;164,5;8,182796;21;272,5;null;962,104301;30,43871;24,300645;null;79,322581;6,1;1,41828;66,225806;
1988-04-30;18;96,2;null;null;166,4;6,855556;15;141,1;null;962,603333;29,586667;23,582667;null;81,583333;4,6;1,4;69,766667;
1988-05-31;18;97,7;null;null;170,7;7,043011;5;23,8;null;964,268817;28,454839;22,211613;null;82,072581;3,3;1,07957;70,258065;
1988-06-30;18;116,5;null;null;147,9;7,944444;12;27;null;966,441111;26,673333;20,641333;null;79,316667;5;1,553333;70,866667;
1988-07-31;null;null;null;null;null;null;null;null;null;null;null;null;null;null;null;null;null;
1988-08-31;18;152,6;null;null;null;7,771739;12;24,4;null;967,613043;26,287097;19,849677;null;74,314516;4,6;1,788043;66,419355;
1988-09-30;18;197,3;null;null;165,9;6,9;5;24;null;965,926667;29,096667;21,993333;null;67,233333;5,5;1,907778;69,533333;
1988-10-31;18;183,4;null;null;150,2;8,326087;12;64,1;null;962,512903;30,196774;23,582581;null;70,669355;4,6;1,560215;67,064516;
1988-11-30;18;181,1;null;null;157,3;7,3;9;66;null;962,884444;30,94;23,946;null;68,933333;4,3;1,61;70,733333;
1988-12-31;0;93,3;null;null;null;8,064516;12;151,7;null;961,664516;28,645161;22,804516;null;82,370968;4;,915054;68,741935;
1989-01-31;18;145,4;null;null;205,2;6,83871;11;45,5;null;961,929032;31,348387;24,169677;null;69,887097;4,1;1,475269;70,806452;
1989-02-28;18;156,4;null;null;198,2;7,630952;6;29,6;null;961,867857;32,225;25,09;null;64,875;5,3;1,184524;72,785714;
1989-03-31;18;143,6;null;null;186,5;8,354839;15;125,2;null;961,41828;31,3;24,257419;null;78,967742;4,8;1,231183;71,935484;
1989-04-30;null;null;null;null;null;null;null;null;null;null;null;null;null;null;null;null;null;
1989-05-31;null;null;null;null;null;null;null;null;null;null;null;null;null;null;null;null;null;
1989-06-30;null;null;null;null;null;null;null;null;null;null;null;null;null;null;null;null;null;
1989-07-31;null;null;null;null;null;null;null;null;null;null;null;null;null;null;null;null;null;
1989-08-31;null;null;null;null;null;null;null;null;null;null;null;null;null;null;null;null;null;
1989-09-30;null;null;null;null;null;null;null;null;null;null;null;null;null;null;null;null;null;
1989-10-31;null;null;null;null;null;null;null;null;null;null;null;null;null;null;null;null;null;
1989-11-30;null;null;null;null;null;null;null;null;null;null;null;null;null;null;null;null;null;
1989-12-31;null;null;null;null;null;null;null;null;null;null;null;null;null;null;null;null;null;
1990-01-31;null;null;null;null;null;null;null;null;null;null;null;null;null;null;null;null;null;
1990-02-28;null;null;null;null;null;null;null;null;null;null;null;null;null;null;null;null;null;
1990-03-31;null;null;null;null;null;null;null;null;null;null;null;null;null;null;null;null;null;
1990-04-30;null;null;null;null;null;null;null;null;null;null;null;null;null;null;null;null;null;
1990-05-31;null;null;null;null;null;null;null;null;null;null;null;null;null;null;null;null;null;
1990-06-30;null;null;null;null;null;null;null;null;null;null;null;null;null;null;null;null;null;
1990-07-31;null;null;null;null;null;null;null;null;null;null;null;null;null;null;null;null;null;
1990-08-31;null;null;null;null;null;null;null;null;null;null;null;null;null;null;null;null;null;
1990-09-30;null;null;null;null;null;null;null;null;null;null;null;null;null;null;null;null;null;
1990-10-31;null;null;null;null;null;null;null;null;null;null;null;null;null;null;null;null;null;
1990-11-30;null;null;null;null;null;null;null;null;null;null;null;null;null;null;null;null;null;
1990-12-31;null;null;null;null;null;null;null;null;null;null;null;null;null;null;null;null;null;
1991-01-31;null;null;null;null;null;null;null;null;null;null;null;null;null;null;null;null;null;
1991-02-28;null;null;null;null;null;null;null;null;null;null;null;null;null;null;null;null;null;
1991-03-31;null;null;null;null;null;null;null;null;null;null;null;null;null;null;null;null;null;
1991-04-30;null;null;null;null;null;null;null;null;null;null;null;null;null;null;null;null;null;
1991-05-31;null;null;null;null;null;null;null;null;null;null;null;null;null;null;null;null;null;
1991-06-30;null;null;null;null;null;null;null;null;null;null;null;null;null;null;null;null;null;
1991-07-31;null;null;null;null;null;null;null;null;null;null;null;null;null;null;null;null;null;
1991-08-31;null;null;null;null;null;null;null;null;null;null;null;null;null;null;null;null;null;
1991-09-30;null;null;null;null;null;null;null;null;null;null;null;null;null;null;null;null;null;
1991-10-31;null;null;null;null;null;null;null;null;null;null;null;null;null;null;null;null;null;
1991-11-30;null;null;null;null;null;null;null;null;null;null;null;null;null;null;null;null;null;
1991-12-31;null;null;null;null;null;null;null;null;null;null;null;null;null;null;null;null;null;
1992-01-31;null;null;null;null;null;null;null;81,6;null;962,208333;23,422222;null;15,133333;null;null;null;null;
1992-02-29;null;null;null;null;null;null;null;113,1;null;965,661017;27,79;22,181;13,46;82;1,6;null;null;
1992-03-31;18;100;null;null;183,9;8,55914;15;117,8;null;965,113978;29,225806;20,411613;null;81,862903;3,3;1,033333;73,064516;
1992-04-30;0;94,7;null;null;161,8;7,955556;null;81,4;null;963,825556;29,526667;20,177333;null;82,208333;2,8;,977333;76,533333;
1992-05-31;0;90,3;null;null;194;6,451613;null;35,1;null;964,305376;28,670968;null;null;82,645161;2,6;,622581;77,225806;
1992-06-30;null;83,6;null;null;40,7;8,944444;null;86,3;null;967,43;25,606667;null;null;84,433333;null;null;72,2;
1992-07-31;18;82,5;null;null;91,5;8,942029;null;41,6;null;969,810145;20,948387;null;null;null;4,1;,877083;73,548387;
1992-08-31;null;115,5;null;null;null;9,209677;null;6;null;967,501613;21,103571;null;null;null;2,5;null;72,096774;
1992-09-30;18;94,4;null;null;null;8,616667;null;44,6;null;966,176667;21,048276;null;null;null;3;,990385;73,766667;
1992-10-31;18;140,1;null;null;133,1;8,096774;null;21,6;null;965,080645;23,227586;null;null;null;3,6;1,4875;75,419355;
1992-11-30;null;113,9;null;null;null;8,966667;null;91,8;null;963,933333;23,410345;null;null;null;3,5;null;75,133333;
1992-12-31;18;74,5;null;null;89,8;9,5;16;258,5;null;963,424194;22,623333;null;null;null;6,1;1,120968;68,677419;
1993-01-31;null;null;null;null;null;null;null;0;null;null;null;null;null;null;null;null;null;
1993-02-28;18;104;null;null;163,2;8,160714;null;50,9;null;963,725;23,757143;null;null;null;3,3;1,05;76,642857;
1993-03-31;0;178,1;null;null;255,1;6,693548;null;5,2;null;963,764516;24,887097;null;null;null;3,3;1,056452;76,444444;
1993-04-30;14;160,6;null;null;null;8,033333;null;3,8;null;963,04;24,353333;null;null;null;3,8;1,181667;76,333333;
1993-05-31;18;120,1;null;null;146,4;7,857143;null;5,1;null;964,246429;22,885714;null;null;null;4,6;1,273214;74,785714;
1993-06-30;18;null;null;null;118,4;8,12;null;5;null;967,374;20,433333;null;null;null;3,3;,988;74,48;
1993-07-31;18;null;null;null;null;7,488889;null;0;null;967,524444;20,504348;null;null;null;3,8;,997826;75,066667;
1993-08-31;18;137,6;null;null;143,1;8,854839;null;1,7;null;967,670968;21,006667;null;null;null;4,1;1,330645;75,032258;
1993-09-30;null;null;null;null;null;null;null;0;null;null;null;null;null;null;null;null;null;
1993-10-31;null;null;null;null;null;null;null;0;null;964,428125;24,2875;null;null;null;4,1;null;null;
1993-11-30;null;null;null;null;null;null;null;2,1;null;962,958537;24,085714;null;null;null;5;null;null;
1993-12-31;18;186;null;null;159,9;8,875;null;56,5;null;962,398214;24,776;null;null;null;3,3;1,232143;77,5;
1994-01-31;null;null;null;null;null;null;null;,9;null;null;null;null;null;null;null;null;null;
1994-02-28;null;null;null;null;null;null;null;145,5;null;962,669444;25,377778;null;null;null;3,5;null;null;
1994-03-31;null;null;null;null;null;null;null;160,3;null;962,6475;24,765;null;null;null;7,5;null;null;
1994-04-30;null;null;null;null;null;null;null;198,3;null;964,702857;23,6;null;null;null;3,3;null;null;
1994-05-31;14;null;null;null;122,4;8,42;null;32,2;null;965,486;22,033333;null;null;null;3;,958333;73,32;
1994-06-30;null;118;null;null;null;9,15;null;0;null;967,668333;21,9;null;null;null;3,3;null;73,766667;
1994-07-31;0;86,9;null;null;92,8;8,83871;null;44,2;null;968,140323;20,14;null;null;null;4,6;,691667;70,967742;
1994-08-31;0;140,7;null;null;173,3;8,206349;null;18,1;null;967,445161;20,507143;null;null;null;3;,5;74,290323;
1994-09-30;null;121,3;null;null;116;9,05;null;24;null;966,563333;21,64;null;null;null;8,5;null;74,266667;
1994-10-31;0;null;null;null;null;9;null;7,3;null;963,504167;24,170833;null;null;null;4,5;1,13125;74,958333;
1994-11-30;0;180,4;null;null;171,9;6,53012;null;114,9;null;962,63494;30,368966;null;null;69,49;5;1,319277;71,368421;
1994-12-31;0;170,9;null;null;163;7,666667;null;22,1;null;962,62963;32,406897;null;null;70,59375;3,5;1,151852;72,603774;
1995-01-31;0;271,1;null;null;237,3;7,182796;null;56,6;null;962,470968;34,06129;26,1;18,155556;66,903226;6;1,207527;71,774194;
1995-02-28;18;252,1;null;null;207,9;7,821429;null;15,6;null;962,572619;34,671429;27,163571;19,196429;68,767857;10,5;1,555952;74,428571;
1995-03-31;14;223,3;null;null;193,7;7,408602;null;109,6;null;962,047312;33,225806;26,35871;18,683871;73,846774;5;1,336559;76,096774;
1995-04-30;0;118,3;null;null;161,4;8,288889;17;104;null;962,351111;29,806667;24,204667;18,09;84,725;7,7;1,171111;71,566667;
1995-05-31;0;97,8;null;null;125,8;8,376623;null;75,5;null;964,430263;25,774194;23,074667;17,990323;86,866667;5;,989474;73,661017;
1995-06-30;18;127,6;null;null;147,5;8,122222;null;45,1;null;966,753333;27,006667;21,977333;17,816667;80,7;3,3;1,268889;69,932203;
1995-07-31;18;90;null;null;130,7;7,917808;16;51,4;null;967,530137;25,627586;20,9888;17,106897;85,705882;4,5;1,321918;66,833333;
1995-08-31;18;null;null;null;167,8;6,361111;null;47,5;null;966,893056;27,9;21,815833;16,844;74,369048;4,1;1,440278;68,255319;
1995-09-30;18;197,3;null;null;185,1;6,758621;null;11,5;null;967,167816;29,76;23,568966;19,016667;63,625;5,5;1,873563;72,241379;
1995-10-31;18;244,7;null;null;185,7;6,555556;null;23,6;null;963,064444;32,293548;25,848387;20,809677;60,8125;4,1;1,584444;71,864407;
1995-11-30;18;171,9;null;null;122,4;8,772727;17;191;null;962,868182;30,643333;24,850667;20,87;76,6875;5;1,882955;64,655172;
1995-12-31;18;120,8;null;null;137,1;8,795699;17;333,2;null;962,22043;29,896774;24,692903;20,929032;79,870968;9,1;1,369892;61,483871;
1996-01-31;18;155,8;null;null;226,9;6,355556;null;11,9;null;961,806667;30,612903;25,322759;21,34;69,948276;4;1,365556;70,733333;
1996-02-29;18;206,4;null;null;235,3;5,235294;4;12,1;null;961,690588;32,737931;26,776296;21,993103;59,944444;3,8;1,697647;73,965517;
1996-03-31;18;234,7;null;null;245,3;6,408602;null;36;null;961,270968;34,464516;27,704516;22,867742;60,516129;3,6;1,446237;73,612903;
1996-04-30;18;157,9;null;null;174,5;7,555556;15;83;null;963,087778;30,556667;25,302;21,46;71,291667;4,6;1,654444;71,033333;
1996-05-31;18;158,6;null;null;190;6,473118;null;30,5;null;964,64086;29,354839;24,092903;19,996774;68,266129;3,8;1,248387;71,935484;
1996-06-30;18;147,3;null;null;145,4;6,377778;null;43,2;null;967,285556;26,986667;22,048;18,183333;71,541667;5;1,714444;69,5;
1996-07-31;18;186,4;null;null;167,7;6,591398;null;6,6;null;968,473118;27,212903;21,864516;17,183871;65,66129;4,1;1,622581;69,870968;
1996-08-31;18;169,6;null;null;138,9;6,903226;null;76,3;null;967,524731;27,606452;22,365806;18,806452;73,040323;3,3;1,54086;69,354839;
1996-09-30;18;207,3;null;null;173,9;6,355556;null;19,4;null;966,052222;29,806667;23,810667;19,39;66,916667;4,1;1,666667;67,866667;
1996-10-31;23;212;null;null;168,8;7,131868;null;147,2;null;963,48;30,916129;25,157241;20,796774;70,577586;3,8;1,265169;72,131148;
1996-11-30;18;166,2;null;null;127,1;8,388889;19;158,6;null;961,883333;30,053333;24,797333;20,966667;77,008333;5,8;1,731111;65,6;
1996-12-31;18;200,1;null;null;214,7;5,967742;null;70,5;null;961,858065;31,996774;26,036129;21,56129;72,322581;8,1;1,392473;70,354839;
1997-01-31;18;174,4;null;null;190;6,522222;null;212;null;961,72967;31,287097;25,620667;22,041935;78,083333;7,6;1,604396;70,8;
1997-02-28;18;122,6;null;null;132,7;7,630952;21;180,5;null;963,520238;29,728571;24,446429;21,171429;81,410714;5;1,711905;69,071429;
1997-03-31;18;75,1;null;null;null;8,333333;26;814,7;null;962,384946;27,935484;23,31871;20,754839;88,370968;5,3;1,476344;62,580645;
1997-04-30;18;81,4;null;null;null;7,333333;21;228,2;null;964,244444;27,923333;23,510667;20,636667;87,183333;4,1;1,236667;58,4;
1997-05-31;18;86,2;null;null;107,9;7,296703;17;78,8;null;966,483516;25,622581;21,745806;19,058065;87,1;4,1;1,516484;57,166667;
1997-06-30;18;96,5;null;null;166,6;5,822222;null;41,9;null;965,557778;26,846667;21,568;18,21;84,075;3,5;1,143333;55,166667;
1997-07-31;18;101,4;null;null;157,2;7,255556;null;69,1;null;968,846739;25,006452;20,410323;17,403226;83,033333;4,6;1,566304;53,278689;
1997-08-31;18;149,5;null;null;201,5;6,204301;null;9,7;null;968,952688;26,512903;21,127097;17,432258;75,580645;4,5;1,669892;57,258065;
1997-09-30;18;185;null;null;212,5;6,134831;null;,4;null;964,185556;31,05;24,356;19,526667;68,583333;3,3;1,357778;55,75;
1997-10-31;18;193,2;null;null;189,3;7,548387;null;64,6;null;962,807527;31,26129;25,314839;20,706452;71,16129;4,8;1,404301;49,83871;
1997-11-30;18;177,5;null;null;203,5;6,1;null;48,5;null;962,716667;31,7;25,634667;21,36;72,083333;5,8;1,351111;54,166667;
1997-12-31;18;175,4;null;null;210,6;6,340659;null;62,9;null;962,237363;31,845161;26,014667;21,751613;73,366667;6,3;1,441758;55,166667;
1998-01-31;18;171,6;null;null;183;7,301075;18;246,9;null;962,015054;32,096774;26,385806;22,380645;75,814516;5,5;1,353763;49,83871;
1998-02-28;18;146,5;null;null;202,5;6,321429;null;140,4;null;963,333333;31,789286;26,429286;22,485714;75,955357;3,6;1,32381;48,571429;
1998-03-31;18;210,9;null;null;241,1;6,107527;null;7,4;null;962,308602;33,345161;27,344516;22,703226;68,225806;4,6;1,784946;54,032258;
1998-04-30;18;210,1;null;null;223,8;5,155556;null;10,2;null;963,358889;32,9;26,778;22,366667;68,083333;5,3;1,751111;52,833333;
1998-05-31;18;167,2;null;null;202,4;5,55914;null;19,8;null;965,563441;30,616129;24,792903;20,322581;70,354839;4,1;1,553763;55,322581;
1998-06-30;18;139,9;null;null;155;6,555556;null;33,6;null;968,124444;27,903333;22,736667;18,793333;73,016667;4,8;1,942222;53,833333;
1998-07-31;18;154,7;null;null;209,2;6,795699;null;34,4;null;967,645161;28,496774;22,994194;18,929032;70,403226;6,5;1,73871;54,516129;
1998-08-31;18;158,6;null;null;195,6;6,376344;null;20,6;null;966,856989;29,367742;23,516774;19,035484;69,443548;5,5;1,704301;54,677419;
1998-09-30;18;209,1;null;null;235,2;6,744444;null;5,7;null;965,797778;31,633333;24,953333;19,88;62,933333;4,5;2,135556;56,95082;
1998-10-31;18;229,7;null;null;202,4;6,83871;null;28,8;null;964,147312;32,506452;25,843871;21,193548;64,443548;4,1;1,798913;53,873016;
1998-11-30;18;109,2;null;null;89,3;8,344444;15;231,3;null;961,693333;29,78;24,624;21,403333;82,191667;4,6;1,268889;52,333333;
1998-12-31;18;128,4;null;null;157,3;7,449438;null;57,9;null;962,288764;29,867742;24,710667;21,36129;78,87931;8,3;1,407865;54,590164;
1999-01-31;18;174,1;null;null;179,6;6,365591;null;54,9;null;961,655914;30,912903;25,513548;21,645161;72,870968;3,6;1,387097;55,16129;
1999-02-28;18;140,1;null;null;145;7,97619;15;96,5;null;962,293976;30,810714;25,482857;21,746429;76,142857;4,1;1,438095;52,857143;
1999-03-31;18;142,2;null;null;194,8;7,010753;null;158,3;null;961,032258;30,535484;25,029677;21,312903;76,612903;5,8;1,308602;54,83871;
1999-04-30;18;138,8;null;null;175,5;7,3;null;56,5;null;963,693333;29,636667;24,614667;20,893333;78,291667;4,1;1,538889;54;
1999-05-31;18;100,9;null;null;130,4;8,096774;null;46,5;null;965;27,925806;23,091613;19,841935;81,975806;5,5;1,396774;49,83871;
1999-06-30;18;107,9;null;null;144,4;7,455556;null;53,5;null;965,903333;27,456667;22,444;19,36;80,041667;4,1;1,165556;49,333333;
1999-07-31;18;111,3;null;null;146,1;7,666667;null;31,3;null;968,13871;26,225806;21,243226;17,756667;78,5;5;1,680645;42,258065;
1999-08-31;18;146,3;null;null;160,1;7,612903;null;126,6;null;968,267742;26,945161;21,48;17,593548;73,580645;5;1,666304;51,854839;
1999-09-30;14;154,1;null;null;181;7;null;64;null;964,746667;28,223333;22,586;18,373333;73,541667;3,1;1,306667;49,833333;
1999-10-31;18;114,9;null;null;140;7,236559;null;152;null;964,74086;27,603226;22,795484;19,383871;79,91129;5;1,367742;45,564516;
1999-11-30;18;68,5;null;null;90,5;7,722222;18;185,5;null;962,901111;28,366667;23,4;20,373333;82,55;5,6;1,113636;44;
1999-12-31;18;83,9;null;null;122,8;7,55914;20;405;null;962,282796;29,3;23,772258;20,603226;79,467742;5,5;1,250538;48,709677;
2000-01-31;18;110;null;null;167,9;6,806452;13;84,3;null;961,336559;30,706452;24,877419;21,216129;74,596774;4;1,262366;53,064516;
2000-02-29;14;113,6;null;null;203,2;7,149425;14;93,9;null;962,790805;31,137931;25,36069;21,375862;72,396552;8,3;1,386207;55;
2000-03-31;18;91,9;null;null;178,9;7,494624;23;185,7;null;962,170968;29,596774;24,260645;20,96129;79,322581;3,3;1,293548;46,451613;
2000-04-30;18;79,9;null;null;159,1;7,688889;17;167,7;null;963,388889;29,24;23,936667;20,976667;80,608333;3,3;1,255556;48,5;
2000-05-31;18;73,5;null;null;159,7;7,301075;16;76,9;null;964,930108;27,86129;22,76;19,822581;81,201613;3,3;1,131522;48,145161;
2000-06-30;18;72,2;null;null;149,3;6,744444;16;79,1;null;966,65;26,783333;19,768;18,19375;79,908333;4;1,449438;48,25;
2000-07-31;18;87,7;null;null;182,2;6,967742;14;66,3;null;966,456989;26,532258;21,165161;17,767742;77,024194;3,6;1,306452;47,822581;
2000-08-31;18;125,8;null;null;190,9;6,580645;8;20,6;null;967,047312;28,203226;22,168387;18,116129;69,475806;3,3;1,401075;54,435484;
2000-09-30;18;138,8;null;null;152;7,511111;7;28;null;965,765556;28,84;23,227333;19,106667;66,9;3,6;1,621348;51,694915;
2000-10-31;18;201;null;null;206,6;6,215054;6;31,2;null;964,668817;32,422581;25,274839;20,287097;55,645161;3,5;1,360215;48,548387;
2000-11-30;14;123,7;null;null;150;7,488889;11;139,3;null;961,875556;30,553333;24,912667;21,136667;70,241667;4,1;1,256667;49,416667;
2000-12-31;14;88;null;null;116,6;7,763441;15;287,7;null;962,38172;29,335484;24,141935;20,677419;77,975806;5,5;1,401075;49,354839;
2001-01-31;18;121,5;null;null;192,7;6,763441;11;41,1;null;964,021505;30,154839;24,336129;20,587097;71,104839;3,3;1,4;43,571429;
2001-02-28;14;167;null;null;218,1;5,571429;3;5,5;null;962,011905;33,546429;26,486429;21,328571;57,321429;4,5;1,327381;42,261905;
2001-03-31;18;114;null;null;162,3;7,27957;14;214,3;null;963,127957;30,819355;25,163871;21,225806;70,467742;5,5;1,173118;40,645161;
2001-04-30;18;105,5;null;null;171,5;7,188889;17;124;null;963,903333;29,99;24,216667;20,22;72,058333;3,3;1,217778;41;
2001-05-31;18;95,9;null;null;194,3;6,247312;12;40;null;963,977419;30,680645;24,240645;20,280645;72,572581;3,3;1,063441;40,752688;
2001-06-30;18;86,6;null;null;144,3;7,522222;16;110,1;null;967,356667;27,08;21,823333;18,3;76,783333;3,1;1,307778;42,444444;
2001-07-31;18;117,9;null;null;172;7,473118;7;17,9;null;967,705376;27,948387;21,871613;17,622581;68,935484;4;1,402151;42,365591;
2001-08-31;14;111,1;null;null;144,1;8,247312;19;67,4;null;969,678495;27,074194;21,303871;17,148387;70,983871;4;1,584946;39,569892;
2001-09-30;18;130;null;null;160;7,766667;11;72;null;965,65;29,526667;23,297333;18,85;64,708333;4,6;1,564444;40,555556;
2001-10-31;18;142,8;null;null;156,6;8,225806;14;103,9;1013,28587;964,195699;30,819355;24,420645;19,967742;66,701613;4,5;1,424731;39,247312;
2001-11-30;18;160,9;null;null;165,5;7,855556;5;17,7;1011,182022;962,062222;32,51;25,963333;21,2;58,991667;4,3;1,277778;41,111111;
2001-12-31;18;139,1;null;null;169,7;7,709677;13;112,5;1011,4;962,477419;31,335484;25,136774;21,267742;69,709677;6,6;1,427957;42,096774;
2002-01-31;18;86,5;null;null;144,6;8,247312;17;410,1;1011,824176;962,203226;29,835484;24,4;20,729032;77,991935;6,6;1,263226;35,967742;
2002-02-28;14;109,9;null;null;202,4;7,160714;8;121,4;1012,84878;963,152381;30,775;24,676429;20,446429;70,053571;6;1,195431;41,214286;
2002-03-31;18;118,7;null;null;178,9;7,260753;16;38;1013,027957;963,170968;30,787097;24,899355;21,216129;70,290323;3,3;1,374477;40,215054;
2002-04-30;18;108,3;null;null;207,1;7,094444;16;49,2;1012,636667;963,568889;30,55;24,652667;20,77;70,791667;3,8;1,132615;42,555556;
2002-05-31;18;103,5;null;null;196,9;6,709677;10;62;1014,784783;965,13871;28,177419;22,625161;18,835484;73,258065;3,3;1,305446;41,290323;
2002-06-30;18;76,4;null;null;123,8;8,152778;22;69,4;1018,043529;968,078652;26,676667;21,766667;18,316667;76,666667;3,3;1,305628;41,244444;
2002-07-31;18;100,4;null;null;167;7,698925;10;28,7;1017,582418;967,907527;28,177419;22,177419;18,070968;71,193548;3,3;1,080645;43,16129;
2002-08-31;18;136,3;null;null;203,2;7,591398;16;34,2;1017,95914;968,170652;29,103226;22,337419;17,590323;66,362903;6,1;1,895652;41,397849;
2002-09-30;18;117,4;null;null;147,1;7,966667;12;92,8;1015,147778;965,853333;29,986667;23,626;18,996667;67,758333;4,5;1,474444;38,388889;
2002-10-31;18;175,8;null;null;236,3;6,860215;4;1,8;1013,301075;964,144086;32,122581;24,872258;19,712903;55,991935;4,1;1,458065;40,967742;
2002-11-30;18;156,6;null;null;207,5;6,8;10;183,4;1012,842045;963,693333;32,54;25,471333;20,533333;62,516667;3,3;1,25;40,222222;
2002-12-31;18;146,6;null;null;181,8;7,225806;11;127,5;1011,563441;962,693548;32,796774;25,652903;20,735484;64,806452;6,6;1,42043;38,387097;
2003-01-31;18;134,6;138,78211;138,78211;207,1;7,462366;9;164,2;1011,697849;962,964516;32,58;25,904516;21,113333;70,104839;5,3;1,31828;40,107527;
2003-02-28;18;141,9;124,081047;124,081047;215,2;7,702381;11;26,2;1012,329762;963,634524;32,796429;25,974286;21,146429;64,285714;4;1,571429;42,97619;
2003-03-31;18;159,5;138,283477;138,283477;214,5;8,075269;13;151,3;1011,4;962,655914;33,103226;26,375484;21,496774;64,379032;3,3;1,227957;42,688172;
2003-04-30;18;141,4;124,247703;29,735476;203,4;7,477778;9;14,6;1012,519101;963,51;32,163333;25,930667;21,116667;63,983333;4;1,354444;42,711111;
2003-05-31;18;96;97,277609;95,7;128,9;7,72043;14;95,7;1014,6;965,247312;29,193548;23,69871;19,783871;73,830645;4,5;1,33871;38,924731;
2003-06-30;18;74,7;73,251253;49,9;160,1;7,955556;16;49,9;1016,581111;966,784444;27,363333;21,772;18,133333;77,025;3,1;1,081111;39,444444;
2003-07-31;18;110,1;69,362451;48,6;159,9;7,526882;11;48,6;1018,646237;968,64086;27,216129;21,169032;16,964516;70,701613;4,6;1,646237;39,623656;
2003-08-31;18;103,7;80,846205;49,2;161,7;7,473118;15;49,2;1017,546237;967,763441;28,332258;22,195484;18,062069;72,459677;4,6;1,352174;40,903226;
2003-09-30;18;134,6;null;null;186,6;7,711111;9;35,5;1016,234444;966,625556;30,043333;23,287333;18,527586;63,408333;5,9;1,652222;40,788889;
2003-10-31;18;214,9;null;null;221,9;7,44086;6;14,7;1013,245161;964,304301;32,809677;25,410968;20,016129;53,870968;4,8;1,73871;43,763441;
2003-11-30;14;140,7;null;null;179,8;7,611111;8;118,2;1011,783333;962,817778;31,826667;25,134667;20,446667;65,05;4,1;1,383333;40,333333;
2003-12-31;14;186,1;null;null;223,8;6,55914;6;20,4;1011,063441;962,396774;34,003226;26,563226;20,806452;57,846774;4,1;1,554839;43,225806;
2004-01-31;18;128,2;null;null;133,1;8,430108;22;406,1;1010,182796;961,358065;31,277419;25,454839;21,345161;73,25;5,5;1,341935;38,44086;
2004-02-29;18;105,6;null;null;165,7;7,563218;15;80,7;1011,824138;962,889655;30,768966;25,106897;21,065517;73,948276;5,8;1,170115;42,747126;
2004-03-31;14;74,6;null;null;129,8;8,365591;21;249,4;1012,106452;963,027957;29,790323;24,151613;20,383871;79,58871;2,8;1,055914;41,397849;
2004-04-30;18;86,5;null;null;175,6;6,933333;15;88,3;1012,992222;963,821111;29,52;24,064667;20,73;78,55;4,1;1,092222;44,555556;
2004-05-31;18;80,3;null;null;168,9;7,010753;13;41,3;1015,011828;965,569892;28,451613;23,098065;19,629032;79,685484;4,1;1,249462;44,945652;
2004-06-30;18;69,9;null;null;143;7,888889;17;40,9;1018,41;968,526667;26,706667;21,501333;17,83;80,3;4,1;1,35;43,611111;
2004-07-31;18;91,8;null;null;173,4;7,11828;15;27,6;1017,693548;967,631183;26,43871;20,868387;16,796774;75,443548;3,3;1,259524;43,172043;
2004-08-31;18;149;null;null;232;6,408602;3;12,3;1017,896774;967,997849;28,674194;22,520645;18,519355;63,459677;4;1,335484;45,268817;
2004-09-30;18;176,7;null;null;235,3;6,866667;5;3,2;1016,025556;966,55;30,4;23,484667;18,56;56,866667;3,6;1,69;45,222222;
2004-10-31;18;154,8;null;null;188,2;7,139785;18;39,3;1012,830108;963,745161;30,764516;24,61871;20,380645;63,604839;12,6;1,586022;44,55914;
2004-11-30;14;191,3;null;null;193,1;7,366667;10;298,2;1011,214444;962,436667;32,31;25,817333;21,353333;60,95;5;1,651111;41,355556;
2004-12-31;14;137;null;null;196,5;6,653226;4;10,2;1011,227957;962,419355;30,964516;25,272903;21,229032;68,935484;3,2;1,175735;45;
2005-01-31;18;119,2;null;null;183;7,451613;10;145,8;1010,496774;961,624731;30,909677;25,574839;22,045161;74,233871;6,3;1,549462;42,849462;
2005-02-28;14;94,6;null;null;141,4;7,952381;15;329,3;1010,661905;961,740476;30,739286;25,356429;21,982143;76,741071;4,6;1,533333;44,52381;
2005-03-31;14;86,9;null;null;177,1;7,172043;12;218,5;1011,801075;962,94086;30,345161;25,273548;22,022581;78,298387;3,3;1,030108;44,516129;
2005-04-30;18;58,4;null;null;139,3;8,4;22;142,6;1013,624444;964,298889;28,686207;23,877333;21,286207;85,175;3,8;1,295556;41,933333;
2005-05-31;14;62,2;null;null;159,4;7,795699;16;77;1014,930108;965,32043;27,509677;22,777419;19,912903;82,516129;3,7;1,231183;43,11828;
2005-06-30;14;55,5;null;null;123,4;8,588889;20;82,7;1017,095556;967,196667;26,196667;21,812;19,213333;82,383333;3,6;1,458099;44,111111;
2005-07-31;18;69,3;null;null;166,8;7,516129;15;58;1019,282796;969,036559;25,887097;20,645161;17,374194;80,967742;4,2;1,353763;43,010753;
2005-08-31;18;80,1;null;null;174,1;7,419355;18;71,1;1018,072043;968,153763;27,032258;21,440645;18,041935;79,274194;5,5;1,341935;43,978495;
2005-09-30;18;104,4;null;null;178;7,522222;10;16,9;1015,886667;966,232222;29,19;23,18;19,466667;72,033333;3,7;1,278889;42,888889;
2005-10-31;14;182,7;null;null;264,2;6,322581;2;5,5;1012,913978;963,960215;32,764516;25,432903;20,429032;57,209677;3,2;1,446237;44,516129;
2005-11-30;18;111,9;null;null;162,4;7,236111;16;211,5;1011,387778;961,441111;30,596667;24,5;20,67;71,566667;3,6;1,253345;43,722222;
2005-12-31;14;99,1;null;null;173,9;7,637097;13;149;1010,612903;961,652174;30,167742;24,707742;21,212903;74,129032;3,2;1,357145;44,139785;
2006-01-31;14;147,4;null;null;223,4;7,268817;9;17,6;1011,553763;962,493333;31,941935;25,558065;21,009677;64,443548;4,5;1,616129;45,16129;
2006-02-28;14;175,1;null;null;231,6;6,738095;8;94,2;1009,259524;960,860714;34,242857;27,035714;22,017857;59,669643;3,8;1,379762;45,47619;
2006-03-31;18;114,6;null;null;171;7,634409;19;380,4;1010,868817;962,002151;30,73871;25,352903;21,929032;76,274194;8,3;1,234409;40,053763;
2006-04-30;14;58,2;null;null;137;8,311111;26;339,2;1011,623333;962,468889;28,526667;23,952;21,066667;84,516667;3,3;1,076404;38,888889;
2006-05-31;18;59,8;81,857542;81,857542;141;7,634409;15;194,1;1015,196774;965,523656;26,635484;22,41871;19,587097;82,637097;3,3;,924731;42,580645;
2006-06-30;18;68,9;61,535582;61,535582;120,3;7,6;15;28,1;1017,942222;967,802222;24,77;20,487333;17,56;81,916667;4;1,381111;42,555556;
2006-07-31;18;88,3;62,164615;62,164615;171,6;6,634409;10;25,7;1018,636559;968,026882;25,648387;20,350968;16,806452;78,806452;3,8;1,332258;43,139785;
2006-08-31;18;117,7;81,887433;43,399803;211;6,301075;7;13,3;1017,11087;967,283871;27,890323;22,157419;17,893333;70,435484;4,2;1,348387;44,569892;
2006-09-30;18;139,4;95,941233;2,2;175;7,266667;5;2,2;1015,76;966,272222;29,413333;23,443333;19,233333;64,9;5;1,41;44;
2006-10-31;18;106;109,647723;109,647723;120,7;8,397849;20;201,6;1012,83871;963,509677;29,535484;24,06;20,512903;73,733871;3,3;1,223656;40,326087;
2006-11-30;18;90,2;110,038152;110,038152;150,9;7,674157;18;141,8;1011,431461;962,334444;29,443333;24,166897;20,29;76,658333;2,8;1,135556;41,555556;
2006-12-31;18;114,9;126,151164;126,151164;200,3;6,569892;8;61,1;1011,883871;962,930108;30,603226;25,050968;21,222581;71,145161;11,6;1,220652;43,709677;
2007-01-31;18;148;146,439102;47,348836;211,3;6,677419;6;12,4;1011,315054;962,509677;32,525806;26,4;21,945161;66,016129;3,3;1,387097;44,892473;
2007-02-28;18;84,7;102,438765;102,438765;107,5;8,72619;23;390,1;1011,965476;962,840244;29,546429;24,467857;21,303571;80,526786;4,8;1,486905;42,583333;
2007-03-31;18;96,1;105,432466;105,432466;193,8;7,44086;18;116,1;1013,097849;963,863043;28,883871;23,85871;20,490323;80,056452;3,8;1,263441;43,978495;
2007-04-30;18;83,1;98,937028;98,937028;177,1;7,2;15;209,4;1013,242222;963,917778;28,783333;23,904;20,693333;80,716667;2,5;1,06;43,888889;
2007-05-31;18;89,9;86,088254;86,088254;173,9;6,494624;7;21,5;1014,669565;965,093548;27,725806;22,782;19,477419;81,33871;8,1;1,311828;44,408602;
2007-06-30;18;80,6;68,588619;68,588619;182,4;6,588889;16;68,1;1017,543333;967,540449;26,436667;21,308667;17,886667;80,966667;3,8;1,446667;45,355556;
2007-07-31;18;90,1;70,2983;56,823127;195,8;6,521739;12;21,9;1017,527957;967,5;26,641935;21,246452;17,651613;78,322581;3,3;1,290323;43,913978;
2007-08-31;18;125,5;70,901963;39,2;201;7,258065;11;39,2;1018,095699;968,011828;27,167742;21,196129;16,580645;75,233871;4,3;1,632258;44,301075;
2007-09-30;14;129,2;84,815395;52,1;197,9;7,955556;10;52,1;1017,451111;967,814444;28,73;22,464;17,96;71,016667;3,3;1,573333;44,333333;
2007-10-31;14;171,3;113,560894;29,8;206,7;7,314516;5;29,8;1013,673118;964,331183;30,854839;24,420645;19,922581;66,620968;6,1;1,625157;43,709677;
2007-11-30;18;188,4;130,489089;97,7;203,6;7,4;9;97,7;1010,632222;961,66;32,463333;25,713333;20,946667;67,358333;3,7;1,175419;43,222222;
2007-12-31;18;122,8;123,311499;87,8;207,5;7,30914;7;87,8;1010,83871;961,811828;30,548387;24,795484;20,693548;74,556452;3,3;1,204456;44,784946;
2008-01-31;18;218,8;144,872277;12,3;241,5;7,72043;4;12,3;1010,264516;961,623656;33,193548;26,385806;21,393548;59,725806;3,3;1,448387;43,763441;
2008-02-29;14;165,2;128,512513;128,512513;197,5;7,447674;10;169,3;1010,591954;961,821839;32,624138;26,102069;21,868966;67,344828;4,7;1,488217;45,16092;
2008-03-31;14;127,3;126,56531;126,56531;199,6;8,268817;12;193,4;1010,222581;961,415054;31,613333;25,626;21,432258;73;5;1,432258;43,924731;
2008-04-30;14;101,4;112,287737;112,287737;200,7;7,675;13;97,1;1010,118889;961,345556;30,57;25,045333;21,746667;76,291667;3,3;1,148259;45,388889;
2008-05-31;18;106,8;91,50781;91,50781;189,5;7,612903;14;32,2;1013,658065;964,230108;28,6;23,247742;19,403226;72,056452;4,2;1,208602;44,83871;
2008-06-30;18;96;69,495639;69,051463;164,4;7,644444;15;68,9;1016,475556;966,528889;26,536667;21,39;17,606667;77,475;5;1,5;43,388889;
2008-07-31;18;109,4;64,835607;32,416634;182,4;6,924731;11;23,9;1018,148387;968,168817;25,587097;20,613548;16,441935;74,322581;8,7;1,621739;45,311828;
2008-08-31;18;153,5;83,011033;38,727314;219,8;6,954301;10;32;1015,805376;966,07957;28,670968;22,283226;17,43871;64,532258;3,3;1,396774;45,591398;
2008-09-30;18;153;97,20037;31,434036;174,3;7,411111;7;26,3;1015,127778;965,714444;30,076667;23,706;19,233333;62,783333;3,3;1,408989;44,277778;
2008-10-31;14;209,4;130,234844;13,184556;228,9;7,032258;4;9,7;1013,280645;964,531183;32,512903;25,565806;20,829032;55;5;1,754348;46,602151;
2008-11-30;18;172,8;133,470793;127,290593;166,2;7,161111;14;127,5;1010,473333;961,508889;32,236667;25,825333;21,32;61,4;3,7;1,272222;49,644444;
2008-12-31;18;108,1;124,740244;124,740244;159,5;8,419355;15;160,8;1010,803226;961,77957;29,945161;24,82;21,464516;72,959677;4,2;1,324731;45,397849;
2009-01-31;18;125,9;131,2568;131,2568;213,1;7,408602;18;140,6;1011,852688;962,98172;31,051613;25,443226;21,663636;70,508065;4,2;1,602151;44,032258;
2009-02-28;18;132,8;121,394647;80,1996;178,2;7,642857;12;58,3;1011,057143;962,257143;31,710714;25,794286;21,810714;68,017857;3,7;1,455952;44,821429;
2009-03-31;14;176,2;153,712373;104,592284;251,1;7,032258;8;93,3;1011,182258;962,554839;33,854839;27,337419;22,81875;null;3,2;1,283871;37,016129;
2009-04-30;18;79,4;107,373135;107,373135;163,3;8,833333;21;287,4;1013,966667;964,678333;29,290323;24,593333;21,529412;null;4,2;1,353333;35,65;
2009-05-31;18;77,7;92,69558;92,63519;129,8;8,354839;14;89,2;1015,722581;966,175806;27,38125;23,223226;20,415625;null;3,3;1,529032;36,048387;
2009-06-30;18;79,9;79,11124;77,692545;169,9;7,488889;10;65,1;1016,604444;966,94;27,256667;22,396667;19,476667;78,458333;5;1,562222;43,111111;
2009-07-31;18;102;78,080573;63,165928;196,4;7,021505;10;32,5;1017,011828;967,224731;27,86129;22,017419;18,420588;75,483871;3,3;1,452688;42,880435;
2009-08-31;18;121,7;85,063085;48,766592;193;7,494624;12;24,7;1016,836559;967,094624;28,567742;22,477419;18,522581;74,483871;8;1,970968;42,849462;
2009-09-30;18;156,9;110,487478;34,992024;207,4;7,022222;6;17,4;1015,118889;965,927778;31,193939;24,678;19,740476;66,283333;8;1,945556;43,333333;
2009-10-31;18;114,1;121,655947;121,655947;157,5;7,763441;15;306,1;1012,055435;963,021505;30,803125;24,943871;20,860526;79,83871;8;1,608602;41,311828;
2009-11-30;14;125,5;117,948378;82,261993;213,7;6,6;8;20,3;1012,542222;963,33;30,778125;24,818;21,012903;79,191667;3,3;1,302222;43,055556;
2009-12-31;14;136,4;129,032811;95,663508;180,5;7,516129;11;81,5;1012,249462;963,192473;31,325806;25,183871;21,387097;78,58871;3,3;1,434409;42,580645;
2010-01-31;18;173,4;143,316343;73,247603;248,2;7,860215;11;60,1;1012,616129;963,72043;32,654839;26,18;21,790323;74,862903;3,8;1,677419;43,804348;
2010-02-28;18;163,3;136,645838;31,714286;174,7;8,404762;10;25,3;1011,921429;963,210714;33,346429;26,945714;22,146429;73,633929;4,2;1,495238;44,761905;
2010-03-31;18;135,9;138,283477;108,085014;182,6;8,333333;15;107,2;1011,986022;963,163441;32,022581;26,114839;22,409677;81,596774;3,3;1,462366;43,698925;
2010-04-30;18;86,2;104,917159;104,917159;173,8;8,288889;20;192,5;1013,242222;964,124444;29,303448;24,438667;21,486207;78,266667;3,3;1,234444;41,611111;
2010-05-31;18;85,5;100,808579;80,599923;185,8;7,290323;10;39,2;1013,612903;964,446237;29,029032;23,967097;20,887097;77,75;3;1,172043;46,129032;
2010-06-30;18;109,7;79,11124;29,905149;186;6,744444;3;4,3;1017,496667;967,683333;27,96;22,336667;18,165517;72,041667;4,5;1,714444;46,629213;
2010-07-31;18;99;73,154773;73,154773;156,1;8,419355;19;75,5;1018,335484;968,329032;26,709677;21,581935;18,2;78,072581;4,7;1,548387;41,88172;
2010-08-31;18;137;75,768529;31,942838;182,1;7,83871;13;20,9;1018,384946;968,394624;27,66;21,648966;17,803704;70,290323;4,2;1,537634;44,946237;
2010-09-30;18;165,8;109,224257;28,695257;207,2;7,633333;12;19,7;1016,467416;966,657778;30,22;null;null;62,45;3,3;1,758889;44,111111;
2010-10-31;18;181,3;154,510548;154,510548;214,7;7,27957;9;174;1012,184946;963,405376;32,896667;null;null;62,967742;3,3;1,441935;41,204301;
2010-11-30;18;148,8;143,861914;51,49291;168,7;7,733333;10;33,1;1011,252222;962,325556;31,233333;null;null;68,008333;3,3;1,498889;44,044444;
2010-12-31;18;128,5;126,151164;126,151164;180,1;8;12;131,8;1009,782796;960,909677;31,1;25,046207;20,027586;72,362903;10;1,462222;42,580645;

