Nome: ESC.AGROTEC.DE MANAUS
Codigo Estacao: 82047
Latitude: -3.16999999
Longitude: -59.72999999
Altitude: 93
Situacao: Desativada
Data Inicial: 1984-08-19
Data Final: 2010-12-31
Periodicidade da Medicao: Mensal

Data Medicao;DIRECAO PREDOMINANTE DO VENTO, MENSAL(° (gr));EVAPORACAO DO PICHE, MENSAL(mm);EVAPOTRANSPIRACAO POTENCIAL, BH MENSAL(mm);EVAPOTRANSPIRACAO REAL, BH MENSAL(mm);INSOLACAO TOTAL, MENSAL(h);NEBULOSIDADE, MEDIA MENSAL(décimos);NUMERO DE DIAS COM PRECIP. PLUV, MENSAL(número);PRECIPITACAO TOTAL, MENSAL(mm);PRESSAO ATMOSFERICA, MEDIA MENSAL(mB);TEMPERATURA MAXIMA MEDIA, MENSAL(°C);TEMPERATURA MEDIA COMPENSADA, MENSAL(°C);TEMPERATURA MINIMA MEDIA, MENSAL(°C);UMIDADE RELATIVA DO AR, MEDIA MENSAL(%);VENTO, VELOCIDADE MAXIMA MENSAL(m/s);VENTO, VELOCIDADE MEDIA MENSAL(m/s);VISIBILIDADE, MEDIA MENSAL(codigo);
1984-08-31;null;null;null;null;null;null;null;null;null;null;null;null;null;null;null;null;null;
1984-09-30;null;null;null;null;null;null;null;null;null;null;null;null;null;null;null;null;null;
1984-10-31;null;null;null;null;null;null;null;null;null;null;null;null;null;null;null;null;null;
1984-11-30;null;null;null;null;null;null;null;null;null;null;null;null;null;null;null;null;null;
1984-12-31;null;null;null;null;null;null;null;null;null;null;null;null;null;null;null;null;null;
1985-01-31;null;null;null;null;null;null;null;null;null;null;null;null;null;null;null;null;null;
1985-02-28;null;null;null;null;null;null;null;null;null;null;null;null;null;null;null;null;null;
1985-03-31;null;null;null;null;null;null;null;null;null;null;null;null;null;null;null;null;null;
1985-04-30;null;null;null;null;null;null;null;null;null;null;null;null;null;null;null;null;null;
1985-05-31;null;null;null;null;null;null;null;null;null;null;null;null;null;null;null;null;null;
1985-06-30;null;null;null;null;null;null;null;null;null;null;null;null;null;null;null;null;null;
1985-07-31;null;null;null;null;null;null;null;null;null;null;null;null;null;null;null;null;null;
1985-08-31;null;null;null;null;null;null;null;null;null;null;null;null;null;null;null;null;null;
1985-09-30;null;null;null;null;null;null;null;null;null;null;null;null;null;null;null;null;null;
1985-10-31;null;null;null;null;null;null;null;null;null;null;null;null;null;null;null;null;null;
1985-11-30;null;null;null;null;null;null;null;null;null;null;null;null;null;null;null;null;null;
1985-12-31;null;null;null;null;null;null;null;null;null;null;null;null;null;null;null;null;null;
1986-01-31;0;50,4;null;null;101;6,98913;23;571;null;30,996774;27,133548;21,619355;96,346774;3;,641304;8,478261;null;
1986-02-28;null;null;null;null;null;null;null;null;null;null;null;null;null;null;null;null;null;
1986-03-31;null;null;null;null;null;null;null;null;null;null;null;null;null;null;null;null;null;
1986-04-30;null;null;null;null;null;null;null;null;null;null;null;null;null;null;null;null;null;
1986-05-31;null;null;null;null;null;null;null;null;null;null;null;null;null;null;null;null;null;
1986-06-30;null;null;null;null;null;null;null;null;null;null;null;null;null;null;null;null;null;
1986-07-31;null;null;null;null;null;null;null;null;null;null;null;null;null;null;null;null;null;
1986-08-31;null;null;null;null;null;null;null;null;null;null;null;null;null;null;null;null;null;
1986-09-30;null;null;null;null;null;null;null;null;null;null;null;null;null;null;null;null;null;
1986-10-31;null;null;null;null;null;null;null;null;null;null;null;null;null;null;null;null;null;
1986-11-30;null;null;null;null;null;null;null;null;null;null;null;null;null;null;null;null;null;
1986-12-31;null;null;null;null;null;null;null;null;null;null;null;null;null;null;null;null;null;
1987-01-31;null;null;null;null;null;null;null;null;null;null;null;null;null;null;null;null;null;
1987-02-28;null;null;null;null;null;null;null;null;null;null;null;null;null;null;null;null;null;
1987-03-31;null;null;null;null;null;null;null;null;null;null;null;null;null;null;null;null;null;
1987-04-30;null;null;null;null;null;null;null;null;null;null;null;null;null;null;null;null;null;
1987-05-31;null;null;null;null;null;null;null;null;null;null;null;null;null;null;null;null;null;
1987-06-30;null;null;null;null;null;null;null;null;null;null;null;null;null;null;null;null;null;
1987-07-31;null;null;null;null;null;null;null;null;null;null;null;null;null;null;null;null;null;
1987-08-31;null;null;null;null;null;null;null;null;null;null;null;null;null;null;null;null;null;
1987-09-30;null;null;null;null;null;null;null;null;null;null;null;null;null;null;null;null;null;
1987-10-31;null;null;null;null;null;null;null;null;null;null;null;null;null;null;null;null;null;
1987-11-30;null;null;null;null;null;null;null;null;null;null;null;null;null;null;null;null;null;
1987-12-31;null;null;null;null;null;null;null;null;null;null;null;null;null;null;null;null;null;
1988-01-31;null;null;null;null;null;null;null;null;null;null;null;null;null;null;null;null;null;
1988-02-29;null;null;null;null;null;null;null;null;null;null;null;null;null;null;null;null;null;
1988-03-31;null;null;null;null;null;null;null;null;null;null;null;null;null;null;null;null;null;
1988-04-30;null;null;null;null;null;null;null;null;null;null;null;null;null;null;null;null;null;
1988-05-31;null;null;null;null;null;null;null;null;null;null;null;null;null;null;null;null;null;
1988-06-30;null;null;null;null;null;null;null;null;null;null;null;null;null;null;null;null;null;
1988-07-31;null;null;null;null;null;null;null;null;null;null;null;null;null;null;null;null;null;
1988-08-31;null;null;null;null;null;null;null;null;null;null;null;null;null;null;null;null;null;
1988-09-30;null;null;null;null;null;null;null;null;null;null;null;null;null;null;null;null;null;
1988-10-31;null;null;null;null;null;null;null;null;null;null;null;null;null;null;null;null;null;
1988-11-30;null;null;null;null;null;null;null;null;null;null;null;null;null;null;null;null;null;
1988-12-31;null;null;null;null;null;null;null;null;null;null;null;null;null;null;null;null;null;
1989-01-31;null;null;null;null;null;null;null;null;null;null;null;null;null;null;null;null;null;
1989-02-28;null;null;null;null;null;null;null;null;null;null;null;null;null;null;null;null;null;
1989-03-31;null;null;null;null;null;null;null;null;null;null;null;null;null;null;null;null;null;
1989-04-30;null;null;null;null;null;null;null;null;null;null;null;null;null;null;null;null;null;
1989-05-31;null;null;null;null;null;null;null;null;null;null;null;null;null;null;null;null;null;
1989-06-30;null;null;null;null;null;null;null;null;null;null;null;null;null;null;null;null;null;
1989-07-31;null;null;null;null;null;null;null;null;null;null;null;null;null;null;null;null;null;
1989-08-31;null;null;null;null;null;null;null;null;null;null;null;null;null;null;null;null;null;
1989-09-30;null;null;null;null;null;null;null;null;null;null;null;null;null;null;null;null;null;
1989-10-31;null;null;null;null;null;null;null;null;null;null;null;null;null;null;null;null;null;
1989-11-30;null;null;null;null;null;null;null;null;null;null;null;null;null;null;null;null;null;
1989-12-31;null;null;null;null;null;null;null;null;null;null;null;null;null;null;null;null;null;
1990-01-31;null;null;null;null;null;null;null;null;null;null;null;null;null;null;null;null;null;
1990-02-28;null;null;null;null;null;null;null;null;null;null;null;null;null;null;null;null;null;
1990-03-31;null;null;null;null;null;null;null;null;null;null;null;null;null;null;null;null;null;
1990-04-30;null;null;null;null;null;null;null;null;null;null;null;null;null;null;null;null;null;
1990-05-31;null;null;null;null;null;null;null;null;null;null;null;null;null;null;null;null;null;
1990-06-30;null;null;null;null;null;null;null;null;null;null;null;null;null;null;null;null;null;
1990-07-31;null;null;null;null;null;null;null;null;null;null;null;null;null;null;null;null;null;
1990-08-31;null;null;null;null;null;null;null;null;null;null;null;null;null;null;null;null;null;
1990-09-30;null;null;null;null;null;null;null;null;null;null;null;null;null;null;null;null;null;
1990-10-31;null;null;null;null;null;null;null;null;null;null;null;null;null;null;null;null;null;
1990-11-30;null;null;null;null;null;null;null;null;null;null;null;null;null;null;null;null;null;
1990-12-31;null;null;null;null;null;null;null;null;null;null;null;null;null;null;null;null;null;
1991-01-31;null;null;null;null;null;null;null;null;null;null;null;null;null;null;null;null;null;
1991-02-28;null;null;null;null;null;null;null;null;null;null;null;null;null;null;null;null;null;
1991-03-31;null;null;null;null;null;null;null;null;null;null;null;null;null;null;null;null;null;
1991-04-30;null;null;null;null;null;null;null;null;null;null;null;null;null;null;null;null;null;
1991-05-31;null;null;null;null;null;null;null;null;null;null;null;null;null;null;null;null;null;
1991-06-30;null;null;null;null;null;null;null;null;null;null;null;null;null;null;null;null;null;
1991-07-31;null;null;null;null;null;null;null;null;null;null;null;null;null;null;null;null;null;
1991-08-31;null;null;null;null;null;null;null;null;null;null;null;null;null;null;null;null;null;
1991-09-30;null;null;null;null;null;null;null;null;null;null;null;null;null;null;null;null;null;
1991-10-31;null;null;null;null;null;null;null;null;null;null;null;null;null;null;null;null;null;
1991-11-30;null;null;null;null;null;null;null;null;null;null;null;null;null;null;null;null;null;
1991-12-31;null;null;null;null;null;null;null;null;null;null;null;null;null;null;null;null;null;
1992-01-31;null;null;null;null;null;null;null;null;null;null;null;null;null;null;null;null;null;
1992-02-29;null;null;null;null;null;null;null;null;null;null;null;null;null;null;null;null;null;
1992-03-31;null;null;null;null;null;null;null;null;null;null;null;null;null;null;null;null;null;
1992-04-30;null;null;null;null;null;null;null;null;null;null;null;null;null;null;null;null;null;
1992-05-31;null;null;null;null;null;null;null;null;null;null;null;null;null;null;null;null;null;
1992-06-30;null;null;null;null;null;null;null;null;null;null;null;null;null;null;null;null;null;
1992-07-31;null;null;null;null;null;null;null;null;null;null;null;null;null;null;null;null;null;
1992-08-31;null;null;null;null;null;null;null;null;null;null;null;null;null;null;null;null;null;
1992-09-30;null;null;null;null;null;null;null;null;null;null;null;null;null;null;null;null;null;
1992-10-31;null;null;null;null;null;null;null;null;null;null;null;null;null;null;null;null;null;
1992-11-30;null;null;null;null;null;null;null;null;null;null;null;null;null;null;null;null;null;
1992-12-31;null;null;null;null;null;null;null;null;null;null;null;null;null;null;null;null;null;
1993-01-31;null;null;null;null;null;null;null;null;null;null;null;null;null;null;null;null;null;
1993-02-28;null;null;null;null;null;null;null;null;null;null;null;null;null;null;null;null;null;
1993-03-31;null;null;null;null;null;null;null;null;null;null;null;null;null;null;null;null;null;
1993-04-30;null;null;null;null;null;null;null;null;null;null;null;null;null;null;null;null;null;
1993-05-31;null;null;null;null;null;null;null;null;null;null;null;null;null;null;null;null;null;
1993-06-30;null;null;null;null;null;null;null;null;null;null;null;null;null;null;null;null;null;
1993-07-31;null;null;null;null;null;null;null;null;null;null;null;null;null;null;null;null;null;
1993-08-31;null;null;null;null;null;null;null;null;null;null;null;null;null;null;null;null;null;
1993-09-30;null;null;null;null;null;null;null;null;null;null;null;null;null;null;null;null;null;
1993-10-31;null;null;null;null;null;null;null;null;null;null;null;null;null;null;null;null;null;
1993-11-30;null;null;null;null;null;null;null;null;null;null;null;null;null;null;null;null;null;
1993-12-31;null;null;null;null;null;null;null;null;null;null;null;null;null;null;null;null;null;
1994-01-31;null;null;null;null;null;null;null;null;null;null;null;null;null;null;null;null;null;
1994-02-28;null;null;null;null;null;null;null;null;null;null;null;null;null;null;null;null;null;
1994-03-31;null;null;null;null;null;null;null;null;null;null;null;null;null;null;null;null;null;
1994-04-30;null;null;null;null;null;null;null;null;null;null;null;null;null;null;null;null;null;
1994-05-31;null;null;null;null;null;null;null;null;null;null;null;null;null;null;null;null;null;
1994-06-30;null;null;null;null;null;null;null;null;null;null;null;null;null;null;null;null;null;
1994-07-31;null;null;null;null;null;null;null;null;null;null;null;null;null;null;null;null;null;
1994-08-31;null;null;null;null;null;null;null;null;null;null;null;null;null;null;null;null;null;
1994-09-30;null;null;null;null;null;null;null;null;null;null;null;null;null;null;null;null;null;
1994-10-31;null;null;null;null;null;null;null;null;null;null;null;null;null;null;null;null;null;
1994-11-30;null;null;null;null;null;null;null;null;null;null;null;null;null;null;null;null;null;
1994-12-31;null;null;null;null;null;null;null;null;null;null;null;null;null;null;null;null;null;
1995-01-31;null;null;null;null;null;null;null;null;null;null;null;null;null;null;null;null;null;
1995-02-28;null;null;null;null;null;null;null;null;null;null;null;null;null;null;null;null;null;
1995-03-31;null;null;null;null;null;null;null;null;null;null;null;null;null;null;null;null;null;
1995-04-30;null;null;null;null;null;null;null;null;null;null;null;null;null;null;null;null;null;
1995-05-31;null;null;null;null;null;null;null;null;null;null;null;null;null;null;null;null;null;
1995-06-30;null;null;null;null;null;null;null;null;null;null;null;null;null;null;null;null;null;
1995-07-31;null;null;null;null;null;null;null;null;null;null;null;null;null;null;null;null;null;
1995-08-31;null;null;null;null;null;null;null;null;null;null;null;null;null;null;null;null;null;
1995-09-30;null;null;null;null;null;null;null;null;null;null;null;null;null;null;null;null;null;
1995-10-31;null;null;null;null;null;null;null;null;null;null;null;null;null;null;null;null;null;
1995-11-30;null;null;null;null;null;null;null;null;null;null;null;null;null;null;null;null;null;
1995-12-31;null;null;null;null;null;null;null;null;null;null;null;null;null;null;null;null;null;
1996-01-31;null;null;null;null;null;null;null;null;null;null;null;null;null;null;null;null;null;
1996-02-29;null;null;null;null;null;null;null;null;null;null;null;null;null;null;null;null;null;
1996-03-31;null;null;null;null;null;null;null;null;null;null;null;null;null;null;null;null;null;
1996-04-30;null;null;null;null;null;null;null;null;null;null;null;null;null;null;null;null;null;
1996-05-31;null;null;null;null;null;null;null;null;null;null;null;null;null;null;null;null;null;
1996-06-30;null;null;null;null;null;null;null;null;null;null;null;null;null;null;null;null;null;
1996-07-31;null;null;null;null;null;null;null;null;null;null;null;null;null;null;null;null;null;
1996-08-31;null;null;null;null;null;null;null;null;null;null;null;null;null;null;null;null;null;
1996-09-30;null;null;null;null;null;null;null;null;null;null;null;null;null;null;null;null;null;
1996-10-31;null;null;null;null;null;null;null;null;null;null;null;null;null;null;null;null;null;
1996-11-30;null;null;null;null;null;null;null;null;null;null;null;null;null;null;null;null;null;
1996-12-31;null;null;null;null;null;null;null;null;null;null;null;null;null;null;null;null;null;
1997-01-31;null;null;null;null;null;null;null;null;null;null;null;null;null;null;null;null;null;
1997-02-28;null;null;null;null;null;null;null;null;null;null;null;null;null;null;null;null;null;
1997-03-31;null;null;null;null;null;null;null;null;null;null;null;null;null;null;null;null;null;
1997-04-30;null;null;null;null;null;null;null;null;null;null;null;null;null;null;null;null;null;
1997-05-31;null;null;null;null;null;null;null;null;null;null;null;null;null;null;null;null;null;
1997-06-30;null;null;null;null;null;null;null;null;null;null;null;null;null;null;null;null;null;
1997-07-31;null;null;null;null;null;null;null;null;null;null;null;null;null;null;null;null;null;
1997-08-31;null;null;null;null;null;null;null;null;null;null;null;null;null;null;null;null;null;
1997-09-30;null;null;null;null;null;null;null;null;null;null;null;null;null;null;null;null;null;
1997-10-31;null;null;null;null;null;null;null;null;null;null;null;null;null;null;null;null;null;
1997-11-30;null;null;null;null;null;null;null;null;null;null;null;null;null;null;null;null;null;
1997-12-31;null;null;null;null;null;null;null;null;null;null;null;null;null;null;null;null;null;
1998-01-31;null;null;null;null;null;null;null;null;null;null;null;null;null;null;null;null;null;
1998-02-28;null;null;null;null;null;null;null;null;null;null;null;null;null;null;null;null;null;
1998-03-31;null;null;null;null;null;null;null;null;null;null;null;null;null;null;null;null;null;
1998-04-30;null;null;null;null;null;null;null;null;null;null;null;null;null;null;null;null;null;
1998-05-31;null;null;null;null;null;null;null;null;null;null;null;null;null;null;null;null;null;
1998-06-30;null;null;null;null;null;null;null;null;null;null;null;null;null;null;null;null;null;
1998-07-31;null;null;null;null;null;null;null;null;null;null;null;null;null;null;null;null;null;
1998-08-31;null;null;null;null;null;null;null;null;null;null;null;null;null;null;null;null;null;
1998-09-30;null;null;null;null;null;null;null;null;null;null;null;null;null;null;null;null;null;
1998-10-31;null;null;null;null;null;null;null;null;null;null;null;null;null;null;null;null;null;
1998-11-30;null;null;null;null;null;null;null;null;null;null;null;null;null;null;null;null;null;
1998-12-31;null;null;null;null;null;null;null;null;null;null;null;null;null;null;null;null;null;
1999-01-31;null;null;null;null;null;null;null;null;null;null;null;null;null;null;null;null;null;
1999-02-28;null;null;null;null;null;null;null;null;null;null;null;null;null;null;null;null;null;
1999-03-31;null;null;null;null;null;null;null;null;null;null;null;null;null;null;null;null;null;
1999-04-30;null;null;null;null;null;null;null;null;null;null;null;null;null;null;null;null;null;
1999-05-31;null;null;null;null;null;null;null;null;null;null;null;null;null;null;null;null;null;
1999-06-30;null;null;null;null;null;null;null;null;null;null;null;null;null;null;null;null;null;
1999-07-31;null;null;null;null;null;null;null;null;null;null;null;null;null;null;null;null;null;
1999-08-31;null;null;null;null;null;null;null;null;null;null;null;null;null;null;null;null;null;
1999-09-30;null;null;null;null;null;null;null;null;null;null;null;null;null;null;null;null;null;
1999-10-31;null;null;null;null;null;null;null;null;null;null;null;null;null;null;null;null;null;
1999-11-30;null;null;null;null;null;null;null;null;null;null;null;null;null;null;null;null;null;
1999-12-31;null;null;null;null;null;null;null;null;null;null;null;null;null;null;null;null;null;
2000-01-31;null;null;null;null;null;null;null;null;null;null;null;null;null;null;null;null;null;
2000-02-29;null;null;null;null;null;null;null;null;null;null;null;null;null;null;null;null;null;
2000-03-31;null;null;null;null;null;null;null;null;null;null;null;null;null;null;null;null;null;
2000-04-30;null;null;null;null;null;null;null;null;null;null;null;null;null;null;null;null;null;
2000-05-31;null;null;null;null;null;null;null;null;null;null;null;null;null;null;null;null;null;
2000-06-30;null;null;null;null;null;null;null;null;null;null;null;null;null;null;null;null;null;
2000-07-31;null;null;null;null;null;null;null;null;null;null;null;null;null;null;null;null;null;
2000-08-31;null;null;null;null;null;null;null;null;null;null;null;null;null;null;null;null;null;
2000-09-30;null;null;null;null;null;null;null;null;null;null;null;null;null;null;null;null;null;
2000-10-31;null;null;null;null;null;null;null;null;null;null;null;null;null;null;null;null;null;
2000-11-30;null;null;null;null;null;null;null;null;null;null;null;null;null;null;null;null;null;
2000-12-31;null;null;null;null;null;null;null;null;null;null;null;null;null;null;null;null;null;
2001-01-31;null;null;null;null;null;null;null;null;null;null;null;null;null;null;null;null;null;
2001-02-28;null;null;null;null;null;null;null;null;null;null;null;null;null;null;null;null;null;
2001-03-31;null;null;null;null;null;null;null;null;null;null;null;null;null;null;null;null;null;
2001-04-30;null;null;null;null;null;null;null;null;null;null;null;null;null;null;null;null;null;
2001-05-31;null;null;null;null;null;null;null;null;null;null;null;null;null;null;null;null;null;
2001-06-30;null;null;null;null;null;null;null;null;null;null;null;null;null;null;null;null;null;
2001-07-31;null;null;null;null;null;null;null;null;null;null;null;null;null;null;null;null;null;
2001-08-31;null;null;null;null;null;null;null;null;null;null;null;null;null;null;null;null;null;
2001-09-30;null;null;null;null;null;null;null;null;null;null;null;null;null;null;null;null;null;
2001-10-31;null;null;null;null;null;null;null;null;null;null;null;null;null;null;null;null;null;
2001-11-30;null;null;null;null;null;null;null;null;null;null;null;null;null;null;null;null;null;
2001-12-31;null;null;null;null;null;null;null;null;null;null;null;null;null;null;null;null;null;
2002-01-31;null;null;null;null;null;null;null;null;null;null;null;null;null;null;null;null;null;
2002-02-28;null;null;null;null;null;null;null;null;null;null;null;null;null;null;null;null;null;
2002-03-31;null;null;null;null;null;null;null;null;null;null;null;null;null;null;null;null;null;
2002-04-30;null;null;null;null;null;null;null;null;null;null;null;null;null;null;null;null;null;
2002-05-31;null;null;null;null;null;null;null;null;null;null;null;null;null;null;null;null;null;
2002-06-30;null;null;null;null;null;null;null;null;null;null;null;null;null;null;null;null;null;
2002-07-31;null;null;null;null;null;null;null;null;null;null;null;null;null;null;null;null;null;
2002-08-31;null;null;null;null;null;null;null;null;null;null;null;null;null;null;null;null;null;
2002-09-30;null;null;null;null;null;null;null;null;null;null;null;null;null;null;null;null;null;
2002-10-31;null;null;null;null;null;null;null;null;null;null;null;null;null;null;null;null;null;
2002-11-30;null;null;null;null;null;null;null;null;null;null;null;null;null;null;null;null;null;
2002-12-31;null;null;null;null;null;null;null;null;null;null;null;null;null;null;null;null;null;
2003-01-31;null;null;null;null;null;null;null;null;null;null;null;null;null;null;null;null;null;
2003-02-28;null;null;null;null;null;null;null;null;null;null;null;null;null;null;null;null;null;
2003-03-31;null;null;null;null;null;null;null;null;null;null;null;null;null;null;null;null;null;
2003-04-30;null;null;null;null;null;null;null;null;null;null;null;null;null;null;null;null;null;
2003-05-31;null;null;null;null;null;null;null;null;null;null;null;null;null;null;null;null;null;
2003-06-30;null;null;null;null;null;null;null;null;null;null;null;null;null;null;null;null;null;
2003-07-31;null;null;null;null;null;null;null;null;null;null;null;null;null;null;null;null;null;
2003-08-31;null;null;null;null;null;null;null;null;null;null;null;null;null;null;null;null;null;
2003-09-30;null;null;null;null;null;null;null;null;null;null;null;null;null;null;null;null;null;
2003-10-31;null;null;null;null;null;null;null;null;null;null;null;null;null;null;null;null;null;
2003-11-30;null;null;null;null;null;null;null;null;null;null;null;null;null;null;null;null;null;
2003-12-31;null;null;null;null;null;null;null;null;null;null;null;null;null;null;null;null;null;
2004-01-31;null;null;null;null;null;null;null;null;null;null;null;null;null;null;null;null;null;
2004-02-29;null;null;null;null;null;null;null;null;null;null;null;null;null;null;null;null;null;
2004-03-31;null;null;null;null;null;null;null;null;null;null;null;null;null;null;null;null;null;
2004-04-30;null;null;null;null;null;null;null;null;null;null;null;null;null;null;null;null;null;
2004-05-31;null;null;null;null;null;null;null;null;null;null;null;null;null;null;null;null;null;
2004-06-30;null;null;null;null;null;null;null;null;null;null;null;null;null;null;null;null;null;
2004-07-31;null;null;null;null;null;null;null;null;null;null;null;null;null;null;null;null;null;
2004-08-31;null;null;null;null;null;null;null;null;null;null;null;null;null;null;null;null;null;
2004-09-30;null;null;null;null;null;null;null;null;null;null;null;null;null;null;null;null;null;
2004-10-31;null;null;null;null;null;null;null;null;null;null;null;null;null;null;null;null;null;
2004-11-30;null;null;null;null;null;null;null;null;null;null;null;null;null;null;null;null;null;
2004-12-31;null;null;null;null;null;null;null;null;null;null;null;null;null;null;null;null;null;
2005-01-31;null;null;null;null;null;null;null;null;null;null;null;null;null;null;null;null;null;
2005-02-28;null;null;null;null;null;null;null;null;null;null;null;null;null;null;null;null;null;
2005-03-31;null;null;null;null;null;null;null;null;null;null;null;null;null;null;null;null;null;
2005-04-30;null;null;null;null;null;null;null;null;null;null;null;null;null;null;null;null;null;
2005-05-31;null;null;null;null;null;null;null;null;null;null;null;null;null;null;null;null;null;
2005-06-30;null;null;null;null;null;null;null;null;null;null;null;null;null;null;null;null;null;
2005-07-31;null;null;null;null;null;null;null;null;null;null;null;null;null;null;null;null;null;
2005-08-31;null;null;null;null;null;null;null;null;null;null;null;null;null;null;null;null;null;
2005-09-30;null;null;null;null;null;null;null;null;null;null;null;null;null;null;null;null;null;
2005-10-31;null;null;null;null;null;null;null;null;null;null;null;null;null;null;null;null;null;
2005-11-30;null;null;null;null;null;null;null;null;null;null;null;null;null;null;null;null;null;
2005-12-31;null;null;null;null;null;null;null;null;null;null;null;null;null;null;null;null;null;
2006-01-31;null;null;null;null;null;null;null;null;null;null;null;null;null;null;null;null;null;
2006-02-28;null;null;null;null;null;null;null;null;null;null;null;null;null;null;null;null;null;
2006-03-31;null;null;null;null;null;null;null;null;null;null;null;null;null;null;null;null;null;
2006-04-30;null;null;null;null;null;null;null;null;null;null;null;null;null;null;null;null;null;
2006-05-31;null;null;null;null;null;null;null;null;null;null;null;null;null;null;null;null;null;
2006-06-30;null;null;null;null;null;null;null;null;null;null;null;null;null;null;null;null;null;
2006-07-31;null;null;null;null;null;null;null;null;null;null;null;null;null;null;null;null;null;
2006-08-31;null;null;null;null;null;null;null;null;null;null;null;null;null;null;null;null;null;
2006-09-30;null;null;null;null;null;null;null;null;null;null;null;null;null;null;null;null;null;
2006-10-31;null;null;null;null;null;null;null;null;null;null;null;null;null;null;null;null;null;
2006-11-30;null;null;null;null;null;null;null;null;null;null;null;null;null;null;null;null;null;
2006-12-31;null;null;null;null;null;null;null;null;null;null;null;null;null;null;null;null;null;
2007-01-31;null;null;null;null;null;null;null;null;null;null;null;null;null;null;null;null;null;
2007-02-28;null;null;null;null;null;null;null;null;null;null;null;null;null;null;null;null;null;
2007-03-31;null;null;null;null;null;null;null;null;null;null;null;null;null;null;null;null;null;
2007-04-30;null;null;null;null;null;null;null;null;null;null;null;null;null;null;null;null;null;
2007-05-31;null;null;null;null;null;null;null;null;null;null;null;null;null;null;null;null;null;
2007-06-30;null;null;null;null;null;null;null;null;null;null;null;null;null;null;null;null;null;
2007-07-31;null;null;null;null;null;null;null;null;null;null;null;null;null;null;null;null;null;
2007-08-31;null;null;null;null;null;null;null;null;null;null;null;null;null;null;null;null;null;
2007-09-30;null;null;null;null;null;null;null;null;null;null;null;null;null;null;null;null;null;
2007-10-31;null;null;null;null;null;null;null;null;null;null;null;null;null;null;null;null;null;
2007-11-30;null;null;null;null;null;null;null;null;null;null;null;null;null;null;null;null;null;
2007-12-31;null;null;null;null;null;null;null;null;null;null;null;null;null;null;null;null;null;
2008-01-31;null;null;null;null;null;null;null;null;null;null;null;null;null;null;null;null;null;
2008-02-29;null;null;null;null;null;null;null;null;null;null;null;null;null;null;null;null;null;
2008-03-31;null;null;null;null;null;null;null;null;null;null;null;null;null;null;null;null;null;
2008-04-30;null;null;null;null;null;null;null;null;null;null;null;null;null;null;null;null;null;
2008-05-31;null;null;null;null;null;null;null;null;null;null;null;null;null;null;null;null;null;
2008-06-30;null;null;null;null;null;null;null;null;null;null;null;null;null;null;null;null;null;
2008-07-31;null;null;null;null;null;null;null;null;null;null;null;null;null;null;null;null;null;
2008-08-31;null;null;null;null;null;null;null;null;null;null;null;null;null;null;null;null;null;
2008-09-30;null;null;null;null;null;null;null;null;null;null;null;null;null;null;null;null;null;
2008-10-31;null;null;null;null;null;null;null;null;null;null;null;null;null;null;null;null;null;
2008-11-30;null;null;null;null;null;null;null;null;null;null;null;null;null;null;null;null;null;
2008-12-31;null;null;null;null;null;null;null;null;null;null;null;null;null;null;null;null;null;
2009-01-31;null;null;null;null;null;null;null;null;null;null;null;null;null;null;null;null;null;
2009-02-28;null;null;null;null;null;null;null;null;null;null;null;null;null;null;null;null;null;
2009-03-31;null;null;null;null;null;null;null;null;null;null;null;null;null;null;null;null;null;
2009-04-30;null;null;null;null;null;null;null;null;null;null;null;null;null;null;null;null;null;
2009-05-31;null;null;null;null;null;null;null;null;null;null;null;null;null;null;null;null;null;
2009-06-30;null;null;null;null;null;null;null;null;null;null;null;null;null;null;null;null;null;
2009-07-31;null;null;null;null;null;null;null;null;null;null;null;null;null;null;null;null;null;
2009-08-31;null;null;null;null;null;null;null;null;null;null;null;null;null;null;null;null;null;
2009-09-30;null;null;null;null;null;null;null;null;null;null;null;null;null;null;null;null;null;
2009-10-31;null;null;null;null;null;null;null;null;null;null;null;null;null;null;null;null;null;
2009-11-30;null;null;null;null;null;null;null;null;null;null;null;null;null;null;null;null;null;
2009-12-31;null;null;null;null;null;null;null;null;null;null;null;null;null;null;null;null;null;
2010-01-31;null;null;null;null;null;null;null;null;null;null;null;null;null;null;null;null;null;
2010-02-28;null;null;null;null;null;null;null;null;null;null;null;null;null;null;null;null;null;
2010-03-31;null;null;null;null;null;null;null;null;null;null;null;null;null;null;null;null;null;
2010-04-30;null;null;null;null;null;null;null;null;null;null;null;null;null;null;null;null;null;
2010-05-31;null;null;null;null;null;null;null;null;null;null;null;null;null;null;null;null;null;
2010-06-30;null;null;null;null;null;null;null;null;null;null;null;null;null;null;null;null;null;
2010-07-31;null;null;null;null;null;null;null;null;null;null;null;null;null;null;null;null;null;
2010-08-31;null;null;null;null;null;null;null;null;null;null;null;null;null;null;null;null;null;
2010-09-30;null;null;null;null;null;null;null;null;null;null;null;null;null;null;null;null;null;
2010-10-31;null;null;null;null;null;null;null;null;null;null;null;null;null;null;null;null;null;
2010-11-30;null;null;null;null;null;null;null;null;null;null;null;null;null;null;null;null;null;
2010-12-31;null;null;null;null;null;null;null;null;null;null;null;null;null;null;null;null;null;

