Nome: ITAITUBA
Codigo Estacao: 82445
Latitude: -4.276986
Longitude: -55.993087
Altitude: 24.5
Situacao: Operante
Data Inicial: 1981-01-01
Data Final: 2010-12-31
Periodicidade da Medicao: Mensal

Data Medicao;DIRECAO PREDOMINANTE DO VENTO, MENSAL(° (gr));EVAPORACAO DO PICHE, MENSAL(mm);EVAPOTRANSPIRACAO POTENCIAL, BH MENSAL(mm);EVAPOTRANSPIRACAO REAL, BH MENSAL(mm);INSOLACAO TOTAL, MENSAL(h);NEBULOSIDADE, MEDIA MENSAL(décimos);NUMERO DE DIAS COM PRECIP. PLUV, MENSAL(número);PRECIPITACAO TOTAL, MENSAL(mm);PRESSAO ATMOSFERICA AO NIVEL DO MAR, MEDIA MENSAL(mB);PRESSAO ATMOSFERICA, MEDIA MENSAL(mB);TEMPERATURA MAXIMA MEDIA, MENSAL(°C);TEMPERATURA MEDIA COMPENSADA, MENSAL(°C);TEMPERATURA MINIMA MEDIA, MENSAL(°C);UMIDADE RELATIVA DO AR, MEDIA MENSAL(%);VENTO, VELOCIDADE MAXIMA MENSAL(m/s);VENTO, VELOCIDADE MEDIA MENSAL(m/s);VISIBILIDADE, MEDIA MENSAL(codigo);
1981-01-31;null;null;null;null;null;1,592473;null;147,7;null;1007,391398;null;null;null;null;5;1,387097;null;
1981-02-28;null;null;null;null;null;2,433333;null;143,5;null;1006,566667;null;null;null;null;5;1,012346;null;
1981-03-31;null;null;null;null;null;1,411828;null;91,4;null;1007,009677;null;null;null;null;4;1,032258;null;
1981-04-30;null;null;null;null;null;3,2;null;55,8;null;1006,448889;null;null;null;null;6;,72;null;
1981-05-31;null;null;null;null;null;1,490323;null;14,4;null;1007,682796;null;null;null;null;2,3;,411828;null;
1981-06-30;null;null;null;null;null;1,333333;null;14,1;null;1008,826667;null;null;null;null;5;,7;null;
1981-07-31;null;null;null;null;null;1,107527;null;29;null;1010,070968;null;null;null;null;6;,946237;null;
1981-08-31;null;94,3;null;null;147,9;,645161;null;32,8;null;1008,197849;33,064516;26,949677;22,222581;null;7;1,210753;null;
1981-09-30;null;null;null;null;null;,863333;null;11,4;null;1008,153333;null;null;null;null;5;1,033333;null;
1981-10-31;null;null;null;null;null;1,267742;null;63,2;null;1006,894624;null;null;null;null;9;1,064516;null;
1981-11-30;null;null;null;null;null;1,631111;null;43,4;null;1005,801111;null;null;null;null;4;1,122222;null;
1981-12-31;null;null;null;null;null;1,408602;null;7,6;null;1006,368817;null;null;null;null;7;,946237;null;
1982-01-31;0;null;null;null;null;3,992222;null;262;null;1007,403333;29,9;null;null;92,9875;6;,622222;null;
1982-02-28;null;null;null;null;null;2,832143;null;252,2;null;1007,460714;null;null;null;null;4;,607143;null;
1982-03-31;null;null;null;null;null;2,636559;null;186,5;null;1006,996774;null;null;null;null;4;,774194;null;
1982-04-30;0;null;null;null;null;3,256667;null;116,3;null;1007,802222;null;null;null;null;4;,488889;null;
1982-05-31;null;null;null;null;null;3,594624;null;156;null;1008,050538;31,006667;26,132;22,586667;91,233333;6;,548387;null;
1982-06-30;null;null;null;null;null;1,182222;null;8,1;null;1009,211111;null;null;null;null;2;,533333;null;
1982-07-31;0;null;null;null;null;1,31828;null;46,2;null;1008,835484;null;null;null;null;3;,415054;null;
1982-08-31;null;105,8;null;null;238,8;,507527;null;25,5;null;1008,986022;32,987097;26,894194;21,648387;null;2;,516129;null;
1982-09-30;null;null;null;null;null;,738889;null;7,4;null;1007,87;null;null;null;null;4;,788889;null;
1982-10-31;null;null;null;null;null;,832258;null;0;null;1006,743011;null;null;null;null;5;,817204;null;
1982-11-30;null;145,3;null;null;219,7;,6;null;45,2;null;1005,957778;33,653333;28,626667;23,666667;null;4;1,011111;null;
1982-12-31;null;null;null;null;null;1,01828;null;8,5;null;1006,37957;null;null;null;null;4;,775269;null;
1983-01-31;null;120,9;null;null;215,1;,641935;null;21,6;null;1006,321505;32,974194;28,544516;24,245161;null;6;1,365591;null;
1983-02-28;null;65,7;null;null;164,9;,692857;17;241,8;null;1007,096429;31,457143;27,215714;23,810714;null;4;,928571;null;
1983-03-31;null;90,2;null;null;155,7;,695699;18;186,9;null;1006,732258;31,76129;27,514194;24,148387;null;4;,88172;null;
1983-04-30;null;65;null;null;183,5;,68;18;109,4;null;1006,367778;32,096667;27,18;23,716667;null;6;,655556;null;
1983-05-31;null;73;null;null;208,5;,53871;19;107,7;null;1006,283871;32,76129;27,776129;24,267742;null;3;,44086;null;
1983-06-30;null;73,9;null;null;230,4;,615556;null;76,2;null;1008,563333;32,413333;27,178;23,223333;null;6;,644444;null;
1983-07-31;null;101,4;null;null;281,4;,37957;null;26,6;null;1008,436559;33,232258;27,529032;22,445161;null;3;,451613;null;
1983-08-31;null;71,3;null;null;151,9;,702151;18;116,6;null;1009,550538;31,612903;26,845161;22,7;null;6;,602151;null;
1983-09-30;null;108,4;null;null;220;,532222;null;23,2;null;1007,946667;33,913333;28,115333;22,983333;null;3;,766667;null;
1983-10-31;null;103,2;null;null;175,2;,656989;19;143,5;null;1007,153763;33,025806;27,563871;23,009677;null;3;,666667;null;
1983-11-30;null;88,9;null;null;152,8;,656667;null;164,5;null;1007,708889;32,923333;27,719333;23,206667;null;4;,555556;null;
1983-12-31;null;71,8;null;null;102,2;,776344;16;221,4;null;1007,836559;30,916129;26,307097;22,419355;null;4;,55914;null;
1984-01-31;null;56,9;null;null;121,4;,794624;21;189,5;null;1007,398925;30,248387;25,447097;21,780645;null;6;,580645;null;
1984-02-29;null;46,7;null;null;96,5;,856322;24;231,4;null;1006,642529;29,972414;25,466207;21,868966;null;4;,643678;null;
1984-03-31;null;51,9;null;null;98,4;,77957;23;410,1;null;1007,119355;30,787097;26,147742;23,019355;null;3;,548387;null;
1984-04-30;null;30,5;null;null;92,7;,862222;23;547,6;null;1007,918889;29,913333;25,922;23,37;null;3;,311111;null;
1984-05-31;null;48,7;null;null;175,5;,680645;20;214,6;null;1007,687097;30,677419;26,251613;23,122581;null;6;,408602;null;
1984-06-30;null;57,5;null;null;233,6;,517778;null;77,6;null;1008,486667;31,9;26,810667;22,546667;null;3;,433333;null;
1984-07-31;null;61,8;null;null;227,3;,597849;15;87,7;null;1008,390323;32,151613;26,249032;21,548387;null;5;,44086;null;
1984-08-31;null;86,5;null;null;222,9;,601075;null;86,1;null;1008,467742;32,380645;26,965806;22,380645;null;5;,655914;null;
1984-09-30;null;76,6;null;null;174,3;,656667;null;122,8;null;1007,841111;31,906667;26,556;22,303333;null;4;,688889;null;
1984-10-31;null;95,9;null;null;168,9;,617204;null;69,4;null;1006,710753;33,187097;27,678065;23,087097;null;4;,731183;null;
1984-11-30;null;83,6;null;null;184;,651111;null;146,7;null;1006,708889;32,65;27,306667;22,66;null;5;,866667;null;
1984-12-31;null;66,3;null;null;122,7;,656989;null;71,6;null;1005,678495;32,022581;26,989677;22,887097;null;4;,72043;null;
1985-01-31;null;45,9;null;null;81,7;,888172;26;298,3;null;1007,266667;29,577419;25,647742;22,683871;null;3;,612903;null;
1985-02-28;null;43,1;null;null;90,9;,836905;26;370,8;null;1007,886905;29,764286;25,450714;22,217857;null;4;,511905;null;
1985-03-31;null;54,9;null;null;119,6;,816129;21;235,6;null;1006,633333;30,387097;26,035484;22,83871;null;3;,709677;null;
1985-04-30;null;60,9;null;null;118,1;,745556;16;135,4;null;1007,533333;30,78;26,266;23,046667;null;6;,722222;null;
1985-05-31;null;51,6;null;null;168,2;,723656;21;245,4;null;1008,130108;31,090323;26,265806;22,774194;null;4;,483871;null;
1985-06-30;null;61,5;null;null;194,5;,627778;null;104,8;null;1010,141111;31,24;26,066667;22,13;null;3;,522222;null;
1985-07-31;null;80,1;null;null;246,7;,544086;null;58;null;1009,649462;32,396774;26,292258;21,445161;null;6;,827957;null;
1985-08-31;null;75,7;null;null;175,2;,610753;null;80,9;null;1008,713978;32,451613;26,654839;21,9;null;7;,591398;null;
1985-09-30;null;106,6;null;null;170,8;,577778;null;19,1;null;1007,405556;33,4;27,734;22,726667;null;3;,677778;null;
1985-10-31;null;110,6;null;null;177,8;,658065;null;48,6;null;1006,372043;33,435484;27,832903;22,945161;null;3;,698925;null;
1985-11-30;null;81,4;null;null;166,4;,765556;16;163,4;null;1006,466667;31,763333;26,950667;22,843333;null;2;,588889;null;
1985-12-31;null;29,1;null;null;63,6;,854839;27;585,5;null;1007,301075;29,403226;25,557419;22,393548;null;3;,537634;null;
1986-01-31;0;54,2;null;null;121,8;7,824731;19;215,5;null;1007,652688;29,941935;26,08129;22,770968;90,669355;3;,72043;52,391304;
1986-02-28;0;61,6;null;null;142,9;7,75;18;187,7;null;1007,77381;30,514286;25,824286;22,435714;94,535714;4;,916667;49,428571;
1986-03-31;0;65,4;null;null;110,3;8,043011;20;254,1;null;1008,041935;29,932258;25,975484;22,951613;92,983871;3;,860215;50,55914;
1986-04-30;0;63,1;null;null;150;7,6;25;204,6;null;1007,171111;30,846667;26,470667;23,426667;93,116667;4;,677778;49,188889;
1986-05-31;0;69,2;null;null;186,3;6,956989;23;256,2;null;1007,360215;31,183871;26,596774;23,093548;90,830645;3;,591398;54,72043;
1986-06-30;0;63,7;null;null;149,2;5,888889;null;142,8;null;1009,02;31,4;26,335333;22,213333;89,808333;4;,344444;59,966667;
1986-07-31;0;65,4;null;null;207,5;6,043011;null;88,2;null;1010,790323;31,654839;25,89871;21,158065;89,875;2;,548387;60,752688;
1986-08-31;0;102,5;null;null;235,5;5,086022;null;22,1;null;1008,115054;33,454839;27,323226;22,290323;86,096774;3;,741935;60,956989;
1986-09-30;0;99,8;null;null;154,7;6,322222;null;37,5;null;1008,181111;33,186667;27,694;23,45;86,291667;3;,777778;44,977778;
1986-10-31;0;88,8;null;null;134,6;7,096774;null;73,7;null;1007,644086;32,890323;27,47871;23,725806;89,145161;3;,806452;47,849462;
1986-11-30;0;86,4;null;null;142,4;7,333333;null;62,4;null;1006,013333;32,616667;27,528;23,713333;89,116667;3;1,011111;53,111111;
1986-12-31;0;80,3;null;null;112,2;6,870968;null;196;null;1007,312903;31,722581;27,126452;23,283871;88,346774;3;,83871;50,107527;
1987-01-31;0;59,8;null;null;142,7;7,795699;24;225,4;null;1007,931183;30,53871;26,349677;23,112903;90,717742;2;,548387;47,892473;
1987-02-28;0;62,6;null;null;151,7;7,666667;16;148,7;null;1007,754762;31,267857;26,791429;23,310714;90,178571;2;,571429;45,47619;
1987-03-31;0;53,7;null;null;117,9;8,258065;21;258,8;null;1007,165591;30,96129;26,22;23,041935;94,766129;3;,430108;45,430108;
1987-04-30;0;51,4;null;null;113,5;8,455556;19;200,2;null;1007,206667;31,116667;26,636667;23,536667;93,8;2;,377778;41,333333;
1987-05-31;0;60,5;null;null;196,9;7,526882;16;147,5;null;1007,670968;31,958065;26,837419;23,090323;94,822581;3;,376344;44,83871;
1987-06-30;0;52,4;null;null;191,7;7,240964;17;101,1;null;1009,248193;32,107143;26,705185;22,667857;92,62037;3;,46988;47,710843;
1987-07-31;0;91,6;null;null;254,9;5,311828;null;17;null;1007,611828;33,33871;27,563871;22,596774;88,225806;3;,397849;55,698925;
1987-08-31;0;90,2;null;null;217,7;6,623656;null;61,2;null;1007,983871;32,8;27,638065;23;89;5;,602151;40,215054;
1987-09-30;0;94,6;null;null;null;6,544444;null;181,9;null;1007,893333;33,37;27,994;23,19;88,133333;3;,533333;46,166667;
1987-10-31;5;104;null;null;194,4;6,860215;null;35,7;null;1006,252688;34,135484;28,49871;23,609677;86,387097;3;,795699;42,150538;
1987-11-30;0;96,5;null;null;190,2;7,566667;null;130,4;null;1005,895556;33,666667;28,228667;23,58;86,741667;3;,711111;47,444444;
1987-12-31;0;98,9;null;null;99,7;6,978495;null;127,9;null;1006,337634;33,280645;28,423226;23,516129;86,822581;5;,913978;52,150538;
1988-01-31;0;68,5;null;null;157,6;7,333333;22;284;null;1007,368817;31,351613;26,872903;23,077419;90,814516;3;,634409;52,967742;
1988-02-29;0;51,2;null;null;95,3;7,988506;22;336,7;null;1006,2;30,931034;26,521379;23,565517;92,224138;4;,91954;47,655172;
1988-03-31;null;71,8;null;null;140,6;,853763;18;267,4;null;1007,878495;30,806452;26,649677;23,606452;null;null;null;null;
1988-04-30;0;69,7;null;null;142,2;7,79;20;216,3;null;1007,384444;31,073333;26,744;23,83;93,483333;3;,561798;50,11236;
1988-05-31;0;58,6;null;null;150,7;8,376344;24;282,8;null;1008,550538;31,054839;26,555484;23,525806;94,943548;4;,301075;45,27957;
1988-06-30;0;75,3;null;null;187,5;7,088889;16;136,1;null;1009,215556;31,663333;26,470667;22,77;93,133333;2;,411111;54,366667;
1988-07-31;0;84,7;null;null;250,5;5,27957;null;99,4;null;1009,787097;32,922581;27,056129;22,235484;90,685484;3;,182796;62,645161;
1988-08-31;0;105,9;null;null;151,7;4,72043;null;10,7;null;1007,816129;34,170968;27,889032;22,448387;86,983871;3;,387097;50,387097;
1988-09-30;0;98,4;null;null;163,2;5,9;null;110,3;null;1007,308889;33,63;27,902667;23,323333;87,633333;4;,922222;47,333333;
1988-10-31;0;89,7;null;null;172,3;6,655914;null;79,8;null;1005,827957;33,467742;27,79871;23,56129;87,669355;4;,666667;51,913978;
1988-11-30;0;73,3;null;null;128,5;7,7;17;243,8;null;1006,58;31,936667;26,926667;23,236667;90,366667;3;,533333;47,555556;
1988-12-31;0;64,8;null;null;92,1;7,645161;19;150,7;null;1006,687097;31,035484;26,568387;23,090323;90,830645;3;,430108;49,376344;
1989-01-31;null;64,7;null;null;136,1;,856989;19;230,1;null;1007,178495;30,287097;26,189677;22,729032;null;null;null;null;
1989-02-28;0;42,4;null;null;92,9;8,488095;23;406,6;null;1007,960714;29,907143;25,610714;22,446429;93,794643;2;,409639;43,228916;
1989-03-31;0;52,6;null;null;106,2;8,095699;19;383,4;null;1007,38172;30,373333;25,944667;22,703333;92,858333;3;,555556;46,888889;
1989-04-30;0;52,3;null;null;124;8,444444;17;260,6;null;1007,24;31,256667;26,360667;23,09;92,4;3;,588889;48,433333;
1989-05-31;0;52,7;null;null;119,3;8,11828;26;201,9;null;1009,146237;30,725806;26,077419;22,983871;93,290323;3;,376344;49,634409;
1989-06-30;0;58,2;null;null;182,8;6,655556;17;157;null;1008,92;31,14;26,49;22,806667;93,491667;8;,444444;57,466667;
1989-07-31;0;59,6;null;null;218,2;5,741935;null;95,6;null;1009,860215;31,132258;26,172903;21,906452;92,153226;2;,344086;58,978495;
1989-08-31;0;89,2;null;null;278,8;4,72043;null;71;null;1008,467742;33,270968;27,196774;22,074194;91,056452;3;,569892;58,408602;
1989-09-30;0;94,9;null;null;219,9;6,077778;null;48,4;null;1006,926667;33,786667;27,923333;22,803333;89,441667;4;,7;53,111111;
1989-10-31;0;79,6;null;null;175,1;7,806452;null;152,3;null;1007,435484;32,448387;27,080645;22,83871;91,822581;3;,483871;52,473118;
1989-11-30;null;59,1;null;null;174,7;,707778;null;null;null;1005,826667;32,033333;27,353333;23,06;null;null;null;null;
1989-12-31;0;59,9;null;null;92;7,692473;19;214;null;1006,989247;31,009677;26,647097;22,909677;93,048387;3;,586957;53,065217;
1990-01-31;0;68,7;null;null;173;7,741935;null;145,9;null;1006,32043;31,690323;26,981935;23,148387;91,709677;5;,913978;52,634409;
1990-02-28;0;41,6;null;null;72,8;8,392857;19;371,6;null;1007,927381;30,239286;25,752857;22,296429;94,758929;3;,52381;44,190476;
1990-03-31;0;53,7;null;null;131,9;8,129032;23;274,9;null;1007,733333;31,283871;26,576129;23,867742;94,274194;2;,419355;51,247312;
1990-04-30;0;53,2;null;null;143,6;8;18;212,6;null;1006,8;31,856667;26,701333;23,123333;94,708333;3;,344444;52,5;
1990-05-31;0;55;null;null;null;6,666667;22;198,5;null;1007,631183;32,451613;27,215484;23,56129;95,169355;5;,344086;59,204301;
1990-06-30;0;57,5;null;null;206,2;6,033333;null;72,2;null;1008,76;33,03;26,764667;20,913333;93,266667;4;,433333;60,677778;
1990-07-31;0;58,5;null;null;179,2;7,075269;15;196,7;null;1009,858065;31,870968;25,550323;19,812903;93,572581;6;,516129;56,88172;
1990-08-31;0;63,1;null;null;216;6,731183;null;75,8;null;1009,4;32,929032;26,432258;20,116129;93,33871;4,2;,529032;52,795699;
1990-09-30;0;75,2;null;null;192,9;6,677778;null;59;null;1008,262222;33,913333;26,802667;20,253333;91,266667;3;,855556;56,488889;
1990-10-31;0;102,1;null;null;136,9;6,666667;null;38;null;1006,701075;35,322581;28,441935;21,551613;88,508065;3;,784946;49,978495;
1990-11-30;0;98,5;null;null;127,9;6,611111;null;59,8;null;1006,446667;34,963333;28,168667;21,46;88,466667;6;,8;52,888889;
1990-12-31;0;59,1;null;null;93,6;7,526882;null;209,9;null;1006,541935;32,477419;26,546452;20,874194;94,322581;2;,333333;51,526882;
1991-01-31;0;43,6;null;null;103,4;8,376344;23;529,4;null;1007,803226;30,906452;25,832258;20,764516;95,451613;8;,612903;46,709677;
1991-02-28;0;48,1;null;null;129,4;7,714286;20;249,3;null;1007,789286;31,817857;26,319286;20,971429;94,669643;3;,702381;50,785714;
1991-03-31;0;43,9;null;null;96,9;8,333333;22;321,2;null;1007,180645;31,43871;25,923871;20,890323;93,201613;3;,408602;44,795699;
1991-04-30;0;43,1;null;null;null;7,688889;20;180;null;1007,556667;32,33;26,468667;21,013333;92,291667;4;,444444;52,677778;
1991-05-31;0;48,4;null;null;null;7,268817;23;230,8;null;1008,041935;32,309677;26,317419;20,806452;92,620968;3;,322581;52,623656;
1991-06-30;0;43,4;null;null;0;6,7;17;172,4;null;1008,728889;32,52;26,532;20,82;93,8;4;,355556;54,588889;
1991-07-31;0;62,4;null;null;null;6,193548;null;65,8;null;1009,815385;32,867742;26,137419;19,619355;92,808333;4;,451613;48,946237;
1991-08-31;0;80,5;null;null;null;7,946237;null;12,6;null;1010,095652;33,877419;27,268387;20,6;89,008065;3;,526882;30,903226;
1991-09-30;0;78,2;null;null;null;7,611111;null;94,7;null;1008,063333;34,046667;28,238667;22,88;88,083333;4;,755556;32,377778;
1991-10-31;0;96;null;null;null;7,967742;null;216,8;null;1007,496774;34,364516;28,092258;22,503226;87,524194;3;,645161;33,978495;
1991-11-30;0;79;null;null;null;8,377778;null;54,3;null;1006,352222;33,993333;28,136;22,94;89,633333;3;,655556;40,333333;
1991-12-31;0;107;null;null;null;7,978495;null;27,1;null;1005,950538;34,451613;28,637419;23,63871;89,790323;3;,602151;45,967742;
1992-01-31;0;67,4;null;null;null;7,892473;null;148,1;null;1006,426882;33,370968;27,809032;23,470968;91,209677;3;,709677;46,935484;
1992-02-29;0;65,5;null;null;null;7,356322;17;276,2;null;1006,044828;32,024138;27,066897;23,289655;92,362069;4;,758621;48,666667;
1992-03-31;0;52,1;null;null;null;8,354839;23;413,2;null;1007,198925;32,003226;26,916129;23,164516;93,008065;3;,655914;46,924731;
1992-04-30;0;52,9;null;null;null;7,566667;20;262;null;1006,732222;32,693333;27,144667;23,176667;92,883333;3;,5;51,47191;
1992-05-31;0;67,3;null;null;null;5,752688;null;64,4;null;1006,805376;34,096774;27,629677;23,045161;90,991935;2;,569892;59,5;
1992-06-30;0;70,9;null;null;null;5,255556;null;57;null;1008,496667;34,27;27,222;22,066667;89,625;3;,633333;62,622222;
1992-07-31;0;75,9;null;null;null;5,677419;null;64,6;null;1010,102151;34,041935;26,791613;21,383871;90,008065;3;,462366;57,462366;
1992-08-31;0;79,7;null;null;null;6,858696;null;68,8;null;1009,502151;33,103226;26,858065;21,883871;89,395161;3;,548387;52,021739;
1992-09-30;0;106,4;null;null;null;6,222222;null;41,6;null;1006,962222;34,903333;28,351333;22,406667;86,2;4;,944444;53,6;
1992-10-31;0;96,5;null;null;null;6,569892;null;59,3;null;1006,922581;35,580645;29,138065;23,567742;84,290323;3;,537634;47,473118;
1992-11-30;0;93,2;null;null;null;7,388889;null;98,3;null;1005,663333;34,016667;28,361333;23,503333;86,858333;4;,533333;38,555556;
1992-12-31;0;72,6;null;null;null;7,129032;null;185,2;null;1006,23871;32,096774;27,361935;23,429032;91,435484;2;,55914;51,602151;
1993-01-31;0;53,3;null;null;null;8,344086;20;236,1;null;1008,07957;31,206452;26,364516;22,880645;92,967742;3;,677419;43,714286;
1993-02-28;0;42,7;null;null;null;8,119048;26;347,1;null;1007,744048;30,428571;25,917143;22,635714;93,473214;3;,654762;41,506024;
1993-03-31;0;54,1;null;null;null;8;21;292,3;null;1008,477419;31,464516;26,217419;22,667742;92,814516;3;,634409;45,247312;
1993-04-30;0;51,1;null;null;null;7,7;24;196,6;null;1007,267778;31,92;26,47;23,03;93,441667;3;,411111;51,157303;
1993-05-31;0;56;null;null;null;6,483871;17;132;null;1007,369892;33,196774;27,244516;23,116129;92,185484;3;,430108;58,16129;
1993-06-30;0;74,2;null;null;null;5,555556;null;41,9;null;1008,852222;34,22;27,804667;22,916667;91,408333;2;,488889;60,7;
1993-07-31;0;72,1;null;null;null;6,333333;15;108;null;1009,355914;33,174194;27,114839;22,683871;91,862903;3;,580645;53,88172;
1993-08-31;0;78,6;null;null;null;6,129032;null;79,2;null;1009,46129;33,441935;27,412903;22,551613;90,903226;2;,569892;57,483871;
1993-09-30;0;88,3;null;null;null;6,277778;null;92,8;null;1007,748889;34,25;28,119333;22,946667;89,95;5;,811111;53,733333;
1993-10-31;0;71,1;null;null;null;7,978495;16;181,3;null;1007,395699;33,490323;27,587097;23;92,330645;3;,486022;44,989247;
1993-11-30;0;58,5;null;null;null;8,033333;15;191,4;null;1006,265556;33,006667;27,133333;23,046667;92,233333;3;,422222;46,617978;
1993-12-31;0;58,6;null;null;null;8,032258;17;204,6;null;1006,45914;32,451613;27,260645;23,474194;93,701613;3;,55914;44,333333;
1994-01-31;0;50,4;null;null;null;8,677419;21;345;null;1007,2;31,674194;26,453548;22,983871;94,048387;3;,462366;45,806452;
1994-02-28;0;40,8;null;null;null;8,47619;21;360,9;null;1007,910714;31,207143;26,097857;22,532143;93,660714;4,3;,491667;44,096386;
1994-03-31;0;45;null;null;null;8,516129;24;407;null;1008,110753;30,987097;26,170323;22,790323;94,185484;2;,344086;47,258065;
1994-04-30;0;47,5;null;null;null;7,744444;24;286,8;null;1007,988889;31,913333;26,616;22,986667;93,958333;2;,344444;51,8;
1994-05-31;0;46,4;null;null;null;7,688172;20;166,5;null;1008,476344;32,245161;26,723871;22,845161;93,991935;6;,397849;54,397849;
1994-06-30;0;51,8;null;null;null;7,155556;20;195,2;null;1009,338889;32,643333;26,617333;22,396667;93,175;3;,377778;56,244444;
1994-07-31;0;63,2;null;null;null;6,258065;null;99,9;null;1009,921505;33,196774;26,583226;21,674194;93,008065;3;,397849;53,44086;
1994-08-31;0;72,5;null;null;null;6,473118;16;78,2;null;1009,009677;33,641935;26,899355;21,967742;92,064516;3;,462366;51,483871;
1994-09-30;0;84,3;null;null;null;6,833333;null;52,9;null;1008,031111;34,396667;28,131333;23,046667;91,9;3;,733333;48,177778;
1994-10-31;0;112,3;null;null;null;6,666667;null;55,1;null;1006,796774;34,43871;28,107742;22,990323;90,282258;3;,666667;52,88172;
1994-11-30;0;105,1;null;null;null;7,422222;null;207,1;null;1006,566667;34,426667;28,442;23,39;88,375;3;,666667;45,611111;
1994-12-31;0;69,2;null;null;null;8,043011;null;208,6;null;1006,729032;32,53871;27,409677;23,322581;88,451613;3;,580645;50,354839;
1995-01-31;0;50,3;null;null;null;8,494624;20;354,6;null;1008,205376;31,241935;26,360645;22,574194;91,346774;3;,634409;44,451613;
1995-02-28;0;48,3;null;null;null;8,119048;19;254,4;null;1009,038095;31,182143;26,107857;22,535714;92,142857;3;,511905;50,869048;
1995-03-31;0;60,8;null;null;null;7,903226;20;271,5;null;1007,189247;32,248387;26,691613;22,874194;90,862903;3;,462366;52,430108;
1995-04-30;0;45,8;null;null;null;8,155556;24;313;null;1006,868889;31,6;26,562;22,813333;92,725;3;,5;46,011111;
1995-05-31;0;51,5;null;null;null;8,150538;20;145,9;null;1008,556989;31,854839;26,554194;22,883871;92,83871;3;,451613;50,11828;
1995-06-30;0;67,9;null;null;null;6,077778;null;98,4;null;1008,687778;34,07;27,717333;22,736667;90,216667;3;,377778;60,955556;
1995-07-31;0;65,6;null;null;null;5,365591;null;25,4;null;1008,263441;34,5;27,667097;22,067742;88,193548;3;,365591;62,086022;
1995-08-31;0;103,5;null;null;null;5,569892;null;33,3;null;1007,903226;34,632258;28,154194;22,3;87,524194;2;,44086;48,860215;
1995-09-30;0;114,9;null;null;null;6,644444;null;15,5;null;1008,275556;35,33;28,631333;22,933333;85,3;2;,566667;41,833333;
1995-10-31;0;142,4;null;null;null;7,677419;null;32,4;null;1006,039785;36,245161;29,215484;23,329032;82,935484;3;,623656;37,903226;
1995-11-30;0;80,8;null;null;null;8,5;17;183;null;1006,51;33,636667;27,439333;22,68;85,808333;3;,555556;43,595506;
1995-12-31;0;63,1;null;null;null;7,655914;17;419,5;null;1007,298925;32,116129;26,72;22,26129;91,322581;4;,623656;47,548387;
1996-01-31;0;54,9;null;null;null;8,784946;19;241,8;null;1006,643011;31,883871;26,183871;21,874194;92,193548;4;,655914;49,623656;
1996-02-29;0;48,8;null;null;null;8,034483;21;184,7;null;1007,021839;32,024138;26,341379;22,268966;92,146552;4;,54023;46,057471;
1996-03-31;0;52,1;null;null;null;8,293478;19;264,4;null;1007,412903;31,583871;26,358065;22,235484;91,806452;3;,516129;46,804348;
1996-04-30;0;46,3;null;null;null;8,088889;22;304,4;null;1007,716667;31,406667;26,386667;22,49;92,666667;3;,433333;49,377778;
1996-05-31;0;49,5;null;null;161,7;7,677419;17;129,9;null;1008,545161;31,987097;26,75871;22,516129;91,556452;3;,311828;53,139785;
1996-06-30;0;68,4;null;null;219,9;6,177778;null;103,3;null;1009,143333;32,693333;27,096667;21,843333;87,475;3;,355556;57,877778;
1996-07-31;0;76,9;null;null;222,1;5,806452;null;125,1;null;1010,14086;33,196774;26,792258;21,367742;89,225806;4,5;,435484;58,677419;
1996-08-31;0;86,1;null;null;242,5;6,741935;null;56,8;null;1008,808602;33,554839;27,208387;22,022581;86,774194;3;,494624;54,225806;
1996-09-30;0;107,3;null;null;242,8;6,622222;null;39,8;null;1007,471111;34,73;28,674667;22,97;84,358333;3;,633333;49,488889;
1996-10-31;0;98,1;null;null;200,7;7,16129;null;71,7;null;1006,875269;34,522581;28,071613;22,964516;82,064516;3;,666667;48,333333;
1996-11-30;0;81,5;null;null;149,9;6,877778;null;280,3;null;1005,473333;33,26;27,786667;22,906667;86,483333;3;,7;50,188889;
1996-12-31;0;77,7;null;null;175,9;7,473118;null;83,2;null;1006,432258;32,458065;27,409677;22,925806;88,346774;4;,655914;53,505376;
1997-01-31;0;55,7;null;null;130,1;7,677419;22;274,4;null;1007,175269;31,058065;26,093548;22,158065;90,596774;3;,602151;50,129032;
1997-02-28;0;68;null;null;173,8;7,547619;null;174,3;null;1007,20119;32,007143;26,749286;22,407143;89,821429;3;,738095;54,392857;
1997-03-31;0;46;null;null;43,8;9,258065;26;502;null;1007,341935;30,145161;25,769032;22,177419;93,467742;3;,376344;41,88172;
1997-04-30;0;58,7;null;null;174,4;7,811111;22;216,6;null;1008,087778;31,66;26,486667;22,346667;91,166667;3;,644444;53;
1997-05-31;0;67,7;null;null;209,2;6,655914;18;208;null;1008,390323;32,922581;27,102581;22,454839;90,056452;2;,419355;56,139785;
1997-06-30;0;99;null;null;251,6;4,255556;null;28,2;null;1007,974444;34,053333;28,019333;22,103333;86,116667;2;,388889;66,6;
1997-07-31;0;127,8;null;null;273,6;4,849462;null;15,2;null;1009,488172;35,329032;27,936774;20,777419;76,58871;2;,473118;60,752688;
1997-08-31;0;107,3;null;null;229,3;6,365591;null;87,1;null;1009,776344;34,019355;27,741935;21,845161;81,362903;3;,634409;50,064516;
1997-09-30;0;113,9;null;null;224,5;5,1;null;26,3;null;1007,356667;35,703333;29,215333;22,7;82,525;4;,688889;54,877778;
1997-10-31;0;115,2;null;null;170,7;7,666667;null;47;null;1006,436559;36,054839;29,475484;23,125806;82,540323;3;,612903;31,55914;
1997-11-30;0;100,1;null;null;144,3;8,444444;null;227,5;null;1006,597778;34,406667;28,642;24,086667;84,766667;3;,666667;30,977778;
1997-12-31;0;94;null;null;201,6;6,88172;null;70,6;null;1006,827957;34,548387;29,094194;24,487097;82,451613;3;,795699;45,150538;
1998-01-31;0;74,6;null;null;175,4;8,344086;19;185,2;null;1006,805376;33,767742;28,192903;24,183871;85,983871;3,5;,768817;45,430108;
1998-02-28;0;60,4;null;null;142,7;7,785714;17;121,7;null;1007,534524;33,475;28,423571;24,378571;88,133929;2;,75;45,821429;
1998-03-31;0;50,1;null;null;null;8,333333;24;267,7;null;1007,256989;32,535484;27,415484;23,796774;91,814516;2;,483871;44,397849;
1998-04-30;0;49,3;null;null;178,5;7,966667;21;155,7;null;1006,875556;33,756667;28,148667;24,193333;90,591667;4;,444444;44,666667;
1998-05-31;0;40,3;null;null;160,8;7,752688;25;264,9;null;1008,523913;32,574194;27,263226;23,619355;94,129032;2;,236559;45,956989;
1998-06-30;0;51,4;null;null;213,9;5,511111;null;88;null;1009,556667;33,32;27,464;22,52;93,183333;2;,088889;56,711111;
1998-07-31;0;66,9;null;null;246,6;5,44086;null;63,7;null;1009,525806;34,119355;27,19871;21,829032;89,943548;3;,225806;58,956989;
1998-08-31;0;92,1;null;null;268;6,11828;null;29,1;null;1007,82043;35,941935;28,7;22,712903;83,104839;2;,387097;51,548387;
1998-09-30;0;95,2;null;null;242,1;6,477778;15;78,2;null;1007,715556;35,483333;28,774667;23,04;83,575;3;,466667;48,777778;
1998-10-31;0;81,9;null;null;177,7;6,817204;16;146,7;null;1007,408602;34,325806;28,270323;23,064516;85,806452;2;,322581;50,301075;
1998-11-30;0;60,8;null;null;122,5;8,911111;null;173,6;null;1006,127778;33,29;27,355333;22,793333;90,616667;3;,555556;38,777778;
1998-12-31;0;85,7;null;null;183,6;7;null;57,9;null;1006,435484;33,519355;27,942581;22,993548;87,806452;2;,698925;52,043011;
1999-01-31;0;52,8;null;null;134,5;8,430108;20;189;null;1006,626882;31,903226;26,443226;22,145161;91,766129;3;,548387;44,623656;
1999-02-28;0;41;null;null;125,4;8,583333;24;336,6;null;1007,403571;31,664286;26,029286;21,903571;92,089286;2;,440476;44,214286;
1999-03-31;0;46,3;null;null;127,8;8,354839;21;224,5;null;1007,013978;31,687097;26,06129;21,929032;91,959677;4;,451613;47,397849;
1999-04-30;0;46,4;null;null;149,6;8,033333;22;326,5;null;1008,34;31,64;26,221333;21,993333;92,625;2;,477778;47,644444;
1999-05-31;0;39;null;null;153,6;8,301075;25;328,5;null;1009,094624;31,43871;25,950323;21,977419;93,064516;3;,354839;45,258065;
1999-06-30;0;58,2;null;null;217,9;6,211111;16;55,5;null;1008,522222;33,346667;26,719333;21,496667;90,208333;2;,388889;56,133333;
1999-07-31;0;77,3;null;null;263,4;4,096774;null;47,7;null;1009,783871;34,545161;26,972903;19,851613;84,935484;2;,344086;65,655914;
1999-08-31;0;89,7;null;null;255;6,129032;null;35,2;null;1008,996774;35,125806;27,794839;22,103226;83,258065;3;,548387;47,903226;
1999-09-30;0;87,9;null;null;228,8;6,266667;null;121,8;null;1007,204444;35,21;28,328;23,356667;83,258333;3;,744444;50,6;
1999-10-31;0;78,9;null;null;210,9;7,591398;null;103,6;null;1007,544086;33,974194;27,696774;22,980645;85,758065;3;,55914;43,849462;
1999-11-30;0;66,8;null;null;176,1;7,566667;null;155,6;null;1006,338889;33,023333;27,392;23,09;87,725;3;,555556;48,233333;
1999-12-31;0;61;null;null;158,4;7,537634;null;239,6;null;1006,411828;32,5;27,154194;23,135484;87,951613;3;,634409;51,010753;
2000-01-31;0;49,2;null;null;122,7;8,473118;21;262,7;null;1006,695699;31,374194;25,981935;22,519355;90,814516;4;,602151;44,408602;
2000-02-29;0;35,2;null;null;109;8,804598;27;405,6;null;1008,718391;30,913793;25,789655;22,513793;91,793103;2;,436782;43,793103;
2000-03-31;0;38,3;null;null;131,7;8,569892;22;404,7;null;1007,290323;31,093548;25,994839;22,770968;91,701613;3;,473118;44,225806;
2000-04-30;0;39,2;null;null;143,6;8,044444;24;256,3;null;1008,127778;31,63;26,351333;22,863333;91,116667;2;,4;48,066667;
2000-05-31;0;41,4;null;null;187,2;7,731183;23;235,9;null;1008,291398;32,612903;26,707742;23,025806;91,524194;4;,430108;52,150538;
2000-06-30;0;44,9;null;null;193,7;6,366667;16;123,3;null;1008,815556;32,703333;26,505333;22,323333;92,258333;6;,5;53,155556;
2000-07-31;0;42;null;null;179,4;7,387097;20;131,6;null;1009,054839;32;25,844516;21,935484;92,862903;3;,580645;45,516129;
2000-08-31;0;65,7;null;null;242;7,494624;12;91,6;null;1008,704301;33,706452;26,767097;21,806452;91,645161;4;,698925;43,010753;
2000-09-30;0;91;null;null;218,8;5,366667;9;176,3;null;1007,621111;33,943333;27,580667;23,18;88,6;3;,588889;60,288889;
2000-10-31;0;91,2;null;null;152;8,139785;12;177,7;null;1007,707527;34,045161;27,772903;23,519355;88,701613;3;,763441;40,16129;
2000-11-30;0;80,6;null;null;152,4;8,011111;7;83,4;null;1005,581111;33,96;27,78;23,626667;90,925;2;,666667;42,155556;
2000-12-31;0;120,8;null;null;168,1;7,107527;11;37,4;null;1007,124731;33,83871;27,547742;23,583871;91,096774;3;,860215;47,258065;
2001-01-31;0;47,2;null;null;104,8;9,021505;26;433,7;null;1008,772043;30,996774;25,930968;22,987097;94,16129;2;,483871;36,344086;
2001-02-28;0;40,6;null;null;115;8,619048;21;287,5;null;1007,963095;30,921429;26,212143;23,335714;92,357143;2;,535714;43,452381;
2001-03-31;0;46;null;null;136;8,258065;22;225,1;null;1008,143011;31,087097;26,379355;23,706452;93,104839;3;,473118;44,72043;
2001-04-30;0;41,6;null;null;158,9;8,433333;22;221,6;null;1008,52;31,963333;26,644;23,84;91,441667;3;,577778;40,888889;
2001-05-31;0;44,9;null;null;183,7;7,376344;16;70,8;null;1008,327957;32,487097;27,087742;23,977419;91,741935;4;,623656;46,666667;
2001-06-30;0;40,7;null;null;146,2;7,577778;18;119,2;null;1009,973333;31,353333;26,14;23,233333;94,041667;3;,611111;40,388889;
2001-07-31;0;58,9;null;null;230,7;5,290323;14;77,2;null;1009,402151;33,270968;26,965161;23,16129;87,145161;3;,580645;50,344086;
2001-08-31;0;97,1;null;null;276,6;5,849462;7;19,1;null;1009,55914;35,141935;28,152258;23,016129;79,145161;7;,806452;48,064516;
2001-09-30;0;85,7;null;null;231,7;7,055556;9;72,7;null;1007,291111;34,253333;28,196;24,03;84,575;12;1,311111;47,611111;
2001-10-31;5;133,6;null;null;226,7;7,473118;9;104,7;1012,13908;1005,598925;35,829032;29,153548;24,767742;80,048387;4;1,207011;43,419355;
2001-11-30;0;102,8;null;null;195,3;7,033333;8;95,3;1011,487356;1006,346667;34,99;28,948;24,983333;82,975;3;,824444;40,377778;
2001-12-31;5;107,2;null;null;189,2;7,258065;9;52,1;1010,592135;1005,478495;34,858065;29,205806;25,63871;81,691667;3;1,021505;50,44086;
2002-01-31;0;48,6;null;null;126,8;7,537634;18;180,2;1013,193023;1007,895699;31,66129;26,934194;24,158065;87,056452;5;,645161;47,032258;
2002-02-28;0;50,3;null;null;152,2;8,011905;20;256,6;1012,844578;1007,657143;32,435714;27,39;24,471429;88,589286;3;,916667;44,654762;
2002-03-31;0;48,9;null;null;151,1;8,505376;25;271,6;1013,106593;1007,85914;32,087097;26,925161;24,132258;88,451613;4;,736559;43,870968;
2002-04-30;0;49,4;null;null;172,4;7,944444;20;295,8;1012,55;1007,348889;32,566667;27,298621;24,52069;87,55;10;,822222;44,544444;
2002-05-31;0;51,8;null;null;186,7;7,365591;20;150;1013,220225;1007,95914;32,848387;27,607097;24,864516;88,919355;10;,677419;46,16129;
2002-06-30;0;54,3;null;null;200,4;6,344444;15;100;1015,073333;1009,805556;32,84;27,345333;23,96;90,575;8;,622222;48,044444;
2002-07-31;0;76,4;null;null;267,9;4,903226;5;28,2;1014,912308;1009,643011;34,212903;27,892258;23,632258;84,491935;3;,795699;57,516129;
2002-08-31;0;83,2;null;null;264,2;5,430108;9;49,6;1013,794872;1008,792473;34,906452;28,138065;23,680645;83,572581;3;,83871;48,83871;
2002-09-30;0;107,7;null;null;262,8;5,644444;6;47,2;1013,120225;1007,915556;36,576667;29,252;24,503333;78,366667;5;,977778;44,966667;
2002-10-31;5;101,6;null;null;216,2;6,268817;7;81;1011,997849;1006,754839;35,564516;29,145806;24,919355;78,967742;3;,903226;43,096774;
2002-11-30;0;74,7;null;null;188,9;6,511111;9;92,7;1012,444444;1007,214444;34,436667;28,698;24,766667;84,758333;9;,755556;38,177778;
2002-12-31;0;75,7;null;null;null;6,83871;13;170,7;1012,990217;1007,769892;33,741935;28,244516;24,906452;84,5;3;,763441;44,408602;
2003-01-31;5;66,5;176,760778;176,760778;174,6;7,666667;17;79,6;1013,251613;1008,016129;32,96129;28,189032;24,970968;87,129032;5;1,043011;48,27957;
2003-02-28;0;43,6;128,85163;128,85163;110,4;7,97619;23;276,6;1013,416049;1008,097619;31,382143;26,68;23,896429;89,491071;3;,511905;43,392857;
2003-03-31;0;48,7;145,461587;145,461587;131,4;8,247312;25;406,8;1013,039474;1007,822581;31,835484;26,891613;24,190323;88,709677;4;,636559;41,88172;
2003-04-30;0;47,8;145,311669;145,311669;169,2;7,797222;22;300,4;1013,476667;1008,242222;32,46;27,169333;24,44;89,316667;4;,633654;46,355556;
2003-05-31;0;55,2;159,534111;159,534111;199,1;7,354839;20;138,6;1013,735484;1008,498925;33,129032;27,645806;24,506452;87;14;,548387;50,784946;
2003-06-30;0;50,3;147,475046;147,475046;205,3;6,955556;20;93;1014,023333;1008,806667;32,87;27,352667;24,173333;87,116667;6;,544444;47,288889;
2003-07-31;0;78,2;161,267027;78,990843;269,6;5,010753;8;54,6;1015,011957;1009,680645;34,409677;27,847742;23,164516;82,91129;4;,451613;56,086022;
2003-08-31;0;71,7;151,620093;127,2;209,5;6,774194;13;127,2;1014,933333;1009,67957;33,945161;27,404516;23,496774;84,459677;5;,763441;52,419355;
2003-09-30;0;67,8;null;null;215,9;7,7;11;109,5;1013,716667;1008,466667;33,896667;27,832667;23,606667;84,033333;2;,666667;48,333333;
2003-10-31;0;83,5;null;null;198,8;6,83871;7;86,4;1012,073118;1006,9;34,03871;28,672258;24,690323;83,540323;2;,741935;44,688172;
2003-11-30;0;58,2;null;null;null;7,5;11;169;1011,686667;1006,428889;33,5;27,900667;23,976667;85,691667;2;,544444;41,377778;
2003-12-31;0;78,8;null;null;null;6,752688;6;153,8;1011,993478;1006,754839;34,090323;28,551613;24,454839;82,943548;5;,806452;52,129032;
2004-01-31;0;46,3;null;null;null;8,763441;24;278,2;1012,060215;1006,788172;31,716129;26,943871;23,53871;90,040323;2;,483871;40,860215;
2004-02-29;0;37,4;null;null;110,9;8,862069;22;510,9;1013,76092;1008,506897;30,862069;26,270345;23,606897;90,206897;3;,54023;38,505747;
2004-03-31;0;44;null;null;128;8;27;494,9;1012,865591;1007,61828;31,425806;26,732903;23,890323;90,419355;2;,483871;45,827957;
2004-04-30;0;47,2;null;null;141,9;7,411111;14;110,6;1013,07191;1007,834444;32,483333;27,328;24,61;88,708333;5;,588889;51,411111;
2004-05-31;0;54,6;null;null;166,5;7,419355;19;142,5;1013,734783;1008,454839;32,848387;27,505161;24,583871;89,169355;3;,419355;47,935484;
2004-06-30;0;55,6;null;null;null;5,988889;15;91,6;1015,7;1010,39;32,793333;26,857333;23,096667;87,658333;7;,422222;52,666667;
2004-07-31;0;75,1;null;null;250,5;5,860215;10;14,5;1014,517204;1009,249462;33,909677;27,405161;23,058065;85,951613;5;,548387;55,268817;
2004-08-31;0;86,7;null;null;258,2;4,946237;10;63,3;1015,128261;1009,921505;34,822581;27,988387;23,583871;83,362903;2;,537634;59,172043;
2004-09-30;0;83,8;null;null;226,2;6,477778;10;110;1013,322222;1008,088889;34,636667;28,454667;24,05;81,225;3;,655556;44,777778;
2004-10-31;0;79,8;null;null;193,9;7,333333;11;133,5;1012,142857;1006,808602;34,53871;28,366452;24,467742;80,443548;4;,709677;40,537634;
2004-11-30;0;87,5;null;null;214;6,4;6;55,9;1011,419318;1006,115556;35,64;29,285333;24,9;78,875;4;,922222;38,444444;
2004-12-31;0;82,2;null;null;152,6;7,397849;8;58,5;1011,65914;1006,394624;34,706452;28,841935;25;83,33871;4;,827957;39,354839;
2005-01-31;0;82,6;null;null;186,4;7,16129;11;114;1011,397849;1006,152688;34,522581;28,601935;24,912903;82,766129;5;,935484;48,548387;
2005-02-28;0;44,1;null;null;121,4;8,464286;23;267,6;1011,952381;1006,713095;32,839286;27,384286;24,475;88,410714;3;,559524;43,452381;
2005-03-31;0;46,9;null;null;141,4;8,623656;23;370,9;1013,58172;1008,336559;32,470968;27,13871;24,216129;88,532258;3;,537634;42,956989;
2005-04-30;0;49,4;null;null;175,8;7,511111;22;161,8;1012,971111;1007,716667;33,27;27,499333;24,373333;88,058333;4;,411111;51,377778;
2005-05-31;0;51,6;null;null;175,9;7,225806;21;249,6;1013,235484;1007,984946;32,6;27,539355;24,683871;89,717742;2;,290323;52,365591;
2005-06-30;0;67,3;null;null;241,9;5,333333;10;88,7;1013,77;1008,552222;34,026667;28,088;24,183333;86,608333;4;,422222;57,355556;
2005-07-31;0;78,4;null;null;254,4;4,107527;5;63;1015,190323;1009,943011;34,403226;28,023871;23,703226;83,266129;2;,354839;61,182796;
2005-08-31;0;92,2;null;null;219,3;5,322581;4;31,1;1013,878261;1008,66129;35,554839;28,472258;23,758065;80,153226;3;,516129;48,27957;
2005-09-30;0;98,9;null;null;241,7;7,302778;11;77,6;1013,29;1008,001111;35,55;29,018667;24,46;78,391667;14;1,252086;46,088889;
2005-10-31;0;97;null;null;193,9;6,139785;7;78,6;1012,158065;1006,986022;35,9;29,412903;24,922581;78,943548;4;,827957;43,978495;
2005-11-30;0;76,3;null;null;153,9;7,511111;11;121,9;1010,895556;1005,89;34,536667;28,414667;24,363333;82,916667;6;,788889;44,444444;
2005-12-31;0;45,6;null;null;104,3;8,430108;19;405,3;1011,58172;1006,333333;31,877419;26,696129;23,793548;89,758065;4;,473118;43,709677;
2006-01-31;0;46,7;null;null;117,3;7,709677;19;205,7;1011,917204;1006,380645;31,945161;26,754194;23,906452;89,322581;2;,44086;48,860215;
2006-02-28;0;42,5;null;null;112,6;8,77381;24;334;1012,607229;1007,494048;31,728571;26,655;24,014286;89,125;3;,654762;45,952381;
2006-03-31;0;46,7;null;null;148,3;8,494624;24;349,2;1013,139785;1008,189247;31,948387;26,753548;23,8;88,903226;4;,591398;47,290323;
2006-04-30;0;45;null;null;129,2;8,644444;21;328,9;1012,921111;1007,777778;31,616667;26,506667;23,913333;89,816667;3;,433333;47,488889;
2006-05-31;0;37;null;null;125,4;8,623656;28;261,1;1014,690323;1009,426882;31,329032;26,349032;23,783871;90,596774;2;,365591;48,16129;
2006-06-30;0;62,7;149,526185;149,526185;233,4;5,488889;11;71,9;1014,593333;1009,358889;33,566667;27,522667;23,66;84,625;3;,444444;59,911111;
2006-07-31;0;74,6;138,37782;81,673815;230;5,580645;12;61;1014,839785;1009,650538;34,419355;27,587097;22,980645;81,524194;2;,387097;63,634409;
2006-08-31;0;84,1;166,896104;26,9;265,4;5,043011;10;26,9;1013,751613;1008,515054;35,367742;28,057419;22,532258;79,451613;3;,7;60,516129;
2006-09-30;0;104,1;179,127305;34,2;252;6,911111;7;34,2;1013,575281;1008,336667;35,92;28,688667;23,286667;77,966667;4;,977778;49,444444;
2006-10-31;0;107,1;197,011043;197,011043;220,6;7,096774;6;235,9;1011,819355;1006,604301;35,951613;29,114839;23,858065;76,677419;3;,806452;44,451613;
2006-11-30;0;70,6;163,899521;163,899521;183;7,866667;14;135,9;1011,811111;1006,42;34,353333;27,862;23,303333;84,15;3;,666667;46,044444;
2006-12-31;0;85,5;179,480553;73,000479;199,8;7,16129;6;62;1012,736559;1007,362366;34,545161;28,317419;23,580645;80,846774;3;,978495;52,88172;
2007-01-31;0;75,8;179,149147;179,149147;203,4;7,107527;15;205,6;1012,331183;1007,12043;34,46129;28,349677;23,732258;82,645161;4;,892473;53,72043;
2007-02-28;0;45,2;125,230199;125,230199;122;7,642857;20;369,1;1013,527381;1008,286905;32,521429;26,481429;22,328571;88,348214;3;,642857;46,357143;
2007-03-31;0;46,4;139,405877;139,405877;null;8,634409;25;371,4;1012,886022;1007,639785;32,470968;26,547742;22,703226;89,008065;3,1;,453763;46,494624;
2007-04-30;0;44,2;145,311669;145,311669;149,6;8,355556;22;333,5;1013,51;1008,252222;31,493333;27,19;24,283333;88,533333;6;,655556;49,666667;
2007-05-31;0;48,7;157,361409;157,361409;183,4;7,55914;22;216,7;1013,419355;1008,333333;32,070968;27,564516;24,822581;87,540323;5;,505376;52,193548;
2007-06-30;0;65,1;149,526185;129,1;235,7;5,155556;10;29,1;1014,573333;1009,318889;32,883333;27,594;23,873333;82,2;4;,523333;62,2;
2007-07-31;0;74,5;159,078585;56,8;245,9;6,849462;9;56,8;1014,676344;1009,441935;33,283871;27,612903;24,119355;82,024194;5;,644086;57,247312;
2007-08-31;0;90,2;178,480641;26,2;249,7;5,408602;7;26,2;1013,41828;1008,194624;34,222581;28,492903;24,545161;80,862903;10;,666667;53,548387;
2007-09-30;0;85,5;176,77235;163,2;236,2;4,888889;8;162,9;1013,805556;1008,581111;33,86;28,546667;24,773333;80,958333;8,7;,747778;56,622222;
2007-10-31;0;91,8;184,481074;56,4;null;6,806452;5;23,7;1012,256989;1007,089247;33,387097;28,659355;24,941935;79,782258;3;,849462;49,677419;
2007-11-30;0;84;182,443776;182,443776;null;7,111111;10;186,2;1011,173333;1005,935556;33,79;28,762;25,213333;79,716667;3,1;1,02;48,222222;
2007-12-31;0;54,3;152,29002;152,29002;null;8,462366;19;257,6;1011,977419;1007,431183;31,796774;27,105161;24,296774;86,387097;3,1;,586022;50,774194;
2008-01-31;0;45,4;139,637499;139,637499;105,8;8,075269;21;287,2;1012,459783;1007,07957;30,680645;26,494194;24,074194;87,475806;3;,516129;50,580645;
2008-02-29;0;44,4;133,453474;133,453474;136,9;8,448276;19;239,3;1013,418391;1008,150575;31,141379;26,686207;24,065517;87,543103;3;,633333;49,701149;
2008-03-31;0;41,3;129,684996;129,684996;120,8;8,935484;26;492,5;1013,565591;1008,280645;30,596774;26,091613;23,829032;88,209677;4;,565591;45,935484;
2008-04-30;0;38,3;131,592246;131,592246;132,1;8,5;24;214,6;1012,547778;1007,294444;30,84;26,546667;24,083333;88,6;3;,444444;48,777778;
2008-05-31;0;43,5;138,742369;138,742369;161,5;8,290323;23;204,1;1013,843956;1008,563441;31,112903;26,807097;24,241935;88,572581;3;,387097;50,580645;
2008-06-30;0;52,8;145,438275;145,432904;203,1;6,166667;17;144,4;1014,44382;1009,255556;32,56;27,252;23,983333;83,883333;6;,366667;56,022222;
2008-07-31;0;72,8;156,936623;133,922021;199,8;5,462366;11;81,5;1014,423656;1009,210753;33,687097;27,63871;23,577419;80,112903;6;,677419;60,150538;
2008-08-31;0;84,1;173,828694;104,385673;null;6,075269;6;75,2;1012,726882;1007,476344;34,664516;28,438065;24,380645;79,387097;10;,739785;55,956989;
2008-09-30;0;76,7;172,188671;105,256295;231,3;6,366667;11;95,9;1013,243333;1008,016667;34,14;28,468667;24,826667;78,441667;3;,666667;58,577778;
2008-10-31;0;86;184,538747;47,56665;229,9;7,354839;11;41,4;1012,615054;1007,421505;34,826667;28,600645;24,99;75,846774;4;,903226;53,354839;
2008-11-30;0;65,6;163,934634;163,934634;171,9;7,944444;18;262,4;1011,794444;1006,505556;33,193333;28,019333;24,52;82,066667;3;,722222;54,266667;
2008-12-31;0;50,1;150,176189;150,176189;130,4;8,44086;21;179,3;1012,123656;1006,888172;31,764516;26,994839;24,222581;84,040323;3;,494624;51,634409;
2009-01-31;0;48,3;149,893005;149,893005;145,6;7,827957;22;194,8;1013,053763;1007,807527;31,580645;27,042581;24,409677;84,709677;2;,494624;53,44086;
2009-02-28;0;38,9;127,031413;127,031413;112,3;8,75;24;314,7;1012,715476;1007,44881;31,271429;26,626429;24,139286;86,669643;3;,583333;49,880952;
2009-03-31;0;42,3;141,403406;141,403406;122,7;8,860215;29;335,5;1012,551613;1007,312903;31,332258;26,694194;24,090323;86,330645;4;,677419;49,333333;
2009-04-30;0;40,5;145,311669;145,311669;144,2;8,133333;23;368,9;1013,633333;1008,412222;31,68;26,872667;24,143333;84,825;6;,593333;51,711111;
2009-05-31;0;39,9;140,755058;140,755058;144,1;8,032258;20;295,1;1014,104301;1008,744086;31,280645;26,757419;24,23871;87,274194;4;,544086;49,741935;
2009-06-30;0;40,9;137,528508;137,528508;179,3;6,711111;18;165,3;1014,472222;1009,24;31,823333;26,903333;24,16;87,516667;4;,377778;58,777778;
2009-07-31;0;64,7;159,078585;136,747627;null;5,021505;14;83,9;1014,256989;1009,073118;33,674194;27,734194;24,087097;83,080645;3;,55914;62,322581;
2009-08-31;0;98,1;193,151222;50,33926;276,8;3,892473;6;10,8;1013,150538;1007,916129;35,635484;29,12129;24,980645;76,75;6;,634409;70,172043;
2009-09-30;0;100,4;193,745454;57,866381;259,8;6,077778;8;41,8;1013,652222;1008,441111;35,93;29,180667;24,84;79,208333;3;,855556;56,888889;
2009-10-31;0;102,4;207,47736;53,556243;215,5;6,602151;11;52,1;1011,784946;1006,535484;35,945161;29,492903;25,6;73,548387;3,3;,845161;43,774194;
2009-11-30;9;110,3;221,31816;9,543673;234,5;4,722222;4;9,2;1010,921111;1005,691111;36,34;30,225333;25,866667;70,116667;3,5;1,052222;49,011111;
2009-12-31;0;79,8;179,480553;176,901193;139,3;7,333333;12;177,5;1012,194565;1006,936559;33,412903;28,267742;25,125806;79,346774;11,5;1,065591;51,677419;
2010-01-31;0;58,1;162,919408;155,903093;178,8;7,784946;17;155,9;1012,608602;1007,372043;32,367742;27,621935;24,967742;82,862903;4,4;,98172;52,731183;
2010-02-28;0;45,3;150,165102;150,165102;160,5;7,666667;21;349,7;1011,85119;1006,613095;32,517857;27,819286;24,760714;84,669643;3;,65;53,595238;
2010-03-31;0;55,5;173,965394;173,965394;201;7,225806;24;186;1012,376344;1007,055914;33,2;28,142581;25,077419;82,846774;4,2;,703226;54,688172;
2010-04-30;0;35,7;145,311669;145,311669;136,5;8,533333;27;494,7;1012,834831;1007,544444;31,963333;27,242;24,653333;88,358333;3,3;,293333;47,911111;
2010-05-31;0;32,9;159,534111;158,540756;176,7;7,193548;22;145,1;1013,156989;1007,901075;32,219355;27,674839;25,106452;86,935484;3;,349462;54,387097;
2010-06-30;0;50;151,598251;134,258176;232,5;5,822222;14;98,7;1014,8;1009,554444;33,146667;27,612667;24,196667;83,941667;3;,338889;62,355556;
2010-07-31;0;56,3;154,767389;117,008262;222,9;5,55914;13;93,7;1014,153763;1008,930108;33,058065;27,5;24,209677;82,354839;3,5;,372043;61,548387;
2010-08-31;0;86,2;176,117801;29,209333;254,5;5,344086;4;6,6;1013,845161;1008,598925;35,316129;28,523226;23,906452;77,266129;3;,466667;49,946237;
2010-09-30;0;85,4;183,906412;58,09121;108,6;6,166667;7;54,4;1012,415556;1007,354444;35,276667;28,977333;24,116667;81,208333;3;,881111;47,666667;
2010-10-31;0;81,3;189,420396;189,420396;229;7,215054;13;201,5;1012,030108;1006,807527;35,341935;28,819355;24,5;76,806452;12,1;,688172;54,709677;
2010-11-30;0;64,6;170,682513;147,69293;172,9;7,377778;13;144,6;1011,163333;1005,94;33,563333;28,179333;24,85;81,85;3;,503333;54,033333;
2010-12-31;0;47,2;154,431695;154,431695;139;8,107527;21;238,3;1010,927957;1005,544086;32,012903;27,135484;24,070968;86,354839;3;,366667;53,204301;

