Nome: FLORESTAL
Codigo Estacao: 83581
Latitude: -19.885422
Longitude: -44.416889
Altitude: 753.51
Situacao: Desativada
Data Inicial: 1981-01-01
Data Final: 2010-12-31
Periodicidade da Medicao: Mensal

Data Medicao;DIRECAO PREDOMINANTE DO VENTO, MENSAL(° (gr));EVAPORACAO DO PICHE, MENSAL(mm);EVAPOTRANSPIRACAO POTENCIAL, BH MENSAL(mm);EVAPOTRANSPIRACAO REAL, BH MENSAL(mm);INSOLACAO TOTAL, MENSAL(h);NEBULOSIDADE, MEDIA MENSAL(décimos);NUMERO DE DIAS COM PRECIP. PLUV, MENSAL(número);PRECIPITACAO TOTAL, MENSAL(mm);PRESSAO ATMOSFERICA, MEDIA MENSAL(mB);TEMPERATURA MAXIMA MEDIA, MENSAL(°C);TEMPERATURA MEDIA COMPENSADA, MENSAL(°C);TEMPERATURA MINIMA MEDIA, MENSAL(°C);UMIDADE RELATIVA DO AR, MEDIA MENSAL(%);VENTO, VELOCIDADE MAXIMA MENSAL(m/s);VENTO, VELOCIDADE MEDIA MENSAL(m/s);VISIBILIDADE, MEDIA MENSAL(codigo);
1981-01-31;32;60,2;null;null;115,7;7,643678;15;320,7;null;28,106897;21,909655;17,748276;82,060345;3;1,402299;66,206897;null;
1981-02-28;5;104;null;null;214,6;4,691358;3;38,6;null;29,985185;22,414074;16,37037;72,342593;5;1,481481;70;null;
1981-03-31;14;null;null;null;121,7;7,179487;10;94,3;null;29,419231;22,655385;18,184615;77,144231;3;1,294872;67,884615;null;
1981-04-30;5;83,8;null;null;231,1;4,436782;2;18,4;null;27,7;19,266897;13,024138;75,37931;3;1,149425;70;null;
1981-05-31;5;85,5;null;null;209,5;4,193182;2;14,6;null;26,465517;17,302069;11,241379;76,741379;3;1,147727;70;null;
1981-06-30;32;64,3;null;null;196,5;4,174419;5;46,8;null;24,4;14,917241;9,093103;79,508621;5;1,069767;70;null;
1981-07-31;23;100;null;null;240,5;3,367816;null;0;null;24,862069;13,24069;6,917241;75,974138;5;1,172414;69,830508;null;
1981-08-31;5;116,1;null;null;207,2;3,066667;2;31,1;null;27,083333;16,690667;9,683333;68,866667;5;1,433333;70;null;
1981-09-30;5;null;null;null;171,7;2,615385;null;0;null;30,115385;19,93;12,423077;62,317308;3;1,371795;70;null;
1981-10-31;5;null;null;null;108,4;7,024691;10;133,7;null;27,32963;20,882222;16,337037;74,990741;5;1,592593;67,777778;null;
1981-11-30;5;null;null;null;117,8;8,071429;17;439,4;null;27,775;22,016429;18,142857;81,8125;3;1,059524;65,357143;null;
1981-12-31;5;83,5;null;null;145,8;7,244444;19;302,8;null;28,193333;22,167333;17,746667;79,925;3;1,041111;67;null;
1982-01-31;14;75,3;null;null;97,6;8,310345;20;392,2;null;26,941379;21,616552;18,158621;81,405172;3;1,195402;66,551724;null;
1982-02-28;5;null;null;null;205,8;4,960526;3;39,2;null;30,396;22,7096;16,312;70,73;3;1,421053;70;null;
1982-03-31;32;null;null;null;105,4;8,233766;13;185,1;null;27,726923;22,153846;18,830769;82,711538;3;1,246753;69,038462;null;
1982-04-30;14;89,4;null;null;174,7;5,567901;7;115,5;null;26,533333;19,440741;13,588889;76,307692;3;1,296296;68,703704;null;
1982-05-31;5;99,1;null;null;210;4,8;4;33,1;null;25,31;16,927333;11,28;76,241667;3;1,188889;69;null;
1982-06-30;32;null;null;null;200,5;3,552632;null;0;null;26,82;17,3872;10,508;76,26;3;1,078947;70;null;
1982-07-31;32;130,8;null;null;252,4;2,782609;1;6,4;null;25,696774;15,291613;8,629032;76,209677;3;1,195652;70;null;
1982-08-31;5;155,1;null;null;189,9;4,111111;2;3,6;null;27,8;17,898;11,27;71,258333;5;1,4;69,833333;null;
1982-09-30;5;207,3;null;null;229,5;4,166667;2;4,8;null;29,006667;19,408;12,46;66,858333;5;1,622222;70;null;
1982-10-31;5;140,9;null;null;177,4;6,811111;11;124,1;null;29,536667;21,84;16,723333;74,808333;5;1,366667;67,166667;null;
1982-11-30;5;165,2;null;null;205,1;5,896552;7;68,1;null;31,772414;23,782759;17,968966;70,633929;3;1,16092;70;null;
1982-12-31;32;99,6;null;null;75,5;8,892473;21;347,5;null;27,825806;22,053548;18,293548;81,177419;3;1,139785;67,258065;null;
1983-01-31;32;null;null;null;65,1;8,907895;21;666,3;null;27,108;21,9816;18,848;84,91;5;1,184211;64,6;null;
1983-02-28;null;null;null;null;null;null;1;317,4;null;null;null;null;null;null;null;null;null;
1983-03-31;null;null;null;null;null;7,627119;12;309,1;null;27,285;21,446;17,53;83,25;3;1,067797;null;null;
1983-04-30;null;null;null;null;null;null;1;168,7;null;29,04375;21,4675;15,95625;77,265625;3;null;null;null;
1983-05-31;null;null;null;null;null;null;null;50,2;null;null;null;null;null;null;null;null;null;
1983-06-30;null;null;null;null;null;null;null;0;null;null;null;null;null;null;null;null;null;
1983-07-31;null;null;null;null;null;null;1;28,4;null;27,03125;16,91;10,6125;77,296875;1;null;null;null;
1983-08-31;23;null;null;null;null;2,469697;null;1,8;null;28,509091;17,453636;9,527273;70,056818;3;1,30303;null;null;
1983-09-30;14;99,2;null;null;83,6;6,816092;9;69,7;null;27,458621;20,082759;15,503448;76,275862;5;1,551724;67,931034;null;
1983-10-31;14;108,8;null;null;110,9;7,185185;13;236,4;null;26,992593;20,426667;15,907407;78,148148;5;1,493827;63,333333;null;
1983-11-30;5;null;null;null;null;8,272727;18;471,3;null;27,259091;21,548182;17,427273;82,113636;3;1,121212;null;null;
1983-12-31;null;null;null;null;null;null;15;373,4;null;26,23125;21,52625;18,68125;85,71875;3;null;null;null;
1984-01-31;null;null;null;null;null;null;8;124,5;null;null;null;null;null;null;null;null;null;
1984-02-29;null;null;null;null;null;null;null;null;null;null;null;null;null;null;null;null;null;
1984-03-31;null;null;null;null;null;null;5;31;null;null;null;null;null;3;null;null;null;
1984-04-30;14;null;null;null;null;4,622951;1;2,6;null;28,57;21,019;14,88;73,3375;3;1,131148;null;null;
1984-05-31;null;null;null;null;null;null;null;0;null;null;null;null;null;null;null;null;null;
1984-06-30;null;null;null;null;null;null;null;0;null;null;null;null;null;null;null;null;null;
1984-07-31;32;null;null;null;154,4;2,84;null;0;null;27,9;16,924;9,336;71,24;3;1,106667;70;null;
1984-08-31;32;null;null;null;null;4,555556;2;29,4;null;27,993333;18,089333;11,206667;69,333333;5;1,311111;null;null;
1984-09-30;32;120,7;null;null;165,5;4,4375;6;80,1;null;27,574074;18,532593;12,603704;74,583333;3;1,1875;67,777778;null;
1984-10-31;5;137,2;null;null;186,9;5,107143;5;72,9;null;29,667857;21,494286;15,457143;73,116071;3;1,22619;67,321429;null;
1984-11-30;5;null;null;null;null;6,217391;8;209;null;29,817391;22,278261;16,752174;74,358696;3;1,26087;66,304348;null;
1984-12-31;32;null;null;null;null;8,894737;15;282,6;null;28,2;22,087368;18,952632;81,381579;5;1,175439;null;null;
1985-01-31;null;null;null;null;null;null;null;null;null;null;null;null;null;null;null;null;null;
1985-02-28;null;null;null;null;null;null;null;null;null;null;null;null;null;null;null;null;null;
1985-03-31;null;null;null;null;null;null;null;null;null;null;null;null;null;null;null;null;null;
1985-04-30;null;null;null;null;null;null;null;null;null;null;null;null;null;null;null;null;null;
1985-05-31;null;null;null;null;null;null;null;null;null;null;null;null;null;null;null;null;null;
1985-06-30;null;null;null;null;null;null;null;null;null;null;null;null;null;null;null;null;null;
1985-07-31;null;null;null;null;null;null;null;null;null;null;null;null;null;null;null;null;null;
1985-08-31;null;null;null;null;null;null;null;null;null;null;null;null;null;null;null;null;null;
1985-09-30;null;null;null;null;null;null;null;null;null;null;null;null;null;null;null;null;null;
1985-10-31;null;null;null;null;null;null;null;null;null;null;null;null;null;null;null;null;null;
1985-11-30;null;null;null;null;null;null;null;null;null;null;null;null;null;null;null;null;null;
1985-12-31;null;null;null;null;null;null;null;null;null;null;null;null;null;null;null;null;null;
1986-01-31;null;null;null;null;null;null;null;null;null;null;null;null;null;null;null;null;null;
1986-02-28;null;null;null;null;null;null;null;null;null;null;null;null;null;null;null;null;null;
1986-03-31;null;null;null;null;null;null;null;null;null;null;null;null;null;null;null;null;null;
1986-04-30;null;null;null;null;null;null;null;null;null;null;null;null;null;null;null;null;null;
1986-05-31;null;null;null;null;null;null;null;null;null;null;null;null;null;null;null;null;null;
1986-06-30;null;null;null;null;null;null;null;null;null;null;null;null;null;null;null;null;null;
1986-07-31;null;null;null;null;null;null;null;null;null;null;null;null;null;null;null;null;null;
1986-08-31;null;null;null;null;null;null;null;null;null;null;null;null;null;null;null;null;null;
1986-09-30;null;null;null;null;null;null;null;null;null;null;null;null;null;null;null;null;null;
1986-10-31;null;null;null;null;null;null;null;null;null;null;null;null;null;null;null;null;null;
1986-11-30;null;null;null;null;null;null;null;null;null;null;null;null;null;null;null;null;null;
1986-12-31;null;null;null;null;null;null;null;null;null;null;null;null;null;null;null;null;null;
1987-01-31;32;102,1;null;null;177,4;6,5;16;181,7;null;30,409677;23,457419;18,674194;73,822581;3;1,152174;58,709677;null;
1987-02-28;5;111,9;null;null;160,6;6,095238;6;61,4;null;30,467857;23,620714;18,203571;70,580357;3;1,214286;58,571429;null;
1987-03-31;32;109,2;null;null;205,3;5,290323;10;249,9;null;30,087097;22,845806;17,312903;72,870968;8;1,146237;59,193548;null;
1987-04-30;5;100,6;null;null;218,6;5,111111;9;116,2;null;28,776667;21,762667;15,873333;74,683333;3;1,044444;58,666667;null;
1987-05-31;32;93,6;null;null;229,2;4,752688;6;11,1;null;28,13871;20,396774;14,145161;73,693548;3;1,129032;60;null;
1987-06-30;23;79,6;null;null;202,3;4,277778;2;8,8;null;26,056667;17,206;10,04;74,825;3;1,155556;60;null;
1987-07-31;23;102,8;null;null;282,5;2,580645;2;8,4;null;27,748387;17,351613;8,822581;70,306452;5;1,152688;60;null;
1987-08-31;23;162,3;null;null;251,1;2,451613;2;2,7;null;29,341935;18,445161;9,732258;64,266129;5;1,301075;59,354839;null;
1987-09-30;14;133,4;null;null;183,6;5,3;10;51,8;null;29,223333;20,740667;14,433333;67,575;5;1,2;58,666667;null;
1987-10-31;5;153,7;null;null;200,8;5,860215;10;85;null;32,251613;23,618065;16,893548;60,274194;5;1,408602;60;null;
1987-11-30;32;122,1;null;null;169,6;6,777778;13;114,5;null;30,223333;23,134;17,94;64,433333;5;1,177778;58,666667;null;
1987-12-31;32;80,3;null;null;143,2;7,602151;20;610,9;null;28,73871;22,625161;18,651613;71,91129;3;1,193548;55,483871;null;
1988-01-31;32;100,9;null;null;231;6,182796;14;170,2;null;31,316129;24,050968;18,567742;65,217742;3;1,172043;58,064516;null;
1988-02-29;32;73,8;null;null;113,8;8,103448;18;336;null;29,872414;23,161379;18,986207;69,422414;3;1,127586;55,689655;null;
1988-03-31;14;100,6;null;null;219,2;4,666667;9;139,6;null;30,425806;22,767097;16,7;64,645161;3;1,172043;60;null;
1988-04-30;14;87,4;null;null;210,2;4,9;10;92,1;null;29,383333;22,565333;16,833333;66,698276;4;1,1;60;null;
1988-05-31;23;88,3;null;null;248,8;4,010753;4;18,3;null;28,583871;20,393548;13,180645;65,564516;3;1,043011;59,354839;null;
1988-06-30;23;99,6;null;null;247,3;3,322222;3;1,6;null;26,143333;17,053333;8,83;62,308333;5;1,266667;60;null;
1988-07-31;14;141,9;null;null;286,7;2,193548;0;0;null;25,16129;15,156129;6,483871;58,556452;5;1,258065;60;null;
1988-08-31;5;179;null;null;276;2,55914;0;0;null;27,554839;16,905161;7,832258;54,91129;5;1,451613;60;null;
1988-09-30;5;225,9;null;null;253,8;2,9;1;48;null;31,2;21,230667;12,646667;46,925;5;1,288889;59,333333;null;
1988-10-31;14;123,9;null;null;159,2;6,537634;13;86;null;27,93871;21,194194;16,009677;61,935484;6,9;1,170968;57,258065;null;
1988-11-30;14;118,2;null;null;171,9;6,377778;12;130,7;null;27,616667;21,371333;16,37;63,925;3;1,133333;56,666667;null;
1988-12-31;5;102,9;null;null;178,6;6,795699;18;255,7;null;29,222581;22,489032;17,509677;64,024194;3;1,021505;54,83871;null;
1989-01-31;5;136,1;null;null;222,6;6,150538;12;135,3;null;30,63871;23,204516;17,564516;60,790323;5;1,27957;59,354839;null;
1989-02-28;32;85,7;null;null;161,8;6,642857;16;271,9;null;30,528571;23,372857;18,278571;62,928571;3;1,095238;57,857143;null;
1989-03-31;14;73,8;null;null;217,4;5,430108;14;236,4;null;30,077419;22,760645;17,267742;63,693548;3;1,043011;57,377049;null;
1989-04-30;14;67,9;null;null;262,8;3,6;4;3,1;null;30,726667;22,412;15,256667;57,35;3;1,133333;60;null;
1989-05-31;14;117;null;null;253,3;3,645161;2;5,8;null;27,093548;18,423226;10,970968;55,435484;3;1,27957;60;null;
1989-06-30;32;91,1;null;null;223,9;4,344444;7;42,1;null;25,933333;17,402667;10,093333;58,125;3;1,133333;60;null;
1989-07-31;27;112,3;null;null;271,6;3,16129;5;35,9;null;25,687097;14,918065;7,354839;56,540323;5;1,215054;59,354839;null;
1989-08-31;14;140,6;null;null;260,6;3,83871;3;46,1;null;26,858065;17,767097;10,587097;54,903226;5;1,55914;58,709677;null;
1989-09-30;5;129;null;null;232,5;4,522222;6;34,9;null;30,29;21,442;14,373333;52,075;3;1,2;60;null;
1989-10-31;14;69,2;null;null;235,5;5,569892;12;174,8;null;29,329032;21,370323;15,435484;55,540323;3;1,150538;58,064516;null;
1989-11-30;5;90,6;null;null;150,6;6,855556;17;252;null;27,99;21,962667;17,626667;58,383333;3;1,088889;58;null;
1989-12-31;5;112,4;null;null;144,5;7,27957;17;399,8;null;27,280645;21,717419;17,351613;59,66129;3;1,322581;51,612903;null;
1990-01-31;5;158,3;null;null;296,2;4,709677;9;179,5;null;31,393548;23,502581;17,203226;52,330645;3;1,215054;58,709677;null;
1990-02-28;32;105,3;null;null;189,1;5,809524;14;128,8;null;30,846429;23,055;17,903571;56,276786;3;1,142857;58,571429;null;
1990-03-31;5;113,4;null;null;251,3;5,225806;12;111,8;null;31,36129;23,445161;18;56,669355;3;1,086022;60;null;
1990-04-30;23;109,6;null;null;264,7;4,222222;7;47,5;null;30,35;22,592;16,523333;55,758333;3;1,111111;60;null;
1990-05-31;23;90,5;null;null;237;4,311828;6;46,2;null;27,412903;18,625161;11,777419;55,427419;3;1,129032;60;null;
1990-06-30;23;109,9;null;null;249,5;2,833333;1;1,8;null;26,493333;16,433333;8,953333;52,258333;3;1,066667;60;null;
1990-07-31;14;113,6;null;null;247;3,623656;8;32,8;null;26,758065;16,644516;10,251613;53,209677;3;1,193548;59,354839;null;
1990-08-31;14;139;null;null;156,9;5,107527;6;40,8;null;24,077419;16,206452;10,964;52,83871;5;1,193548;58,709677;null;
1990-09-30;5;146,6;null;null;189,8;5,1;5;31,3;null;null;null;12,117857;51,366667;5;1,333333;58,666667;null;
1990-10-31;14;110,3;null;null;214,1;5,139785;8;63,6;null;23,587097;20,836129;15,719355;50,096774;3;1,365591;58,709677;null;
1990-11-30;5;126,7;null;null;247,9;5,366667;15;180,2;null;25,546667;22,475333;17,453333;53,166667;4;1,211111;59,333333;null;
1990-12-31;14;126,3;null;null;null;5,827957;15;171,4;null;28,993548;22,631613;17,306452;57,677419;3;1,172043;59,354839;null;
1991-01-31;32;63,4;null;null;null;8,075269;25;677,3;null;27,225806;21,979355;18,393548;63,008065;3;1,064516;49,677419;null;
1991-02-28;32;88,7;null;null;185,7;6,571429;16;136,6;null;29,95;23,097857;18,678571;58,151786;3;1,142857;60;null;
1991-03-31;5;123,4;null;null;167,8;5,913978;17;258,8;null;28,674194;22,287097;17,812903;56,08871;3;1,27957;58,709677;null;
1991-04-30;36;127,3;null;null;238,7;3,666667;null;54,8;null;28,406667;21,189333;17,38;51,2;3;1,022222;59,833333;null;
1991-05-31;32;88,5;null;null;252,2;3,709677;null;4,8;null;26,619355;18,887097;15,03871;49,75;1;1;54,677419;null;
1991-06-30;5;116,8;null;null;253,4;3,311111;null;0;null;26,666667;17,694667;14,04;47,233333;1;1;60;null;
1991-07-31;9;133,6;null;null;222;3,817204;null;1,4;null;25,732258;16,566452;8,9;44,459677;1;,990323;58,387097;null;
1991-08-31;5;179;null;null;251,7;3,397849;null;0;null;27,409677;17,534194;9,46129;38,443182;1;,990323;60;null;
1991-09-30;5;156,6;null;null;186,3;4,5;null;63,6;null;28,223333;19,309333;11,726667;40,525;5;1,151111;46,833333;null;
1991-10-31;5;164,1;null;null;226,2;5,129032;null;91,1;null;28,354839;21,042581;14,887097;44,653226;1;1;55,873016;null;
1991-11-30;5;118,1;null;null;185,7;6,2;16;142,1;null;29,383333;22,521333;17,39;50,85;1;1;56,833333;null;
1991-12-31;5;98,4;null;null;158,8;6,27957;21;212,6;null;29,583871;23,096774;18,448387;54,693548;1;1;59,516129;null;
1992-01-31;32;64,4;null;null;89,5;8,107527;29;535,9;null;27,390323;22,366452;19,016129;62,475806;1;1;45,322581;null;
1992-02-29;5;108,8;null;null;171,4;6,16092;15;257,6;null;27,713793;21,413793;16,424138;57,198276;1;1;52,586207;null;
1992-03-31;5;108,3;null;null;201,9;5,634409;null;68,4;null;29,46129;21,656129;15,958065;52,685484;1;,980645;58,548387;null;
1992-04-30;32;94,3;null;null;162,7;5,4;null;50,8;null;29,306667;21,613333;16,223333;55,066667;1;1;59,310345;null;
1992-05-31;32;103,4;null;null;240,1;3,806452;null;51,5;null;28,4;19,858065;13,216129;52,983871;1;,990323;60;null;
1992-06-30;32;115,5;null;null;225,6;3,722222;null;0;null;26,33;17,131333;9,936667;48,966667;1;,98;60;null;
1992-07-31;27;133,8;null;null;233,8;3,591398;null;8,4;null;26,245161;16,508387;9,003226;46,758065;3;1,064516;60;null;
1992-08-31;5;165,1;null;null;205,1;4,086022;null;6;null;27,564516;17,754839;10,93871;44,379032;1;1;60;null;
1992-09-30;5;128,2;null;null;141,2;5,9;null;159,8;null;26,003333;19,061333;14,326667;50,658333;3;1,033333;49,25;null;
1992-10-31;32;131,5;null;null;139,5;6,021505;null;82,2;null;28,112903;21,522581;16,193548;52,596774;4;1,150538;55,483871;null;
1992-11-30;32;105,7;null;null;141,8;6,622222;16;193;null;27,8;21,755333;17,046667;54,975;1;1;53,433333;null;
1992-12-31;32;110,5;null;null;154;6,698925;19;462,8;null;28,46129;22,101935;17,835484;57,830645;1;1;54,354839;null;
1993-01-31;32;122,4;null;null;196,7;5,494624;16;166,6;null;30,048387;23,147097;17,745161;54,741935;1;1;58,870968;null;
1993-02-28;5;91,8;null;null;159,9;6,333333;17;245,2;null;29,25;22,647857;17,525;56,580357;1;1;59,464286;null;
1993-03-31;32;128,8;null;null;212;3,989247;null;56,6;null;31,451613;23,274194;16,690323;51,405172;1;,970968;60;null;
1993-04-30;32;90,5;null;null;188,6;4,344444;null;146,1;null;29,126667;21,640667;15,53;53,841667;1;1;57,5;null;
1993-05-31;32;93,3;null;null;206,4;3,935484;null;16,4;null;26,396774;18,218065;10,974194;50,717742;1;1;58,951613;null;
1993-06-30;32;85,5;null;null;217,4;3,45977;null;34,2;null;24,851724;16,063571;8,993103;50,026786;3;1,045977;59,051724;null;
1993-07-31;5;120,1;null;null;null;2,853933;null;1,4;null;27,606667;16,88;8,75;45,491667;1;1;59,166667;null;
1993-08-31;5;132;null;null;null;4,11828;null;14,6;null;27,309677;17,382581;10,016129;45,266129;5;1,139785;44,758065;null;
1993-09-30;5;165,9;null;null;171;4,233333;null;27,5;null;30,683333;20,775333;12,836667;40,474138;4;1,133333;37,333333;null;
1993-10-31;5;167,5;null;null;218,5;4,655914;null;51,2;null;29,845161;21,559355;15,180645;47,233871;1;1;58,064516;null;
1993-11-30;32;166;null;null;238,3;5,133333;null;106,8;null;30,896667;22,944;16,83;48,62931;6;1,088889;58,278689;null;
1993-12-31;5;102,9;null;null;null;7,390805;16;137,3;null;28,806897;22,433103;17,758621;54,37931;1;1;57,413793;null;
1994-01-31;32;78;null;null;null;7,533333;17;272,6;null;28,626667;22,323333;18,123333;56,741667;1;1;59,333333;null;
1994-02-28;5;156,5;null;null;232,1;4,047619;null;51,8;null;32,760714;23,638571;17,167857;48,285714;1;1;60;null;
1994-03-31;32;72,9;null;null;133,6;7,483871;20;411,4;null;28,403226;21,760645;17,341935;57,274194;1;1;52,096774;null;
1994-04-30;32;88,2;null;null;239,8;3,255556;null;61,8;null;28,896667;20,782667;14,476667;50,841667;1;1;60;null;
1994-05-31;32;85,1;null;null;218,6;3,569892;null;84,4;null;28,367742;19,52129;12,541935;51,201613;1;1;60;null;
1994-06-30;32;89,6;null;null;219,5;2,788889;null;21,2;null;26,313333;16,006667;8,306667;47,258333;1;1;60;null;
1994-07-31;32;114,5;null;null;241,4;2,892473;null;0;null;26,467742;15,852258;7,996774;45,58871;1;1;60;null;
1994-08-31;14;163;null;null;252,7;2,16129;null;0;null;28,177419;16,514839;7,709677;40,193548;2;1,172043;56,129032;null;
1994-09-30;5;208,3;null;null;232,2;3;null;7,4;null;30,74;18,918667;11,06;42,4;2;1,367816;50,5;null;
1994-10-31;5;214,9;null;null;201,8;4,860215;null;18,8;null;31,829032;22,472903;16,135484;42,524194;4;1,354839;56,774194;null;
1994-11-30;5;155,9;null;null;130,2;6,8;null;126,8;null;33,48;24,704;17,18;48,041667;4;1,311111;55;null;
1994-12-31;5;109,7;null;null;170,5;6,462366;17;439,4;null;null;null;17,674194;53,604839;6;1,258065;58,225806;null;
1995-01-31;32;135,7;null;null;229,2;5,473118;null;160,4;null;null;null;18,232258;51,967742;2;1,053763;57,822581;null;
1995-02-28;32;88;null;null;164,4;5,964286;null;190;null;30,003571;22,702143;17,8;54,607143;4;1,142857;52,142857;null;
1995-03-31;32;101,4;null;null;206;5,88172;15;365,6;null;30,203226;21,953548;16,441935;53,895161;4;1,334409;45,080645;null;
1995-04-30;32;80,2;null;null;194,2;5,177778;null;99;null;29,06;20,884;15,013333;52,216667;3;1,266667;47,868852;null;
1995-05-31;32;71,5;null;null;192,6;4,355556;null;25,2;null;27,2;18,816;12,386667;53,366667;5,9;1,311111;48,833333;null;
1995-06-30;32;87,9;null;null;228,5;2,877778;null;0;null;26,276667;15,629333;8,15;47,791667;6;1,383333;54,166667;null;
1995-07-31;9;125,3;null;null;259,4;2,924731;null;0;null;27,332258;16,87871;9,264516;46,685484;3;1,408602;60;null;
1995-08-31;5;172,1;null;null;257,2;2,483871;null;0;null;30,029032;18,127742;9,735484;44,346774;4;1,397849;60;null;
1995-09-30;5;178,2;null;null;178,8;4,288889;null;72,2;null;29,76;19,574;12,196667;67,066667;4;1,677778;53,333333;null;
1995-10-31;5;121,4;null;null;188,5;5,634409;null;174,2;null;29,548387;21,72;15,864516;69,5;4;1,193548;46,854839;null;
1995-11-30;32;106,7;null;null;178,8;6,233333;null;141,2;null;28,246667;21,036;15,946667;72,516667;2;1,211111;49,5;null;
1995-12-31;32;88,9;null;null;135,6;7,354839;18;397,9;null;29,267742;22,521935;18,080645;78,75;2;1,11828;44,596774;null;
1996-01-31;32;115,7;null;null;211,1;5,182796;null;93,6;null;30,983871;22,425806;17,025806;76,217742;2;1,204301;56,048387;null;
1996-02-29;32;null;null;null;129,4;6,693333;null;156,8;null;30,956;23,0224;18,252;77,06;4;1,226667;54,9;null;
1996-03-31;5;82,2;null;null;173,1;5,709677;null;138,4;null;30,232258;22,596129;17,141935;79,008065;9,1;1,373118;50;null;
1996-04-30;32;100,5;null;null;212,3;3,922222;null;20,2;null;28,993333;20,026667;13,646667;71,258333;3;1,344444;60;null;
1996-05-31;32;85,5;null;null;215;3,849462;null;23,6;null;26,7;16,603871;9,712903;71,16129;2;1,182796;56,612903;null;
1996-06-30;14;103,8;null;null;245,4;3,011111;null;2;null;26,126667;14,964667;7,236667;68,5;5;1,488889;60;null;
1996-07-31;32;117,9;null;null;271,3;2,645161;null;7,4;null;26,874194;14,986452;6,929032;66,782258;4;1,322581;60;null;
1996-08-31;32;143,2;null;null;241,1;3,602151;null;24;null;27,458065;16,509677;9,464516;65,951613;4;1,494624;48,666667;null;
1996-09-30;32;141,8;null;null;185,3;5,288889;null;55,6;null;27,726667;18,762667;13,293333;71,158333;4;1,377778;42,583333;null;
1996-10-31;32;141,3;null;null;174,2;5,483871;null;70,6;null;30,235484;21,580645;16,532258;71,959677;3;1,247312;41,111111;null;
1996-11-30;32;101,3;null;null;142,2;6,777778;null;495,3;null;27,196667;20,726;16,62;77,533333;3;1,211111;43,333333;null;
1996-12-31;32;79,4;null;null;145,4;8,043011;24;475,4;null;29,348387;22,214194;18,154839;80,637097;2;1,064516;51,048387;null;
1997-01-31;32;74,8;null;null;137,4;7,419355;20;356,8;null;29,212903;22,339355;18,23871;80,870968;5;1,193548;50,806452;null;
1997-02-28;null;null;null;null;null;null;null;38,4;null;30,275;21,823;16,43;73,175;4;null;null;null;
1997-03-31;null;null;null;null;null;null;null;null;null;null;null;null;null;null;null;null;null;
1997-04-30;5;88,3;null;null;199,3;4,674157;null;101,6;null;27,92;19,606667;13,98;74,2;3;1,224719;58;null;
1997-05-31;32;83,8;null;null;224,5;3,967742;null;40,7;null;25,383871;16,70129;10,858065;70,846774;5;1,397849;53,467742;null;
1997-06-30;32;68,5;null;null;220,9;3,644444;null;40;null;24,593333;15,472;9,256667;72,958333;5;1,266667;51,916667;null;
1997-07-31;32;74,5;null;null;248,3;3,408602;null;,6;null;25,506452;14,830323;8,070968;70,201613;8,1;1,391398;60;null;
1997-08-31;32;100,9;null;null;279;2,27957;null;4;null;27,496774;15,788387;8,141935;65,572581;4;1,397849;55,645161;null;
1997-09-30;32;124,1;null;null;211,9;4,455556;null;51,8;null;31,746667;20,992;14,78;67,433333;5;1,622222;42,295082;null;
1997-10-31;32;114;null;null;221,8;4,935484;null;46,4;null;30,96129;21,830968;16,367742;68,822581;4;1,451613;51,451613;null;
1997-11-30;5;104;null;null;185,5;5,91954;null;180,2;null;31,253333;23,515333;18,773333;72,05;4;1,188889;53,275862;null;
1997-12-31;32;73,4;null;null;162;6,849462;22;295,6;null;29,854839;23,184516;19,174194;78,153226;4;1,27957;53,5;null;
1998-01-31;32;75,8;null;null;175,7;6,569892;16;202;null;30,7;23,40129;19,345161;77,645161;4;1,27957;55,370968;null;
1998-02-28;32;77,3;null;null;176,1;6,25;null;218;null;31,432143;23,855714;19,525;76,714286;5;1,369048;53,392857;null;
1998-03-31;32;86,2;null;null;205,3;4,817204;null;43,6;null;31,132258;23,106452;18,322581;73,532258;4;1,408602;60;null;
1998-04-30;14;77,8;null;null;197,4;4,711111;null;26;null;29,993333;21,308;16,066667;72,758333;4;1,3;60;null;
1998-05-31;32;74,4;null;null;183,9;4,537634;null;63,2;null;27,141935;17,869032;12,132258;71,322581;3;1,333333;58,467742;null;
1998-06-30;14;62,7;null;null;173,1;4,166667;null;7,6;null;25,753333;15,466667;9,273333;69,891667;3;1,288889;60;null;
1998-07-31;14;82,9;null;null;229;2,505376;null;0;null;27,287097;14,947742;8,077419;69,282258;3;1,493548;60;null;
1998-08-31;5;101,2;null;null;202,4;3,988889;null;20,6;null;29,325806;18,703871;12,722581;69,25;5;1,432258;60;null;
1998-09-30;5;138,1;null;null;176,7;4,111111;null;0;null;31,63;20,859333;14,773333;64,066667;4;1,777778;60;null;
1998-10-31;5;101,4;null;null;137,1;6,769231;null;67,8;null;29,03871;21,596129;17,109677;71,798387;4;1,516129;60;null;
1998-11-30;32;71,7;null;null;149,5;7,044944;null;305,2;null;28,606667;21,553333;17,42;74,908333;4;1,266667;60;null;
1998-12-31;32;83,5;null;null;166,7;6,860215;19;235,4;null;29,883871;23,192903;19,016129;76,153226;4;1,548387;60;null;
1999-01-31;32;83,2;null;null;207;6,064516;15;214,8;null;31,045161;23,019355;18,251613;73,919355;3;1,505376;60;null;
1999-02-28;5;84,5;null;null;145,5;6,214286;null;39,4;null;30,164286;22,788571;18,1;72,392857;3;1,511905;60;null;
1999-03-31;32;68,2;null;null;173,5;6,150538;null;262,8;null;29,535484;22,234839;18,070968;76,379032;3;1,408602;60;null;
1999-04-30;14;85,8;null;null;222;4,255556;null;3,8;null;30,006667;20,504;14,866667;71,25;4;1,578889;60;null;
1999-05-31;14;87,8;null;null;218,4;3,591398;null;1,2;null;27,367742;16,803871;9,806452;71,145161;4;1,55914;60;null;
1999-06-30;32;82,5;null;null;188,5;4,077778;null;1,2;null;27,603333;16,466;9,633333;71,666667;4;1,411111;60;null;
1999-07-31;5;85,5;null;null;220,9;3,795699;null;0;null;28,03871;17,24;10,348387;70,233871;4;1,419355;60;null;
1999-08-31;14;123,4;null;null;273,2;2,795699;null;0;null;28,529032;15,815484;8,096774;64,717742;4;1,645161;60;null;
1999-09-30;14;119;null;null;198,4;4,622222;null;21,6;null;29,86;18,824;12,16;65,675;3;1,5;60;null;
1999-10-31;14;110;null;null;155,2;6,150538;null;74,6;null;28,864516;19,925161;14,587097;69,903226;3;1,387097;60;null;
1999-11-30;32;81;null;null;168,7;6,733333;null;223,4;null;28,42;20,462667;16,02;74,925;3;1,344444;60;null;
1999-12-31;32;71,4;null;null;153,7;7,021505;15;196,2;null;29,148387;21,834839;17,129032;76,370968;4;1,365591;60;null;
2000-01-31;32;80,1;null;null;169,6;6,72043;18;330;null;30,03871;22,603871;18,341935;78,83871;3;1,150538;60;null;
2000-02-29;32;61,4;null;null;164;6,632184;12;80;null;30,17931;22,477241;17,882759;76,267241;4;1,345977;60;null;
2000-03-31;5;66,3;null;null;175,3;6,16129;11;186;null;29,258065;22,148387;17,496774;77,080645;3;1,344086;60;null;
2000-04-30;9;71,7;null;null;233,5;4,077778;4;17;null;29,02;20,514667;14,44;73,9;3;1,088889;60;null;
2000-05-31;14;78,8;null;null;262,9;3,462366;1;5;null;27,774194;17,77871;10,654839;71,225806;3;1,42043;60;null;
2000-06-30;14;75,8;null;null;246;2,777778;0;0;null;27,573333;15,789333;7,793333;69,358333;4;1,322222;60;null;
2000-07-31;14;81,8;null;null;218,3;4,268817;2;5;null;26,683871;15,995484;8,577419;69,701613;3;1,323656;60;null;
2000-08-31;5;107,5;null;null;244,7;3,655914;2;14,4;null;28,993548;17,932903;10,419355;66,903226;3;1,290323;60;null;
2000-09-30;14;84;null;null;158,4;5,8;8;55,8;null;27,433333;19,120667;13,99;71,9;3;1,422222;60;null;
2000-10-31;14;133,7;null;null;223,4;5,075269;8;104,3;null;32,345161;22,128387;16,032258;68,072581;3;1,326882;60;null;
2000-11-30;14;66,7;null;null;114,2;7,644444;18;298,7;null;27,686667;21,189333;17,04;77,95;4;1,255556;60;null;
2000-12-31;32;82,4;null;null;144,9;7,129032;17;249;null;30,732258;23,130968;18,793548;75,701613;3;1,290323;60;null;
2001-01-31;5;87,1;null;null;189,4;6,268817;12;235,5;null;30,867742;22,62;17,890323;73,290323;4;1,451613;60;null;
2001-02-28;5;98,3;null;null;216,9;4,952381;7;45,6;null;33,603571;23,573571;17,95;70,785714;4;1,47619;60;null;
2001-03-31;32;91,2;null;null;193,2;5,602151;6;88,4;null;31,245161;22,486452;17,232258;73,637097;3;1,236559;60;null;
2001-04-30;32;93,2;null;null;246,7;3,6;3;9,6;null;31,57;21,291333;14,933333;69,783333;4;1,233333;60;null;
2001-05-31;32;84,1;null;null;204;4,355556;6;35,5;null;28,86129;18,856129;12,13871;70,524194;3;1,225806;60;null;
2001-06-30;14;76;null;null;233,8;3,688889;0;0;null;27,89;17,749333;9,966667;69,716667;3;1,255556;null;null;
2001-07-31;23;94,4;null;null;238,8;3,16129;1;1,2;null;28,512903;17,469032;9,303226;68,137097;3;1,44086;null;null;
2001-08-31;5;106,8;null;null;224,2;4,096774;2;6,2;null;27,729032;17,827742;9,851613;67,887097;3;1,655914;null;null;
2001-09-30;14;111,8;null;null;161,2;5,122222;6;37,3;null;29,096667;20,582;13,633333;69;3;1,566667;null;null;
2001-10-31;5;94,3;null;null;199,2;5,290323;10;109;null;29,33871;21,153548;15,122581;71,806452;3;1,483871;null;null;
2001-11-30;32;83,4;null;null;153,2;6,855556;14;165,9;null;30,406667;23,582;18,416667;75,316667;1;1;null;null;
2001-12-31;32;73;null;null;113,4;7,311828;19;304,6;null;29,454839;22,671613;18,035484;76,903226;3;1,430108;null;null;
2002-01-31;5;92,2;null;null;143,7;6,860215;16;230,6;null;31,277419;23,747742;19,051613;75,645161;3;1,311828;null;null;
2002-02-28;32;57,6;null;null;89,9;7,666667;15;190,4;null;29,614286;22,78;18,678571;77,660714;3;1,190476;null;null;
2002-03-31;5;82,1;null;null;181,3;5,702381;10;30,7;null;31,546429;23,507143;17,632143;73,535714;3;1,357143;null;null;
2002-04-30;14;92,3;null;null;216,3;3,8;2;21,6;null;31,643333;22,184;15,036667;70,516667;2;1,277778;null;null;
2002-05-31;null;null;null;null;null;null;0;0;null;null;null;null;null;null;null;null;null;
2002-06-30;null;null;null;null;null;null;0;0;null;null;null;null;null;null;null;null;null;
2002-07-31;null;null;null;null;null;null;0;0;null;null;null;null;null;null;null;null;null;
2002-08-31;null;null;null;null;null;null;0;0;null;null;null;null;null;null;null;null;null;
2002-09-30;null;null;null;null;null;null;null;0;null;null;null;null;null;null;null;null;null;
2002-10-31;null;136,9;null;null;null;null;3;30;null;33,616129;null;null;null;null;null;null;null;
2002-11-30;null;95,7;null;null;null;null;9;117,2;null;30,786667;null;null;null;null;null;null;null;
2002-12-31;null;97,3;null;null;null;null;17;246,1;null;31,03;null;null;null;null;null;null;null;
2003-01-31;null;66,9;143,461625;143,461625;null;null;26;425,9;null;29,767742;null;null;null;null;null;null;null;
2003-02-28;null;98,2;null;null;null;null;5;77,2;null;32,603846;null;null;null;null;null;null;null;
2003-03-31;null;83,5;null;null;null;null;16;153,6;null;30,36129;null;null;null;null;null;null;null;
2003-04-30;null;88,3;null;null;null;null;5;21;null;30,03;null;null;null;null;null;null;null;
2003-05-31;null;102,7;null;null;null;null;3;26,2;null;27,767742;null;null;null;null;null;null;null;
2003-06-30;null;106,2;null;null;null;null;0;0;null;29,141379;null;null;null;null;null;null;null;
2003-07-31;null;98,2;null;null;null;null;0;0;null;27,766667;null;null;null;null;null;null;null;
2003-08-31;null;95,9;null;null;null;null;3;6,4;null;28,558065;null;null;null;null;null;null;null;
2003-09-30;null;113,6;null;null;null;null;4;6,1;null;30,396667;null;null;null;null;null;null;null;
2003-10-31;null;121,6;null;null;null;null;6;9,2;null;31,583333;null;null;null;null;null;null;null;
2003-11-30;null;101;null;null;null;null;15;207,4;null;30,693333;null;null;null;null;null;null;null;
2003-12-31;null;110;null;null;null;null;18;145,6;null;30,716129;null;null;null;null;null;null;null;
2004-01-31;null;88,2;null;null;null;null;16;290,6;null;29,629032;null;null;null;null;null;null;null;
2004-02-29;null;79,9;null;null;null;null;20;277,8;null;29;null;null;null;null;null;null;null;
2004-03-31;null;92;null;null;null;null;12;86,7;null;30,229032;null;null;null;null;null;null;null;
2004-04-30;null;83,4;null;null;null;null;12;103,5;null;29,106667;null;null;null;null;null;null;null;
2004-05-31;null;88;null;null;null;null;3;9,5;null;27,964516;null;null;null;null;null;null;null;
2004-06-30;null;72,9;null;null;null;null;5;36;null;26,34;null;null;null;null;null;null;null;
2004-07-31;null;79,2;null;null;null;null;3;46,8;null;25,235484;null;null;null;null;null;null;null;
2004-08-31;null;98,8;null;null;null;null;0;0;null;28,909677;null;null;null;null;null;null;null;
2004-09-30;null;114,4;null;null;null;null;0;0;null;32,856667;null;null;null;null;null;null;null;
2004-10-31;null;95,1;null;null;null;null;8;56,8;null;30,653333;null;null;null;null;null;null;null;
2004-11-30;null;103,9;null;null;null;null;11;81,7;null;32,316667;null;null;null;null;null;null;null;
2004-12-31;null;79,1;null;null;null;null;22;328,6;null;29,316129;null;null;null;null;null;null;null;
2005-01-31;null;90,2;null;null;null;null;24;336,7;null;30,493548;null;null;null;null;null;null;null;
2005-02-28;null;89,7;125,707821;125,707821;null;null;11;183;null;31,332143;null;null;null;null;null;null;null;
2005-03-31;null;87,2;132,444542;132,444542;null;null;17;276,8;null;30,177419;null;null;null;null;null;null;null;
2005-04-30;null;102,1;118,348349;118,348349;null;null;4;28,2;null;31,16;null;null;null;null;null;null;null;
2005-05-31;null;86,5;null;null;null;null;4;31,5;null;27,709677;null;null;null;null;null;null;null;
2005-06-30;null;76,5;103,295465;21;null;null;2;20,8;null;25,446667;null;null;null;null;null;null;null;
2005-07-31;null;70;107,162777;0;null;null;3;7,8;null;26,093548;null;null;null;null;null;null;null;
2005-08-31;null;93,3;113,461586;3;null;null;1;3;null;28,374194;null;null;null;null;null;null;null;
2005-09-30;null;88,6;119,571203;85,1;null;null;10;90,9;null;29,236667;null;null;null;null;null;null;null;
2005-10-31;null;120,8;133,489384;26,2;null;null;5;26,2;null;32,054839;null;null;null;null;null;null;null;
2005-11-30;null;62,6;null;null;null;null;22;311,5;null;27,28;null;null;null;null;null;null;null;
2005-12-31;null;83,8;null;null;null;null;16;263,6;null;28,229032;null;null;null;null;null;null;null;
2006-01-31;null;100;143,461625;143,461625;null;null;11;193;null;30,666667;null;null;null;null;null;null;null;
2006-02-28;null;97,6;null;null;null;null;13;109,5;null;32;null;null;null;null;null;null;null;
2006-03-31;null;89,6;null;null;null;null;17;184,3;null;29,583871;null;null;null;null;null;null;null;
2006-04-30;null;82,7;null;null;null;null;7;89,3;null;28,913333;null;null;null;null;null;null;null;
2006-05-31;null;80,2;111,952314;111,952314;null;null;4;23;null;27,233333;null;null;null;null;null;null;null;
2006-06-30;null;null;103,295522;103,295522;null;null;null;null;null;null;null;null;null;null;null;null;null;
2006-07-31;null;null;107,162429;107,162429;null;null;null;null;null;null;null;null;null;null;null;null;null;
2006-08-31;null;null;113,461752;113,461752;null;null;null;null;null;null;null;null;null;null;null;null;null;
2006-09-30;null;null;119,571203;119,571203;null;null;null;null;null;null;null;null;null;null;null;null;null;
2006-10-31;null;null;null;null;null;null;null;null;null;null;null;null;null;null;null;null;null;
2006-11-30;null;null;null;null;null;null;null;null;null;null;null;null;null;null;null;null;null;
2006-12-31;null;null;null;null;null;null;23;437,3;null;null;null;null;null;null;null;null;null;
2007-01-31;null;null;null;null;null;null;20;245,7;null;null;null;null;null;null;null;null;null;
2007-02-28;null;null;null;null;null;null;12;94,2;null;null;null;null;null;null;null;null;null;
2007-03-31;null;null;null;null;null;null;null;null;null;null;null;null;null;null;null;null;null;
2007-04-30;null;null;null;null;null;null;null;null;null;null;null;null;null;null;null;null;null;
2007-05-31;null;83,2;null;null;null;null;2;14,6;null;28,057143;null;null;null;null;null;null;null;
2007-06-30;null;80,5;null;null;null;null;1;5,6;null;27,66;null;null;null;null;null;null;null;
2007-07-31;null;85,9;null;null;null;null;1;13;null;27,9;null;null;null;null;null;null;null;
2007-08-31;null;89,3;null;null;null;null;0;0;null;28,780645;null;null;null;null;null;null;null;
2007-09-30;null;94,1;null;null;null;null;0;0;null;30,636667;null;null;null;null;null;null;null;
2007-10-31;null;106,1;null;null;null;null;5;51,8;null;32,035484;null;null;null;null;null;null;null;
2007-11-30;null;90,6;null;null;null;null;12;169;null;30,526667;null;null;null;null;null;null;null;
2007-12-31;null;96,9;null;null;null;null;13;180,6;null;30,66129;null;null;null;null;null;null;null;
2008-01-31;null;82,9;null;null;null;null;18;330,8;null;29,196774;null;null;null;null;null;null;null;
2008-02-29;null;84,6;null;null;null;null;16;210,6;null;30,382759;null;null;null;null;null;null;null;
2008-03-31;null;89,5;null;null;null;null;18;376;null;30,245161;null;null;null;null;null;null;null;
2008-04-30;null;85,8;null;null;null;null;11;111,6;null;30,056667;null;null;null;null;null;null;null;
2008-05-31;null;86,8;null;null;null;null;0;0;null;28,267742;null;null;null;null;null;null;null;
2008-06-30;null;82,6;null;null;null;null;3;5,3;null;27,68;null;null;null;null;null;null;null;
2008-07-31;null;76,1;null;null;null;null;0;0;null;26,919355;null;null;null;null;null;null;null;
2008-08-31;null;90,2;null;null;null;null;2;48,8;null;29,493548;null;null;null;null;null;null;null;
2008-09-30;null;83,2;null;null;null;null;8;77,6;null;29,436667;null;null;null;null;null;null;null;
2008-10-31;null;95,9;null;null;null;null;8;34,9;null;32,117241;null;null;null;null;null;null;null;
2008-11-30;null;77,1;null;null;null;null;17;257,5;null;29,503448;null;null;null;null;null;null;null;
2008-12-31;null;75,2;null;null;null;null;20;487,2;null;28,366667;null;null;null;null;null;null;null;
2009-01-31;null;75,7;null;null;null;null;20;320,6;null;29,763333;null;null;null;null;null;null;null;
2009-02-28;null;null;null;null;null;null;12;265,7;null;30,854167;null;null;null;null;null;null;null;
2009-03-31;null;94,8;null;null;null;null;11;135,4;null;31,267857;null;null;null;null;null;null;null;
2009-04-30;null;72,1;null;null;null;null;5;51,4;null;28,707407;null;null;null;null;null;null;null;
2009-05-31;null;null;null;null;null;null;null;null;null;null;null;null;null;null;null;null;null;
2009-06-30;null;null;null;null;null;null;null;null;null;null;null;null;null;null;null;null;null;
2009-07-31;null;null;null;null;null;null;null;null;null;null;null;null;null;null;null;null;null;
2009-08-31;null;80,3;null;null;null;null;2;21,2;null;28,267742;null;null;null;null;null;null;null;
2009-09-30;null;94;null;null;null;null;8;50,9;null;31,396552;null;null;null;null;null;null;null;
2009-10-31;null;90,3;null;null;null;null;11;237;null;30,019355;null;null;null;null;null;null;null;
2009-11-30;null;100,8;null;null;null;null;13;160,6;null;32,126667;null;null;null;null;null;null;null;
2009-12-31;null;78,7;null;null;null;null;26;429,4;null;28,735484;null;null;null;null;null;null;null;
2010-01-31;null;96,2;null;null;null;null;13;163,4;null;31,73871;null;null;null;null;null;null;null;
2010-02-28;null;null;null;null;null;null;7;60;null;32,85;null;null;null;null;null;null;null;
2010-03-31;null;94;null;null;null;null;19;210,4;null;30,658065;null;null;null;null;null;null;null;
2010-04-30;null;79,3;null;null;null;null;3;51,8;null;29,703704;null;null;null;null;null;null;null;
2010-05-31;null;77,9;null;null;null;null;5;48,2;null;27,231034;null;null;null;null;null;null;null;
2010-06-30;null;69,8;null;null;null;null;1;1,4;null;25,964286;null;null;null;null;null;null;null;
2010-07-31;null;74,3;null;null;null;null;null;0;null;27,027586;null;null;null;null;null;null;null;
2010-08-31;null;89,6;null;null;null;null;0;0;null;28,858065;null;null;null;null;null;null;null;
2010-09-30;null;84,5;null;null;null;null;5;61,1;null;29,81;null;null;null;null;null;null;null;
2010-10-31;null;88,3;null;null;null;null;10;147,3;null;29,83871;null;null;null;null;null;null;null;
2010-11-30;null;79,7;null;null;null;null;17;333,6;null;28,626667;null;null;null;null;null;null;null;
2010-12-31;null;96,5;null;null;null;null;17;305,8;null;31,380645;null;null;null;null;null;null;null;

