Nome: CONCEICAO DO ARAGUAIA
Codigo Estacao: 82861
Latitude: -8.25916666
Longitude: -49.26388888
Altitude: 179.02
Situacao: Operante
Data Inicial: 1981-01-01
Data Final: 2010-12-31
Periodicidade da Medicao: Mensal

Data Medicao;DIRECAO PREDOMINANTE DO VENTO, MENSAL(° (gr));EVAPORACAO DO PICHE, MENSAL(mm);EVAPOTRANSPIRACAO POTENCIAL, BH MENSAL(mm);EVAPOTRANSPIRACAO REAL, BH MENSAL(mm);INSOLACAO TOTAL, MENSAL(h);NEBULOSIDADE, MEDIA MENSAL(décimos);NUMERO DE DIAS COM PRECIP. PLUV, MENSAL(número);PRECIPITACAO TOTAL, MENSAL(mm);PRESSAO ATMOSFERICA, MEDIA MENSAL(mB);TEMPERATURA MAXIMA MEDIA, MENSAL(°C);TEMPERATURA MEDIA COMPENSADA, MENSAL(°C);TEMPERATURA MINIMA MEDIA, MENSAL(°C);UMIDADE RELATIVA DO AR, MEDIA MENSAL(%);VENTO, VELOCIDADE MAXIMA MENSAL(m/s);VENTO, VELOCIDADE MEDIA MENSAL(m/s);VISIBILIDADE, MEDIA MENSAL(codigo);
1981-01-31;32;null;null;null;115;5,03871;19;214,9;992,347312;30,534615;24,866923;20,619231;93,552083;7;2,590244;79,653846;null;
1981-02-28;32;null;null;null;147,9;5,540476;16;187,5;991,158228;32,153846;25,714615;21,019231;96,17;5;2,526316;79;null;
1981-03-31;36;46,4;null;null;76,8;7,324731;20;312,3;null;30,32069;25,088966;21,351724;96,543103;7;2,640449;73;null;
1981-04-30;9;77,7;null;null;211,3;2,264444;null;38,7;null;32,827586;26,711034;21,42069;94,060345;9;2,223881;82,517241;null;
1981-05-31;14;102,9;null;null;266,2;3,566667;null;1;null;34,041379;26,668276;20,103448;86,846154;7;2,340909;84;null;
1981-06-30;18;null;null;null;231;2,337778;null;7,6;null;null;null;19,504167;88,552083;7;2,567901;83,708333;null;
1981-07-31;18;null;null;null;null;2,208602;null;0;null;null;null;19,065217;87,782609;5;2,512195;80,347826;null;
1981-08-31;14;null;null;null;null;1,922581;null;7,7;null;null;null;19,925;89,25;9;2,706667;null;null;
1981-09-30;5;null;null;null;54,7;,736667;null;0;null;null;null;20,388462;89,01;6;2,940299;32,596154;null;
1981-10-31;5;null;null;null;130,2;3,360215;null;84,8;null;33,513333;26,822667;21,446154;92,25;8;3,266667;74,153846;null;
1981-11-30;18;null;null;null;111,6;5,42;null;260,8;null;31,542308;25,683846;21,4;94,740385;9;2,597561;73,269231;null;
1981-12-31;18;53,8;null;null;150;5,892473;null;195,9;null;31,824138;25,864138;21,348276;96,008929;10;2,784091;77,655172;null;
1982-01-31;5;27,6;null;null;63,1;6,753763;21;364,1;null;29,596429;24,780714;21,4;96,901786;7;2,511628;73,071429;null;
1982-02-28;5;42,7;null;null;113,8;7,064286;18;161,6;null;31,703704;25,274074;21,462963;94,759259;10;3;77,925926;null;
1982-03-31;5;45,9;null;null;141,1;4,994624;20;301,4;null;31,510345;25,851034;21,675862;96,37069;6;2,609756;78,37931;null;
1982-04-30;18;47,3;null;null;143,1;4,052222;15;156,4;null;31,985714;26,228571;21,885714;96,116071;7;2,630137;81,428571;null;
1982-05-31;18;null;null;null;188,7;3,675269;null;24,8;null;33,316;26,4808;20,9;93,32;5;2,837209;82,96;null;
1982-06-30;5;null;null;null;null;1,97;null;1;null;34,282609;26,426087;20,195652;91,108696;6;2,670886;83,695652;null;
1982-07-31;null;null;null;null;null;,762366;null;0;null;35,19375;26,1775;18,55625;88,879032;5;2,9;null;null;
1982-08-31;null;null;null;null;null;1,731183;null;15;null;null;null;null;90,91129;5;2,565217;null;null;
1982-09-30;5;80;null;null;118,9;3,134444;null;85;null;33,083333;26,096;21,22;94,241667;12;2,966292;64,1;null;
1982-10-31;18;null;null;null;null;3,17957;null;114,5;null;null;null;null;93,983871;7;2,933333;70,893617;null;
1982-11-30;18;59,5;null;null;160,6;6,466667;15;97,2;null;32,583333;25,874667;21,326667;95,933333;9;2,715556;76,333333;null;
1982-12-31;18;43,3;null;null;122,8;6,575269;17;187,8;null;31,819231;25,412308;21,280769;97,035714;7;2,761364;77;null;
1983-01-31;null;50,1;null;null;120,9;,775269;16;207,9;null;31,809677;26,033548;22,280645;null;6;2,951613;null;null;
1983-02-28;null;57;null;null;133,6;,782143;18;221,6;null;32,296429;26,527143;22,285714;null;6;2,839286;null;null;
1983-03-31;null;46,6;null;null;100,1;,776344;22;283,1;null;31,158065;25,626452;22,045161;null;12;3,016129;null;null;
1983-04-30;null;84,3;null;null;225,4;,465556;null;75,6;null;34,453333;27,638;22,216667;null;5;2,583333;null;null;
1983-05-31;null;124,5;null;null;272,9;,276344;null;13,6;null;35,9;28,069032;21,648387;null;7;2,967742;null;null;
1983-06-30;null;127,7;null;null;266,1;,235556;null;12,7;null;35,493333;27,11;20,25;null;5;3,033333;null;null;
1983-07-31;null;158,7;null;null;283;,247312;null;0;null;36,43871;27,212258;19,551613;null;6;3,225806;null;null;
1983-08-31;null;157,1;null;null;114,7;,484946;null;0;null;36,383871;27,427742;20,332258;null;7;3,258065;null;null;
1983-09-30;null;111,3;null;null;115,6;,538889;null;32,9;null;34,34;27,35;22,073333;null;6;3,183333;null;null;
1983-10-31;null;70,5;null;null;135,8;,715054;16;180,3;null;32,335484;25,776129;21,396774;null;9;3,177419;null;null;
1983-11-30;null;52,2;null;null;123,2;,764444;null;184,8;null;32,423333;25,852;21,5;null;5;2,75;null;null;
1983-12-31;null;47,8;null;null;139;,790323;19;297,2;null;31,648387;25,233548;21,022581;null;7;2,83871;null;null;
1984-01-31;null;59,5;null;null;158,1;,808602;18;113;null;31,558065;25,208387;20,7;null;6;2,83871;null;null;
1984-02-29;null;53,8;null;null;154,8;,796552;20;201,4;null;31,493103;25,151034;20,741379;null;7;2,931034;null;null;
1984-03-31;null;51;null;null;124,3;,745161;19;401;null;31,348387;25,590323;21,258065;null;5;2,66129;null;null;
1984-04-30;null;37,2;null;null;92,8;,81;25;375,3;null;30,3;25,098667;21,263333;null;5;2,45;null;null;
1984-05-31;null;null;null;null;201,2;,42875;null;46,8;null;33,192308;26,483077;20,992593;null;5;2,603774;null;null;
1984-06-30;null;140,5;null;null;269,5;,252222;null;28,8;null;34,08;25,878;18,936667;null;6;2,833333;null;null;
1984-07-31;null;180,9;null;null;266,1;,380645;null;3,2;null;35,16129;26,189677;18,593548;null;5;2,66129;null;null;
1984-08-31;null;160,9;null;null;184,1;,445161;null;13,5;null;35,467742;26,701935;19,506452;null;7;3,16129;null;null;
1984-09-30;null;107,9;null;null;149,1;,558889;null;49,5;null;33,93;26,748667;21,37;null;6;2,983333;null;null;
1984-10-31;null;73,9;null;null;127,6;,74086;17;216,8;null;32,287097;25,772258;21,177419;null;7;3,129032;null;null;
1984-11-30;null;68,5;null;null;173,4;,618889;null;88,7;null;32,636667;26,21;21,516667;null;8;3,033333;null;null;
1984-12-31;null;66,5;null;null;165,4;,695699;null;118,5;null;32,751613;26,295484;21,916129;null;9;2,693548;null;null;
1985-01-31;null;34,6;null;null;57,2;,902151;26;483,9;null;29,119355;24,365161;21,283871;null;5;2,677419;null;null;
1985-02-28;null;39,3;null;null;117,6;,805952;23;337,5;null;30,842857;24,894286;20,871429;null;5;2,75;null;null;
1985-03-31;null;45,5;null;null;109,4;,764516;25;192,5;null;31,322581;25,77871;21,909677;null;5;2,522581;null;null;
1985-04-30;null;41,7;null;null;101,9;,694444;22;281,4;null;30,626667;25,302667;21,553333;null;10;2,616667;null;null;
1985-05-31;null;73,9;null;null;222,8;,482796;null;66,7;null;32,448387;26,098065;20,954839;null;5;2,548387;null;null;
1985-06-30;null;113,5;null;null;220,5;,434444;null;3,5;null;33,363333;25,915333;19,546667;null;6;2,916667;null;null;
1985-07-31;null;133,4;null;null;263,2;,377419;null;27,5;null;33,606452;26,096774;19,367742;null;5;2,822581;null;null;
1985-08-31;null;150,3;null;null;208,4;,28172;null;8,2;null;35,393548;27,037419;19,770968;null;5;2,709677;null;null;
1985-09-30;null;129,7;null;null;153,8;,37;null;116,6;null;35,36;27,377333;21,09;null;9;2,816667;null;null;
1985-10-31;null;67,3;null;null;133,7;,749462;19;259,3;null;32,16129;25,862581;21,583871;null;6;2,693548;null;null;
1985-11-30;null;53,7;null;null;141,3;,74;null;137;null;31,92;26,028667;21,716667;null;5;2,533333;null;null;
1985-12-31;null;40,9;null;null;102,4;,77957;23;569,7;null;29,925806;25,018065;21,53871;null;6;2,774194;null;null;
1986-01-31;null;42,3;null;null;130,5;,83871;19;147,1;null;30,793548;25,006452;21,093548;null;5;2,516129;null;null;
1986-02-28;36;28,7;null;null;130,7;7,416667;18;252,1;null;30,985714;25,250714;20,760714;96,339286;5;2,25;78,409639;null;
1986-03-31;36;35,6;null;null;127,2;7,376344;24;365;null;31,154839;25,272258;20,932258;95,822581;5;2,483871;79,354839;null;
1986-04-30;36;46,1;null;null;131,9;6,733333;20;284;null;31,83;25,910667;21,82;94,208333;5;2,366667;80,8;null;
1986-05-31;5;84,1;null;null;221,4;4,354839;null;80,6;null;33,445161;26,835484;21,419355;88,66129;4;2,247312;82,817204;null;
1986-06-30;14;113,6;null;null;253,8;2,544444;null;7,6;null;33,5;25,992;19,69;87,45;6;2,611111;83,844444;null;
1986-07-31;14;120,7;null;null;239,5;3,924731;null;14,5;null;34,516129;26,749677;20,822581;91,862903;7;2,752688;77,376344;null;
1986-08-31;5;127,5;null;null;214,9;4,11828;null;9,7;null;34,848387;26,980645;20,829032;92,483871;8;2,55914;59,935484;null;
1986-09-30;5;120,8;null;null;128,7;4,811111;null;37,7;null;34,6;27,234667;21,66;92,375;7;2,644444;45,866667;null;
1986-10-31;14;59;null;null;120,7;8,268817;19;186,5;null;31,587097;25,792903;22,332258;96,185484;6;2,709677;75,462366;null;
1986-11-30;36;69,5;null;null;180,5;6,3;null;175,9;null;32,55;26,159333;22,013333;94,266667;5;2,422222;79,311111;null;
1986-12-31;18;57,9;null;null;151,3;6,752688;15;202;null;31,551613;25,867097;22,232258;95,177419;5;2,419355;79,204301;null;
1987-01-31;36;59,9;null;null;192,9;6,333333;17;116,4;null;32,070968;26,242581;22,070968;92,879032;8;2,505376;80,086022;null;
1987-02-28;14;50,1;null;null;146,2;6,988095;20;225,1;null;32,014286;25,981429;22,328571;93,25;8;2,630952;76,380952;null;
1987-03-31;18;38;null;null;83,8;7,860215;26;343,4;null;30,096774;25,341935;22,467742;94,806452;6;2,666667;76,88172;null;
1987-04-30;14;78,2;null;null;208;4,133333;null;109,5;null;33,873333;27,514;22,746667;95,333333;4;2,4;81,888889;null;
1987-05-31;5;91,4;null;null;null;3,397849;null;47,3;null;34,070968;27,544516;22,545161;94,112903;4;2,376344;83,698925;null;
1987-06-30;5;117,2;null;null;null;2,811111;null;3,1;null;35,163333;27,682;21,616667;89,066667;5;2,355556;84;null;
1987-07-31;9;159,4;null;null;null;2,784946;null;,2;null;36,283871;27,696774;20,377419;83,685484;5;2,494624;82,83871;null;
1987-08-31;36;140,6;null;null;160,4;2,698925;null;9,1;null;35,690323;27,754839;21,545161;89,919355;7;2,602151;40,505376;null;
1987-09-30;5;120,8;null;null;59,9;3,877778;null;167;null;35,243333;27,603333;22,493333;92,616667;4;2,422222;41,877778;null;
1987-10-31;null;null;null;null;null;2,81828;null;28,8;null;null;null;null;null;null;null;null;null;
1987-11-30;18;62;null;null;133,8;7,555556;15;109,3;null;32,663333;26,551333;23,18;94,908333;5;2,350562;74,786517;null;
1987-12-31;18;65,5;null;null;174,4;7,247312;15;239;null;32,6;26,690968;23,019355;96,096774;5;2,376344;77,677419;null;
1988-01-31;36;62,3;null;null;171,1;7,182796;21;177,1;null;31,980645;26,368387;22,764516;97,443548;5;2,516129;81,010753;null;
1988-02-29;18;65,6;null;null;133,8;7,712644;19;215,5;null;31,934483;26,314483;22,917241;97,568966;3;2,229885;77,448276;null;
1988-03-31;null;57,7;null;null;128,9;,776344;18;151,3;null;31,483871;26,245161;22,919355;null;null;null;null;null;
1988-04-30;36;56,6;null;null;141,5;6,044444;15;161,2;null;32,123333;26,606;23,02;96,65;5;2,382022;80,449438;null;
1988-05-31;14;97,2;null;null;216,4;3,946237;null;40,2;null;34,122581;27,184516;21,916129;93,080645;5;2,301075;83,849462;null;
1988-06-30;14;120,9;null;null;233,6;3,022222;null;10;null;34,186667;26,593333;20,886667;94,15;5;2,488889;83,733333;null;
1988-07-31;14;183,8;null;null;268;2,434783;null;0;null;34,951613;26,943871;20,016129;91,362903;7;3,215054;83,010753;null;
1988-08-31;14;186,3;null;null;195,6;1,451613;null;0;null;36,219355;27,021935;19,145161;90,064516;5;2,731183;62,731183;null;
1988-09-30;36;144,1;null;null;129,1;2,191011;null;98;null;36,08;28,152;21,943333;91,158333;8;2,744444;44,133333;null;
1988-10-31;36;67,4;null;null;165,3;6,258065;19;214,3;null;33,380645;26,669032;22,735484;94,258065;7;2,784946;77,741935;null;
1988-11-30;18;50,5;null;null;148,1;7,311111;21;359,4;null;31,986667;25,805333;22,37;95,291667;5;2,622222;73,844444;null;
1988-12-31;32;45;null;null;119,6;7,268817;24;428,1;null;30,8;25,48129;22,193548;94,395161;6;2,698925;74;null;
1989-01-31;18;51,9;null;null;158,7;7;21;176,7;null;31,325806;25,663226;22,183871;94,419355;5;2,634409;76,129032;null;
1989-02-28;5;51,4;null;null;150,1;7,261905;18;115,1;null;31,617857;25,663571;22,160714;93,553571;6;2,952381;75,619048;null;
1989-03-31;23;44,7;null;null;133,8;7,268817;24;266,7;1006,6;30,496774;25,129677;21,819355;94,983871;5;2,473118;75,913978;null;
1989-04-30;36;44,1;null;null;141,5;6,844444;22;287,3;null;31,363333;25,68;22,496667;94,591667;5;2,444444;79;null;
1989-05-31;14;67,2;null;null;204,7;5,612903;null;134,7;null;32,267742;26,109032;21,912903;96,201613;8;2,612903;81,16129;null;
1989-06-30;14;95,5;null;null;257,1;3,788889;null;32,4;null;33,79;26,858;21,52;90,675;5;2,555556;83,688889;null;
1989-07-31;18;130,4;null;null;272,8;3,505376;null;,4;null;34,419355;26,695484;20,490323;88,467742;5;2,580645;83,698925;null;
1989-08-31;5;133,9;null;null;257,8;3,419355;null;54,6;null;35,345161;27,137419;21,083871;88,427419;5;2,537634;82,924731;null;
1989-09-30;5;98,7;null;null;189,3;5,155556;null;81,4;null;34,4;26,883333;22,106667;89,275;5;2,522222;68,444444;null;
1989-10-31;36;77,7;null;null;147,9;5,849462;null;165,9;null;33,13871;26,22129;21,983871;96,125;9,5;2,692473;66,494624;null;
1989-11-30;null;61,9;null;null;148,7;,765556;null;null;null;32,263333;26,400667;22,643333;null;null;null;null;null;
1989-12-31;36;38,8;null;null;61,7;8,774194;25;637;null;29,412903;24,802581;22,196774;97,862903;6;2,413043;62,782609;null;
1990-01-31;36;62,5;null;null;161,5;5,935484;null;120,2;null;32,406452;26,490968;22,470968;94,266129;5;2,430108;78,860215;null;
1990-02-28;32;49;null;null;85;7,547619;17;134,5;null;31,028571;25,638571;22,621429;96,232143;7;2,761905;73,5;null;
1990-03-31;14;56,2;null;null;179;7,172043;22;206,1;null;32,396774;26,180645;22,354839;96,669355;6;2,795699;76,129032;null;
1990-04-30;36;72,6;null;null;null;4,844444;null;79,2;null;33,67;27,320667;22,84;96,516667;5;2,577778;79,188889;null;
1990-05-31;18;74,7;null;null;null;4,752688;null;126,9;null;33,487097;26,922581;22,629032;95,5;7;2,494624;81,827957;null;
1990-06-30;18;130,4;null;null;null;2,633333;null;5,6;null;34,74;27,278;21,443333;90;5;2,511111;84;null;
1990-07-31;18;128,7;null;null;null;3,526882;null;26,2;null;34,764516;27,190968;21,645161;86,41129;5;2,516129;83,634409;null;
1990-08-31;5;168,4;null;null;null;3,096774;null;6,6;null;35,996774;27,698065;21,029032;89,967742;5;2,602151;54,612903;null;
1990-09-30;36;115;null;null;178,3;4,588889;null;129,1;null;34,913333;27,468667;22,43;93,275;5;2,722222;53,555556;null;
1990-10-31;18;82,9;null;null;151;6,387097;null;104,3;null;33,170968;26,560645;22,564516;94,362903;6;2,774194;77,548387;null;
1990-11-30;36;79,9;null;null;190,1;6,588889;null;128,3;null;33,233333;26,788;22,56;92,1;5;2,5;79,2;null;
1990-12-31;18;67,6;null;null;156,7;6,913978;15;145,9;null;32,216129;26,194194;22,609677;93,91129;5;2,569892;78,731183;null;
1991-01-31;32;46,8;null;null;114,7;8,301075;22;340,3;null;31,322581;25,645806;22,358065;93,274194;5,2;2,507527;69,548387;null;
1991-02-28;18;49,5;null;null;161,1;6,988095;18;372,8;null;32,25;26,435;22,746429;92,321429;5;2,595238;75,642857;null;
1991-03-31;32;46,6;null;null;107,9;7,903226;22;383;null;31,151613;25,655484;22,596774;93,193548;5;2,591398;75,268817;null;
1991-04-30;18;54,4;null;null;160,5;5,966667;19;220,1;null;32,393333;26,43;22,53;91,733333;5;2,488889;78,977778;null;
1991-05-31;14;72,8;null;null;190,3;5,139785;null;66,6;null;32,748387;26,849032;22,745161;88,572581;5;2,537634;80,860215;null;
1991-06-30;9;122,8;null;null;257,3;2,344444;null;0;null;34,87;27,29;21,123333;86,575;5;2,544444;84;null;
1991-07-31;14;189,1;null;null;250,5;1,827957;null;0;null;34,867742;26,62;19,541935;88,5;6;3,129032;81,344086;null;
1991-08-31;14;205,9;null;null;223,8;2,322581;null;0;null;35,851613;27,369032;20,145161;86,959677;7;3,032258;74,301075;null;
1991-09-30;14;134,7;null;null;65,1;4,066667;null;87,8;null;34,966667;27,566667;22,12;87,75;7;2,666667;41,444444;null;
1991-10-31;18;74,5;null;null;123,3;6,107527;null;93,7;null;32,980645;26,445806;22,325806;92,556452;7;2,666667;72,967742;null;
1991-11-30;18;60,1;null;null;105,3;7,277778;null;220,8;null;31,543333;26,064667;22,423333;91,316667;5;2,611111;69,377778;null;
1991-12-31;18;54,5;null;null;112,7;7,946237;16;276,3;null;31,632258;25,874194;22,529032;94,596774;5;2,333333;70,967742;null;
1992-01-31;32;35,5;null;null;88,1;8,462366;20;264,9;null;30,645161;25,314839;22,53871;96,854839;5;2,612903;67,053763;null;
1992-02-29;null;null;null;null;null;null;null;null;null;null;null;null;null;null;null;null;null;
1992-03-31;18;55,2;null;null;116;7,217391;19;232;null;31,5;26,236129;22,877419;95,024194;5;2,532609;72,065217;null;
1992-04-30;18;59,6;null;null;166,3;5,711111;null;99,7;null;33,386667;27,268667;23,016667;94,6;5;2,433333;78,266667;null;
1992-05-31;18;109,8;null;null;239,3;2,817204;null;4,8;null;35,051613;27,986452;22,280645;92,903226;6;2,451613;82,88172;null;
1992-06-30;14;145,1;null;null;262,7;2,966667;null;,4;null;34,746667;27,516;20,463333;86,825;5;2,822222;84;null;
1992-07-31;14;173,9;null;null;276,3;1,666667;null;8,2;null;35,493548;27,087742;18,622581;84,443548;5;2,946237;84;null;
1992-08-31;36;197,4;null;null;209;3,182796;null;5,2;null;36,380645;27,957419;19,819355;80,798387;5;2,322581;76,322581;null;
1992-09-30;5;133,6;null;null;117,2;5,211111;null;96,9;null;34,11;27,046667;20,796667;90,908333;5;2,611111;59,333333;null;
1992-10-31;18;80,7;null;null;138,2;5,849462;null;93,7;null;32,929032;26,26;20,583871;93,806452;5;2,602151;71,827957;null;
1992-11-30;18;49,5;null;null;110,9;7,644444;20;381,4;null;31,2;25,322667;20,523333;96,425;8;2,422222;74,688889;null;
1992-12-31;18;41,2;null;null;78,2;8,204301;23;379,9;null;30,493548;24,851613;20,477419;96,556452;5;2,548387;73,139785;null;
1993-01-31;5;75,8;null;null;190,6;6,11828;null;83,7;null;32,616129;26,025806;20,522581;94,354839;5;2,72043;80,387097;null;
1993-02-28;32;50,3;null;null;105,2;7,809524;19;307,9;null;30,814286;25,002143;20,15;96,348214;9;2,77381;72,5;null;
1993-03-31;18;56,9;null;null;164,9;6,645161;15;170,1;null;31,874194;25,61871;20,3;95,508065;4;2,516129;79,075269;null;
1993-04-30;32;64,2;null;null;173,6;5,955556;null;152,3;null;32,95;26,405333;20,85;95,05;8;2,466667;79,755556;null;
1993-05-31;14;94,4;null;null;198,7;4,268817;null;68;null;33,735484;27,358065;21,154839;92,508065;5;2,562366;82,129032;null;
1993-06-30;14;130,9;null;null;254,3;2,844444;null;19,3;null;34,823333;27,138667;19,653333;88,108333;5;2,566667;83,688889;null;
1993-07-31;18;166,8;null;null;265,5;2,655914;null;0;null;35,867742;27,420645;18,719355;85,83871;5;2,44086;84;null;
1993-08-31;36;142,6;null;null;208,2;3,849462;null;28,3;null;35,458065;27,281935;19,712903;89,145161;5;2,731183;76,193548;null;
1993-09-30;32;94,8;null;null;155,8;4,688889;null;117,5;null;33,686667;26,506667;20,056667;92,891667;5;2,566667;59,777778;null;
1993-10-31;18;86,6;null;null;187;5,860215;null;189,3;null;33,667742;27,050968;20,964516;93,16129;7;2,602151;77,935484;null;
1993-11-30;32;73,8;null;null;157,4;6,433333;15;154,8;null;32,666667;26,354;20,786667;93,6;5;2,6;78,422222;null;
1993-12-31;32;54;null;null;127,5;7,526882;null;247,6;null;31,590323;25,764516;20,574194;95,887097;5;2,741935;76,086022;null;
1994-01-31;18;44,1;null;null;132,6;7,462366;23;317,2;null;30,603226;25,194194;19,980645;96,733871;5;2,505376;75,44086;null;
1994-02-28;32;47,8;null;null;142,1;7,166667;16;279,5;null;31,75;25,586429;20,192857;95,517857;5;2,75;76,047619;null;
1994-03-31;32;44,8;null;null;114,8;7,387097;24;347,9;null;30,906452;25,167097;19,925806;96,443548;5;2,569892;72,752688;null;
1994-04-30;14;61,1;null;null;161,5;6;null;107;null;32,373333;26,382;20,78;95,433333;4;2,511111;78,8;null;
1994-05-31;18;86,7;null;null;188,2;4,494624;null;43,3;991,666176;33,477419;27,377419;22,6;78,572581;4;2,344086;82,043011;null;
1994-06-30;18;94,2;null;null;202,2;5,244444;null;23,5;992,713333;33,776667;26,788;21,706667;75,683333;3;2,277778;81,377778;null;
1994-07-31;14;148,1;null;null;260,6;2,451613;null;0;993,744086;34,496774;26,840645;20,233333;62,33871;5;2,806452;84;null;
1994-08-31;14;154,4;null;null;null;1,83871;null;0;992,558065;36,229032;27,745806;19,9;58,306452;5;2,494624;69,096774;null;
1994-09-30;5;137,8;null;null;143,7;3,644444;null;76,5;991,428889;35,57;27,934667;21,92;66,45;7;2,611111;45,288889;null;
1994-10-31;32;86,9;null;null;null;5,924731;null;120,5;990,517204;32,906452;26,794839;21,880645;78,137097;5;2,537634;77,268817;null;
1994-11-30;18;65,9;null;null;158,2;7,122222;18;398,9;990,256667;32,513333;26,388667;21,59;82,866667;5;2,463333;73,511111;null;
1994-12-31;18;53,5;null;null;145,1;7,365591;20;262,3;990,74086;31,980645;25,865806;21,677419;85,903226;5;2,526882;75,763441;null;
1995-01-31;18;53,2;null;null;139,6;7,548387;24;189,9;991,686022;31,029032;25,643226;21,674194;86,024194;7;2,583871;76,709677;null;
1995-02-28;32;44,8;null;null;95,6;7,738095;21;308,1;992,385714;30,121429;25,242143;21,639286;88,669643;6;2,641667;72,190476;null;
1995-03-31;5;71,3;null;null;185,3;6,623656;17;211,4;990,750538;32,564516;26,685161;21,935484;83,241935;6;2,88172;78,473118;null;
1995-04-30;18;51,1;null;null;124,9;6,588889;20;274,7;990,42;31,486667;26,184667;22,356667;87,508333;4;2,444444;76,311111;null;
1995-05-31;18;64,6;null;null;144,2;6,182796;16;244,6;991,913978;31,841935;26,309677;21,980645;86,112903;5;2,397849;78,903226;null;
1995-06-30;14;127,6;null;null;241,4;2,888889;null;,2;993,058889;33,973333;26,882667;20,18;69,683333;5;2,533333;83,844444;null;
1995-07-31;14;176,2;null;null;264;2,182796;null;0;992,464516;35,145161;27,307097;19,474194;61,798387;4;2,397849;84;null;
1995-08-31;14;232,1;null;null;240,8;1,537634;null;0;991,890323;37,229032;28,474839;20,270968;55,185484;4;2,795699;73,505376;null;
1995-09-30;5;176,6;null;null;106,6;3,522222;null;2,6;991,785556;36,83;29,076667;22,926667;61,008333;5;2,888889;27,229885;null;
1995-10-31;36;124,5;null;null;137,4;5,731183;null;183,1;989,932258;34,622581;27,97871;23,135484;74,112903;6;2,591398;44,698925;null;
1995-11-30;5;68,7;null;null;138,2;7,711111;null;461,8;990,333333;31,83;26,491333;22,763333;88,341667;6;2,444444;74,8;null;
1995-12-31;5;65,8;null;null;140;7,150538;18;217,2;990,992473;31,73871;26,336774;22,845161;89,951613;5;2,44086;74,322581;null;
1996-01-31;18;63,2;null;null;168,1;7,182796;21;228,7;990,041935;32,196774;26,217419;22,593548;90,129032;5;2,408602;77,655914;null;
1996-02-29;5;63,4;null;null;171,6;7;20;160,2;990,157471;32,3;26,666897;22,989655;89,362069;4;2,37931;76,712644;null;
1996-03-31;5;56,8;null;null;144;7,623656;21;182,8;990,732258;31,487097;26,245806;22,76129;90,467742;7;2,548387;79,075269;null;
1996-04-30;14;53,6;null;null;167,9;7,089888;22;193,9;991,216667;31,923333;26,369333;22,673333;90,7;5;2,477778;77,866667;null;
1996-05-31;5;80,7;null;null;217,8;5,021505;null;76,3;992,215054;33,109677;27,107742;22,83871;88,959677;3;2,397849;81,870968;null;
1996-06-30;14;141,1;null;null;304,3;2,044444;null;0;993,357778;34,283333;27,200667;20,94;87,541667;3;2,277778;84;null;
1996-07-31;14;176;null;null;303,7;2,462366;null;0;993,984946;35,73871;27,452258;20,148387;87,080645;5;2,612903;84;null;
1996-08-31;5;183,8;null;null;275,9;3,301075;null;3;992,288172;36,56129;28,690323;21,567742;85,048387;5;2,354839;81,010753;null;
1996-09-30;5;164,1;null;null;120,4;2,944444;null;21,6;990,791111;36,33;28,978;23,013333;86,425;7;2,5;51,2;null;
1996-10-31;18;83,5;null;null;154,4;7,086022;16;176,4;990,768817;33,354839;27,085161;22,951613;93,129032;9;2,553763;74,344086;null;
1996-11-30;32;60,3;null;null;139,1;7,533333;15;186,8;989,574444;32,05;26,495333;22,92;94;5;2,374444;76,244444;null;
1996-12-31;18;75;null;null;155,6;6,55914;18;91;990,237634;32,706452;26,824516;23,090323;92,298387;5;2,533333;77,892473;null;
1997-01-31;36;49;null;null;98,3;8,268817;25;423,6;990,876344;30,606452;25,294194;22,454839;94,379032;5;2,430108;72,817204;null;
1997-02-28;32;48,6;null;null;134,8;7,047619;20;234,2;991,080952;31,460714;25,677857;22,185714;93,803571;7;2,367857;76,666667;null;
1997-03-31;32;39,8;null;null;88,4;8,27957;25;484,5;990,832258;29,777419;25,218065;22,590323;95,733871;7;2,408602;70,086022;null;
1997-04-30;5;55,2;null;null;163;6,611111;19;229,3;991,936667;31,336667;26,304;22,693333;94,291667;5;2,422222;75,866667;null;
1997-05-31;14;114;null;null;240,3;4,537634;null;24,4;992,866667;33,170968;27,316129;22,535484;92,153226;5;2,516129;81,698925;null;
1997-06-30;14;146;null;null;296,2;1,922222;null;0;992,098889;35,106667;27,534667;20,963333;89,041667;4;2,333333;84;null;
1997-07-31;14;172,2;null;null;307,1;2,397849;null;0;993,936559;35,651613;27,647742;20,483871;86,556452;3;2,247312;84;null;
1997-08-31;14;198,9;null;null;275,5;2,376344;null;4,7;993,310753;36,690323;28,663226;21,767742;84,524194;5;2,505376;77,526882;null;
1997-09-30;32;128,9;null;null;127,9;4,955556;null;63,2;990,861111;35,296667;28,333333;23,556667;88,933333;5;2,566667;55,333333;null;
1997-10-31;36;95,9;null;null;135,8;5,903226;null;110;990,177419;34,370968;27,965806;23,741935;91,41129;5;2,473118;61,526882;null;
1997-11-30;36;99,5;null;null;174,1;5,533333;null;83,2;990,256667;34,116667;27,957333;23,69;91,091667;5;2,544444;73,2;null;
1997-12-31;14;57,7;null;null;148,7;7,11828;19;251,2;991,21828;32,43871;26,809677;23,406452;94,290323;4;2,602151;70,107527;null;
1998-01-31;32;59,8;null;null;147,1;7,182796;22;268,3;990,82043;32,241935;26,851613;23,216129;94,314516;4;2,419355;71,290323;null;
1998-02-28;32;56,1;null;null;152,4;6,97619;19;303;991,425;32,857143;27,477857;23,785714;94,276786;5;2,428571;74,47619;null;
1998-03-31;18;55,8;null;null;null;6,935484;23;335,6;990,693548;33,054839;26,966452;23,403226;95,322581;9;2,44086;73,053763;null;
1998-04-30;32;75,3;null;null;208,1;5,366667;null;43,2;990,094444;34,826667;28,632;24,443333;93,758333;4;2,411111;82,577778;null;
1998-05-31;18;103;null;null;261;4,247312;null;113,9;991,903226;35,348387;28,747097;23,741935;92,290323;4;2,44086;82,494624;null;
1998-06-30;14;145,8;null;null;295,6;2,466667;null;0;993,267778;36,096667;28,358667;22,09;88,991667;4;2,477778;84;null;
1998-07-31;14;169,5;null;null;285;2,602151;null;1,4;993,034409;36,56129;28,516774;21,635484;87,387097;5;2,752688;83,032258;null;
1998-08-31;5;192,6;null;null;252,7;2,806452;null;0;991,102151;37,596774;29,305161;22,216129;86,604839;5;2,419355;69,225806;null;
1998-09-30;5;169,1;null;null;144,2;3,211111;null;13,4;990,714444;36,806667;29,592;23,833333;88,025;5;2,588889;44;null;
1998-10-31;5;108,6;null;null;119,2;6,11828;null;48,3;990,692473;34,170968;28,040645;23,825806;91,612903;5;2,494624;63,182796;null;
1998-11-30;32;54,3;null;null;112,6;8,177778;18;418,9;989,893333;32,046667;26,403333;22,923333;95,133333;9;2,455556;73,244444;null;
1998-12-31;36;71,8;null;null;150,5;7,516129;null;127,1;989,932258;32,7;26,88129;23,377419;94,048387;5;2,430108;78;null;
1999-01-31;18;63;null;null;159,7;7,096774;22;251,4;989,870968;31,851613;26,383871;22,86129;94,927419;5;2,451613;75,526882;null;
1999-02-28;18;54,5;null;null;147,7;7,071429;17;173,5;990,509524;31,610714;26,13;22,592857;95,330357;7;2,5;75,52381;null;
1999-03-31;32;60,4;null;null;144;7,322581;19;109,6;990,089247;31,409677;26,370968;23,16129;95,379032;4;2,301075;76,064516;null;
1999-04-30;14;59;null;null;144,4;7,155556;15;84,9;991,466667;32;26,566667;23,003333;95,266667;5;2,3;79,4;null;
1999-05-31;18;67,7;null;null;199,7;6,301075;null;99,1;992,38172;32,03871;26,454839;22,619355;94,685484;5;2,258065;80,860215;null;
1999-06-30;14;114,7;null;null;289,7;2,888889;null;19,8;992,094444;34,596667;27,458;21,723333;91,325;4;2,244444;83,688889;null;
1999-07-31;14;170,4;null;null;322,2;2,27957;null;0;993,256989;35,122581;27,253548;20,306452;88,217742;5;2,322581;84;null;
1999-08-31;14;203,8;null;null;306,3;2,333333;null;0;992,580645;37,003226;28,774839;21,583871;85,241935;5;2,569892;81,11828;null;
1999-09-30;36;133,6;null;null;204,6;4,422222;null;66,8;990,538889;35,36;28,026667;22,623333;89,525;5;2,422222;63,377778;null;
1999-10-31;32;127,3;null;null;195;5,010753;null;37,8;991,031183;34,7;27,921379;23,045161;88,37931;5;2,483871;69,075269;null;
1999-11-30;5;64,8;null;null;140,6;7,388889;19;295,4;990,262222;32,123333;26,520667;23,126667;92,108333;5;2,4;72,933333;null;
1999-12-31;32;57,2;null;null;116,5;7,107527;22;421,9;990,497849;31,135484;26,132903;23,016129;92,540323;7;2,526882;73,784946;null;
2000-01-31;5;55,2;null;null;141,9;7,569892;22;344,2;989,948387;31,16129;26,08;22,725806;91,217742;5;2,387097;75,505376;null;
2000-02-29;5;53,5;null;null;149,6;7,103448;21;351;991,731034;31,048276;25,864828;22,724138;90,87069;5;2,390805;73,655172;null;
2000-03-31;32;63,4;null;null;193,4;6,731183;19;237;990,1;31,829032;26,446452;22,951613;88,991935;3;2,311828;77,892473;null;
2000-04-30;14;58,4;null;null;191,2;6,011111;21;320,5;991,273333;32,073333;26,428;22,62;89,783333;4;2,277778;77,733333;null;
2000-05-31;14;112,5;null;null;285,5;3,978495;4;88,2;991,667742;34,035484;27,825806;22,66129;80,217742;4;2,193548;82,322581;null;
2000-06-30;14;151,1;null;null;null;2,133333;0;0;992,467778;34,926667;27,987333;21,736667;73,175;4;2,266667;84;null;
2000-07-31;14;159,5;null;null;null;3,172043;2;36,4;992,269892;35,435484;28,030968;21,693548;72,83871;4;2,010753;83,741935;null;
2000-08-31;14;189,7;null;null;null;3,483871;3;4,4;991,972043;36,922581;29,01871;22,003226;77,225806;5;2,27957;82;null;
2000-09-30;32;105,8;null;null;null;6,255556;9;71,6;991,162222;33,906667;27,207333;22,48;89,175;5;2,433333;68,311111;null;
2000-10-31;32;80,1;null;null;null;6,236559;14;232,6;991,37957;33,416129;26,975484;22,445161;91,653226;5;2,268817;72,55914;null;
2000-11-30;32;68;null;null;null;6,9;16;234;989,628889;32,343333;26,248667;22,246667;93,3;7;2,422222;73,733333;null;
2000-12-31;36;58,7;null;null;138;7,473118;21;450,2;990,841935;31,203226;26,001935;22,393548;93,927419;5;2,526882;70,215054;null;
2001-01-31;32;65,3;null;null;140,9;7,677419;17;118,1;991,983871;31,693548;26,151613;22,380645;92,725806;5;2,516129;72,817204;null;
2001-02-28;32;61,5;null;null;155,8;6,666667;18;175;991,247619;32,007143;26,363571;22,214286;92,401786;4;2,404762;77,52381;null;
2001-03-31;32;57,2;null;null;157,7;7,827957;22;259,2;991,590323;31,848387;26,053548;22,36129;94,524194;5;2,365591;72,236559;null;
2001-04-30;14;66,6;null;null;179;6,288889;11;116,1;991,846667;32,426667;26,672;22,376667;93,708333;5;2,288889;79,311111;null;
2001-05-31;14;84,2;null;null;222,2;5,397849;8;140,6;991,446237;33,580645;27,414839;22,612903;91,266129;3;2,268817;79,247312;null;
2001-06-30;14;149;null;null;257,7;4,522222;3;10,7;992,33;34,15;27,435333;21,64;81,275;4;2,222222;82,422222;null;
2001-07-31;14;199,7;null;null;311,1;2,946237;1;5,7;992,143011;35,367742;27,57871;20,522581;76,008065;5;2,225806;83,16129;null;
2001-08-31;14;257,7;null;null;281,4;3,11828;1;,4;993,062366;36,23871;28,156774;20,519355;69,91129;4;2,268817;78,086022;null;
2001-09-30;32;167,6;null;null;176,9;4,8;2;1,8;989,697778;36,016667;28,414667;22,756667;76,25;5;2,266667;52,966667;null;
2001-10-31;18;95,9;null;null;133,8;6,19086;17;273,9;990,046237;33,212903;26,757419;21,987097;88,733871;7;2,236559;68,645161;null;
2001-11-30;18;88,2;null;null;135,6;6,9;17;264,6;989,62;32,75;26,651333;22,3;87,241667;4;2,211111;73,711111;null;
2001-12-31;32;64;null;null;126;7,150538;20;416;989,219355;31,53871;26,194194;22,193548;91,895161;4;2,329032;74,795699;null;
2002-01-31;32;62,8;null;null;129,3;7,344086;24;433,4;990,573118;31,264516;25,958065;22,090323;91,524194;7;2,365591;71,075269;null;
2002-02-28;5;73,3;null;null;141,1;6,214286;14;198,4;990,441667;32,021429;26,590714;22,171429;87,883929;5;2,22619;75,785714;null;
2002-03-31;32;72,3;null;null;151,2;6,892473;18;184,1;990,546237;31,719355;26,315484;21,906452;90,314516;5;2,365591;72,021505;null;
2002-04-30;14;94,1;null;null;207,8;5,577778;13;157,6;989,878889;33,22;26,975333;22,036667;81,758333;5;2,277778;53,5;null;
2002-05-31;18;134,2;null;null;256,1;4,053763;11;30,8;990,849462;34,146667;27,863448;22,633333;81,362903;4;2,27957;52,580645;null;
2002-06-30;9;191,6;null;null;280,8;2,955556;1;,1;992,864444;34,673333;27,618667;20,776667;71,666667;4;2,2;54,222222;null;
2002-07-31;9;208,5;null;null;302,8;2,645161;1;,1;992,636559;35,874194;28,229032;20,880645;67,379032;5;2,258065;59,462366;null;
2002-08-31;5;230,5;null;null;307,9;1,892473;0;0;991,688172;36,964516;28,824516;20,283871;64,612903;5;2,27957;57,956989;null;
2002-09-30;32;146,6;null;null;180,5;4;6;82,5;990,977778;35,366667;28,159333;21,826667;71,508333;5;2,3;38,833333;null;
2002-10-31;18;92,5;null;null;176,7;5,322581;13;50,9;990,029032;33,319355;26,731613;21,222581;82,83871;5;2,311828;47,956989;null;
2002-11-30;18;80,5;null;null;184,4;5,280899;10;111,5;990,365556;33,42;26,834;21,25;84,683333;5;2,344444;52,555556;null;
2002-12-31;18;65,1;null;null;137,6;7,290323;22;312,2;991,543011;31,780645;26,332258;23,216129;82,540323;5;2,311828;49,139785;null;
2003-01-31;18;69,7;151,656084;151,656084;152;6,591398;18;303,5;991,923656;32,367742;26,909677;23,554839;81,66129;5;2,419355;53,44086;null;
2003-02-28;14;55,1;121,772415;121,772415;126,5;7,333333;22;151,9;991,669048;31,407143;26,234286;22,814286;82,767857;5;2,285714;52,619048;null;
2003-03-31;14;56,7;134,303329;134,303329;146,5;7,129032;22;269,3;991,405376;31,341935;26,176774;23,048387;84,201613;5;2,268817;52,688172;null;
2003-04-30;18;69,4;143,122978;143,122978;188,9;5,247222;13;195,5;991,804444;32,683333;27,19;23,396667;80,7;5;2,156518;57,522222;null;
2003-05-31;14;102,4;156,856198;156,856198;234,1;4,688172;9;62,2;992,307527;33,6;27,683871;23,306452;74,491935;5;2,344086;57,526882;null;
2003-06-30;14;147,8;156,136515;6,443802;282,7;3,022222;1;1,1;992,438889;35,193333;28,031333;22,216667;61,625;4;2,266667;58,833333;null;
2003-07-31;14;202,5;159,888843;0;323,2;1,989247;null;0;993,631183;35,745161;27,851613;20,654839;52,298387;5;2,215054;60;null;
2003-08-31;18;188,4;176,608897;41,3;269,3;3,892473;5;41,3;993,004301;36,512903;28,585806;21,964516;57,024194;4;2,376344;55,053763;null;
2003-09-30;14;138,9;null;null;237,9;3,955556;7;79,1;991,866667;35,78;28,330667;22,633333;65,325;5;2,311111;41,333333;null;
2003-10-31;18;89,8;null;null;173,9;6,849462;10;148,4;990,892473;33,851613;27,35871;23;75,653226;10;2,336559;47,096774;null;
2003-11-30;18;64,9;null;null;161,8;6,733333;17;238,3;990,457778;32,666667;26,682;22,646667;81,35;5;2,388889;49,111111;null;
2003-12-31;14;68,4;null;null;184,2;6,311828;17;152;991,006452;33,064516;26,920645;22,667742;80,112903;6;2,451613;53,333333;null;
2004-01-31;18;48,6;null;null;96,7;7,978495;27;414,7;990,6;30,970968;25,894839;22,745161;86,032258;5;2,397849;44,623656;null;
2004-02-29;18;41,8;null;null;98,9;7,793103;26;493,9;991,887356;30,537931;25,788966;22,758621;85,672414;4;2,413793;48,505747;null;
2004-03-31;18;51;null;null;135,4;7,247312;22;289,2;991,187097;31,616129;26,652258;23,264516;83,435484;4;2,236559;52,150538;null;
2004-04-30;18;72,7;null;null;null;5,955556;12;127;991,381111;33,043333;27,348667;23,32;79,141667;4;2,288889;55,111111;null;
2004-05-31;14;104,2;null;null;null;4,204301;5;58,1;992,18172;34,367742;28,23871;23,416129;71,451613;5;2,311828;59,569892;null;
2004-06-30;14;134,8;null;null;null;2,922222;2;19,9;994,311111;34,353333;27,374667;21,746667;64,333333;5;2,441111;58,888889;null;
2004-07-31;14;162,4;null;null;303,8;2,55914;4;12,2;993,288172;35,206452;27,56;21,019355;59,709677;7;2,484492;59,967742;null;
2004-08-31;14;190,2;null;null;288,3;2,55914;2;19,6;993,597849;36,567742;28,559355;21,567742;57,41129;5;2,494624;58,27957;null;
2004-09-30;5;142,2;null;null;232;3,7;4;15,8;991,603333;36,096667;28,456;22,313333;63,508333;5;2,377778;32,777778;null;
2004-10-31;18;87,6;null;null;165,7;6,311828;14;114,9;990,748387;33,66129;27,350323;23,067742;76,620968;7;2,365591;45,053763;null;
2004-11-30;14;63,5;null;null;159;6,722222;17;269;990,414444;32,723333;26,982;22,95;81,441667;8;2,366667;48,333333;null;
2004-12-31;18;69,4;null;null;166,3;6,741935;18;104,7;990,377419;32,819355;26,889677;23,270968;80,524194;5;2,333333;51,935484;null;
2005-01-31;18;61,2;null;null;143,4;7,301075;21;301,3;990,075269;32,151613;26,743871;23,129032;83,080645;5;2,258065;48,172043;null;
2005-02-28;18;51,3;null;null;115,3;7,345238;17;161,7;990,269048;32,039286;26,673571;23,296429;83,741071;5;2,40119;49,880952;null;
2005-03-31;18;48,2;null;null;121,2;7,88172;25;393;991,658065;31,225806;26,249032;23,183871;86;4;2,419355;49,677419;null;
2005-04-30;18;80,2;null;null;201,3;5,952778;15;122,7;991,382222;33,156667;27,676;23,723333;78,991667;5;2,4;56,222222;null;
2005-05-31;14;98,9;null;null;230,2;4,903226;9;213,6;992,027957;32,816129;27,368387;23,154839;75,112903;5;2,397849;57,956989;null;
2005-06-30;14;140,1;null;null;291,9;2,766667;2;11,2;992,866667;34,31;27,888;22,623333;65,85;4;2,377778;59,888889;null;
2005-07-31;14;200,2;null;null;319,8;2,784946;0;0;993,950538;35,309677;27,885806;20,906452;55,435484;5;2,376344;59,892473;null;
2005-08-31;14;219,6;null;null;295,2;2,333333;0;0;992,545161;37,509677;29,303871;21,458065;51,314516;4;2,204301;56,989247;null;
2005-09-30;5;177,7;null;null;212;3,611111;3;21,9;991,671111;36,793333;29,040667;22,656667;58,733333;7;2,366667;32,222222;null;
2005-10-31;14;127,5;null;null;193,9;4,473118;8;97,1;990,903226;35,387097;28,553548;23,416129;69,137097;7;2,397849;40,967742;null;
2005-11-30;18;76,2;null;null;124;6,577778;14;125,5;989,871111;33,02;26,989333;23,27;80,541667;5;2,48;47,555556;null;
2005-12-31;18;58,8;null;null;125,1;7,268817;22;225,5;989,829032;31,577419;26,201935;22,696774;83,08871;4;2,344086;50,752688;null;
2006-01-31;18;74,6;null;null;164,7;6,376344;14;157,1;990,15914;32,53871;26,778065;22,993548;81,177419;5;2,44086;56,021505;null;
2006-02-28;18;40,2;null;null;138,6;7,238095;26;220,1;990,909524;31,439286;26,468571;23,064286;82,982143;5;2,345238;50,47619;null;
2006-03-31;18;28;null;null;141,4;7,010753;20;267,8;991,413978;31,464516;26,369032;23,183871;84,604839;5;2,324731;51,612903;null;
2006-04-30;18;19,9;null;null;138,4;7,388889;24;371;991,362222;30,643333;25,898667;22,826667;87,058333;4;2,311111;51,833333;null;
2006-05-31;18;25,9;null;null;192,8;5,548387;16;127,5;992,945161;31,677419;26,624516;23,187097;80,879032;4;2,333333;56,344086;null;
2006-06-30;14;126,5;143,089276;90,7;283,1;2,6;0;0;993,723333;33,54;27,259333;21,823333;63,525;5;2,461798;60;null;
2006-07-31;14;185,9;157,92228;0;311,1;2,387097;0;0;993,976344;35,067742;27,830968;21,36129;57,540323;5;2,580645;60;null;
2006-08-31;14;207,1;178,746379;15,1;310;1,870968;3;15,1;992,01828;36,554839;28,673548;21,570968;52,790323;5;2,335484;55;null;
2006-09-30;14;166,8;182,79021;33,6;255,3;4,022222;8;33,6;991,545556;36,9;29,225333;23,123333;60;4;2,365556;53,444444;null;
2006-10-31;18;100,2;168,509391;168,509391;163,3;6,602151;10;237,4;990,408602;34,03871;27,875484;23,574194;75,685484;4;2,365591;50,537634;null;
2006-11-30;18;71,8;149,926901;149,926901;158,2;6,455556;14;205,4;990,034444;32,583333;27,092;23,383333;80,65;5;2,4;54,888889;null;
2006-12-31;18;71,2;152,191731;152,191731;169,2;6,602151;15;123,7;991,237634;32,606452;26,967742;23,322581;81,927419;5;2,430108;54,129032;null;
2007-01-31;18;69,8;157,565497;157,565497;182,6;6,268817;15;87,5;991;32,990323;27,182581;23,341935;81,435484;5;2,462366;54,946237;null;
2007-02-28;32;43;112,392281;112,392281;97,1;7,369048;23;340,8;991,783333;30,253571;25,611429;22,703571;87,392857;5;2,488095;48,571429;null;
2007-03-31;18;66;147,080292;147,080292;179,5;6,774194;19;113,5;991,112903;32,541935;26,918065;23,241935;81,16129;6;2,408602;54,408602;null;
2007-04-30;18;66;137,735687;137,735687;176,2;5,933333;15;269,9;991,577778;32,336667;26,842;23,38;81,483333;4;2,466667;57,333333;null;
2007-05-31;18;72,1;158,816568;141,8;263,5;4,387097;9;41,8;991,710753;33,9;27,785161;23,103226;74,032258;4;2,273118;60;null;
2007-06-30;14;139,6;144,903907;2,4;299;2,211111;1;2,4;993,208889;34,433333;27,464;21,69;62,183333;4;2,383333;59,555556;null;
2007-07-31;14;182,1;172,05512;0;308,6;2,666667;0;0;992,784946;36,109677;28,412903;21,725806;55,540323;5;2,43871;60;null;
2007-08-31;14;225,3;174,489624;0;302,9;1,032258;0;0;992,07957;36,819355;28,469677;20,609677;50,919355;6;2,483871;56,344086;null;
2007-09-30;5;195,6;189,390512;43,1;221,5;2,688889;4;43,1;991,877778;37,196667;29,028;22,013333;56,925;5;2,277778;37,222222;null;
2007-10-31;5;103,2;162,346004;120,9;null;4,913978;9;120,9;990,470968;34,1;27,543871;22,690323;74,862903;6,2;2,53871;35,806452;null;
2007-11-30;18;76,5;146,147573;146,147573;null;5,733333;11;197;989,485556;33,17;26,933333;22,983333;79,733333;5,1;2,587778;50,555556;null;
2007-12-31;18;73,4;150,25057;150,25057;null;7,075269;21;118,5;990,050538;32,380645;26,78;23,045161;80,701613;7;2,463441;54,193548;null;
2008-01-31;14;59,2;136,668354;136,668354;159,4;7,204301;18;387,2;990,503226;31,212903;26,050968;22,683871;83,685484;4;2,462366;53,010753;null;
2008-02-29;18;41,9;124,463711;124,463711;150,6;7,264368;21;237,5;991,412644;31,572414;25,958621;22,572414;84,818966;5;2,494253;53,333333;null;
2008-03-31;18;54,6;128,993561;128,993561;159,6;7,322581;24;330,2;991,174194;31,351613;25,835484;22,558065;84,766129;5;2,44086;53,225806;null;
2008-04-30;14;51,5;130,697143;130,697143;149,6;6,244444;19;220,2;990,547778;31,45;26,438;23,133333;84,283333;5;2,496667;55,555556;null;
2008-05-31;18;68;138,123658;138,123658;202,8;5,903226;7;228,8;992,111828;31,919355;26,627097;22,858065;78,822581;5;2,360215;56,129032;null;
2008-06-30;14;146,2;143,076559;76,087422;305,5;2,277778;0;0;993,093333;34,51;27,36;21,476667;60,5;5;2,403333;60;null;
2008-07-31;14;191,5;154,088506;18,790708;323,5;1,548387;0;0;993,963441;35,490323;27,671613;20,648387;54,403226;4;2,606452;60;null;
2008-08-31;14;223,1;189,81855;4,354408;302,5;3,387097;0;0;990,927957;37,767742;29,205806;21,354839;50,709677;5;2,365591;59,892473;null;
2008-09-30;5;165,5;null;null;270,5;3,8;6;70,6;991,298889;37,23;29,453333;22,85;58,908333;5;2,583333;46,555556;null;
2008-10-31;5;132,4;null;null;219,3;4,784946;8;48,4;990,77957;35,209677;28,193548;22,86129;68,16129;7;2,592473;44,83871;null;
2008-11-30;18;73;149,988313;135,217424;148,8;6,733333;16;134,5;990,118889;32,973333;27,106;23,076667;79,266667;5;2,533333;48,444444;null;
2008-12-31;18;50,7;142,672127;142,672127;138,8;7,505376;24;340,6;990,372043;31,941935;26,386452;22,980645;83,5;7;2,462366;52,365591;null;
2009-01-31;5;72,9;159,571093;143,231865;175,6;6,086022;17;96,4;991,158065;32,73871;27,237419;23,36129;78,443548;5;2,430108;58,064516;null;
2009-02-28;18;53;125,018833;125,018833;138,5;7,107143;19;317,5;990,861905;31,596429;26,38;22,828571;81,928571;3;2,258333;53,333333;null;
2009-03-31;32;54,3;143,345408;143,345408;160,8;6,806452;18;340,4;990,603226;31,574194;26,665161;23,212903;83,024194;3;2,316129;56,021505;null;
2009-04-30;36;41,8;124,074746;124,074746;139,8;7,333333;24;423,1;992,053333;30,937931;26,031333;22,993333;86,083333;4;2,355556;53,111111;null;
2009-05-31;9;null;131,180402;131,180402;142,1;6,152778;21;348,3;992,503261;31,570968;26,427742;23,035484;81,451613;5,1444;2,425873;95,771739;null;
2009-06-30;14;103;154,222932;98,330429;251,1;3,641667;2;26,1;993,272222;33,91;27,9;22,953333;68,141667;5;2,34842;60,411111;null;
2009-07-31;9;146,1;172,05512;27,35535;null;2,989247;1;4,8;992,926882;35,6;28,505806;22,245161;58,701613;3;2,236559;58,086022;null;
2009-08-31;14;161,7;183,076333;23,401515;null;2,709677;3;19,2;992,325806;36,76129;28,905806;22,032258;56,16129;4;2,421505;58,924731;null;
2009-09-30;5;119,2;176,354867;57,007852;249,3;4,311111;11;56,3;991,991111;35,773333;28,668667;23,346667;66,675;5;2,522222;54;null;
2009-10-31;18;78,3;158,327097;73,07511;null;6,978495;12;75,3;990,584946;33,329032;27,434839;23,383871;76,927419;5;2,365591;49,784946;null;
2009-11-30;14;59,7;155,725238;117,641128;150,9;6,8;16;122,6;989,846667;32,81;27,394667;23,443333;80,658333;6;2,418889;52,444444;null;
2009-12-31;14;48,4;135,348375;135,348375;118,6;7,537634;23;216;991,124731;30,980645;25,998065;22,56129;85,322581;5;2,295699;53,44086;null;
2010-01-31;36;63,7;151,656084;150,673157;169,4;6,634409;25;147,1;991,106452;32,767742;27,036774;23,222581;79,653226;5;2,358065;54,193548;null;
2010-02-28;18;47,4;130,002984;130,002984;126,3;7,27381;20;236,5;990,50119;32,375;26,722143;22,953571;83,267857;4;2,369048;53,928571;null;
2010-03-31;14;57,3;156,719082;156,719082;185,6;6,634409;23;189,2;990,998925;32,854839;27,394194;23,8;82,483871;4;2,354839;55,591398;null;
2010-04-30;18;68;176,514849;176,514849;179,7;5,511111;17;265,3;991,083333;33,216667;27,983333;23,72;79,5;5;2,297778;56,666667;null;
2010-05-31;18;93;181,544291;159,757402;264,5;4,182796;6;107,4;991,260215;35,112903;28,929677;23,796774;72,169355;5;2,376344;59,892473;null;
2010-06-30;14;121,3;167,97373;52,144183;284,6;3,555556;4;14,8;993,391111;35,47;28,526667;22,92;65,525;5;2,433333;60;null;
2010-07-31;14;169,8;176,252484;8,531093;310,6;2,27957;0;0;993,07957;36,629032;28,741935;21,712903;54,475806;4;2,731183;56,88172;null;
2010-08-31;14;195,8;185,268991;1,49018;319,6;1,870968;0;0;992,349462;37,970968;29,097419;20,867742;51,177419;5;2,537634;49,462366;null;
2010-09-30;5;203,6;219,958603;,246421;277,1;2,211111;0;0;990,493333;39,166667;30,366667;22,37;49,891667;4;2,533333;23,611111;null;
2010-10-31;5;99,6;181,331622;137,011001;197,2;5,494624;13;175,8;990,467742;35,451613;28,562581;23,429032;71,475806;5;2,44086;38,924731;null;
2010-11-30;36;71,2;157,692877;157,692877;175,4;6,766667;19;235,9;989,53;33,593333;27,548;23,406667;78,141667;5;2,388889;55,444444;null;
2010-12-31;32;64,8;152,191731;152,191731;146,8;7,204301;17;204,7;989,049462;32,512903;26,961935;22,993548;81,459677;4;2,494624;56,236559;null;

