Nome: CARBONITA
Codigo Estacao: 83485
Latitude: -17.533008
Longitude: -43.012091
Altitude: 765.37
Situacao: Operante
Data Inicial: 1981-01-01
Data Final: 2010-12-31
Periodicidade da Medicao: Mensal

Data Medicao;DIRECAO PREDOMINANTE DO VENTO, MENSAL(° (gr));EVAPORACAO DO PICHE, MENSAL(mm);EVAPOTRANSPIRACAO POTENCIAL, BH MENSAL(mm);EVAPOTRANSPIRACAO REAL, BH MENSAL(mm);INSOLACAO TOTAL, MENSAL(h);NEBULOSIDADE, MEDIA MENSAL(décimos);NUMERO DE DIAS COM PRECIP. PLUV, MENSAL(número);PRECIPITACAO TOTAL, MENSAL(mm);PRESSAO ATMOSFERICA, MEDIA MENSAL(mB);TEMPERATURA MAXIMA MEDIA, MENSAL(°C);TEMPERATURA MEDIA COMPENSADA, MENSAL(°C);TEMPERATURA MINIMA MEDIA, MENSAL(°C);UMIDADE RELATIVA DO AR, MEDIA MENSAL(%);VENTO, VELOCIDADE MAXIMA MENSAL(m/s);VENTO, VELOCIDADE MEDIA MENSAL(m/s);VISIBILIDADE, MEDIA MENSAL(codigo);
1981-01-31;null;null;null;null;null;null;null;null;null;null;null;null;null;null;null;null;null;
1981-02-28;null;null;null;null;null;null;null;null;null;null;null;null;null;null;null;null;null;
1981-03-31;null;null;null;null;null;null;null;null;null;null;null;null;null;null;null;null;null;
1981-04-30;null;86,1;null;null;null;5,903614;5;32,4;null;26,035714;19,868571;14,892857;75,348214;null;null;67,946429;null;
1981-05-31;null;null;null;null;null;5,205882;null;0;null;25,108696;18,349565;13,065217;75,923913;null;null;67,5;null;
1981-06-30;null;74,9;null;null;null;5,559524;3;9,5;null;22,921429;16,361429;11,425;81,25;null;null;55,553571;null;
1981-07-31;null;105,1;null;null;null;4,813953;2;,7;null;23,344828;15,953103;9,248276;75,715517;null;null;65,431034;null;
1981-08-31;null;153;null;null;null;4,877778;null;0;null;25,593333;18,108667;11,163333;66,908333;null;null;57,5;null;
1981-09-30;null;190;null;null;null;3,844444;0;0;null;27,56;19,563333;11,74;61,633333;null;null;33,416667;null;
1981-10-31;null;100,3;null;null;null;7,761905;11;179,8;null;26,092857;20,795;16,321429;75,973214;null;null;53,839286;null;
1981-11-30;null;69,9;null;null;null;8,560976;19;307,3;null;26,659259;21,744444;18,377778;84,490741;null;null;54,444444;null;
1981-12-31;null;149,4;null;null;null;6,423913;10;98,1;null;28,509677;22,409032;17,43871;77,233871;null;null;64,677419;null;
1982-01-31;null;83,7;null;null;null;7,913978;20;384,2;null;26,283871;21,564516;18,229032;82,669355;null;null;57,258065;null;
1982-02-28;null;138,8;null;null;null;5,765432;5;60,9;null;29,518519;22,826667;17,644444;69,259259;null;null;68,796296;null;
1982-03-31;null;94,2;null;null;null;6,978495;14;198,8;null;28,687097;22,571613;18,33871;80,185484;null;null;62,822581;null;
1982-04-30;null;83,6;null;null;null;6,344444;10;122,7;null;25,673333;19,675333;14,953333;79,083333;null;null;66,416667;null;
1982-05-31;null;81,6;null;null;null;6,086022;5;16,6;null;24,135484;18,045161;13,354839;79,951613;null;null;60,096774;null;
1982-06-30;null;85,4;null;null;null;4,172414;null;0;null;24,896552;16,813793;10,662069;79,344828;null;null;54,982759;null;
1982-07-31;null;110,9;null;null;null;3,623656;1;,6;null;24,896774;17,098065;10,741935;74,564516;null;null;64,612903;null;
1982-08-31;null;133,5;null;null;null;4,7;1;,1;null;26,073333;18,928;13,06;70,241667;null;null;62,5;null;
1982-09-30;null;140,5;null;null;null;4,298851;3;,9;null;26,931034;19,306207;12,758621;62,560345;null;null;47,413793;null;
1982-10-31;null;162,5;null;null;null;5,569892;4;132,5;null;29,158065;22,17871;16,096774;63,846774;null;null;50,403226;null;
1982-11-30;null;200,6;null;null;null;3,966667;3;5,4;null;31,48;23,511333;16,123333;56,975;null;null;37,166667;null;
1982-12-31;null;162,5;null;null;null;6,9;12;200,4;null;29,853333;23,41;18,363333;64,491667;null;null;57,833333;null;
1983-01-31;null;72,6;null;null;null;8,344086;22;426,3;null;27,419355;22,406452;19,077419;83,129032;null;null;60,967742;null;
1983-02-28;null;102,7;null;null;null;6,261905;10;155,4;null;28,528571;22,892857;18,585714;75,991071;null;null;62,410714;null;
1983-03-31;null;95,5;null;null;null;6,688172;13;352,2;null;27,890323;22,24;18,148387;79,540323;null;null;63,064516;null;
1983-04-30;null;85,7;null;null;null;5,244444;5;46;null;27,46;21,150667;16,153333;78,475;null;null;64,75;null;
1983-05-31;null;89,3;null;null;null;4,967742;4;6,7;null;26,993548;20,470968;15,432258;77,91129;null;null;61,209677;null;
1983-06-30;null;95,3;null;null;null;4,222222;1;1,4;null;26,28;18,385333;12,146667;77,291667;null;null;62,833333;null;
1983-07-31;null;106,4;null;null;null;4,430108;2;33,5;null;25,870968;17,674839;11,23871;74,887097;null;null;58,096774;null;
1983-08-31;null;133,7;null;null;null;4,365591;0;0;null;26,129032;17,700645;10,232258;64,935484;null;null;57,903226;null;
1983-09-30;null;147,4;null;null;null;5,455556;3;9,1;null;28,35;21,52;16,016667;66,358333;null;null;47,833333;null;
1983-10-31;null;125,6;null;null;null;6,698925;11;118,1;null;27,374194;21,405806;16,903226;71,274194;null;null;61,129032;null;
1983-11-30;null;83,6;null;null;null;8,11236;20;269,7;null;27,346667;22,065333;17,993333;78,558333;null;null;59,7;null;
1983-12-31;null;98,4;null;null;null;7,44086;13;234,4;null;27,916129;22,335484;17,870968;76,604839;null;null;61,870968;null;
1984-01-31;null;151,2;null;null;null;4,666667;8;130,3;null;30,658065;22,815484;16,070968;68,024194;null;null;64,677419;null;
1984-02-29;null;130,9;null;null;null;5,264368;3;23,7;null;30,972414;24,024828;18,57931;67,732759;null;null;69,137931;null;
1984-03-31;null;114;null;null;null;5,806452;8;115,2;null;29,670968;23,047742;17,935484;73,629032;null;null;67,580645;null;
1984-04-30;null;89,9;null;null;null;5,844444;6;62,3;null;27,013333;21,208;16,346667;75,141667;null;null;70;null;
1984-05-31;null;110,2;null;null;null;2,849462;0;0;null;27,870968;19,812903;13,051613;71,806452;null;null;68,387097;null;
1984-06-30;null;116,8;null;null;null;2,811111;0;0;null;26,853333;18,28;11,853333;70,55;null;null;57,2;null;
1984-07-31;null;114,5;null;null;null;4,956989;1;2;null;25,690323;17,696774;11,167742;69,008065;null;null;63,258065;null;
1984-08-31;null;128,4;null;null;null;5,913978;5;46,1;null;25,845161;18,842581;12,787097;68,387097;null;null;66,774194;null;
1984-09-30;null;105,6;null;null;null;5,644444;11;46,3;null;26,406667;19,694667;14,78;72,883333;null;null;55,466667;null;
1984-10-31;null;127,3;null;null;null;6,086022;8;56,4;null;27,929032;21,285806;15,609677;68,653226;null;null;64,806452;null;
1984-11-30;null;144,8;null;null;null;5,833333;11;148;null;28,906667;22,316;16,686667;66,75;null;null;66,9;null;
1984-12-31;null;101;null;null;null;7,795699;18;205;null;28,922581;22,873548;18,780645;78,096774;null;null;68,096774;null;
1985-01-31;null;null;null;null;null;9,040541;23;415,5;null;27,672;22,3952;19,184;86,38;null;null;63,854167;null;
1985-02-28;null;null;null;null;null;4,80303;5;32,7;null;30,4;23,303636;17,6;71,636364;null;null;null;null;
1985-03-31;null;92,2;null;null;null;5,925926;6;118,9;null;29,4;23,077037;18,377778;77,157407;null;null;66,666667;null;
1985-04-30;null;100;null;null;null;4,595238;1;3;null;28,607143;21,672143;16,175;72,4375;null;null;70;null;
1985-05-31;null;85;null;null;null;4,252874;null;0;null;27,003448;19,63931;13,6;75,525862;null;null;70;null;
1985-06-30;null;null;null;null;null;2,184211;null;0;null;25,892;15,9304;8,152;67,36;null;null;70;null;
1985-07-31;null;100,4;null;null;null;4,825581;1;2;null;24,02069;15,928276;8,668966;71,198276;null;null;69,137931;null;
1985-08-31;null;131,5;null;null;null;3,376344;3;8,7;null;26,793548;18,420645;11,116129;65,854839;null;null;69,193548;null;
1985-09-30;null;null;null;null;null;5,346154;5;65,9;null;27,330769;19,966154;13,623077;67,807692;null;null;68,076923;null;
1985-10-31;null;114,2;null;null;null;6,2;12;89,8;null;28,266667;21,561333;16,106667;71,533333;null;null;63,333333;null;
1985-11-30;null;null;null;null;null;5,628205;10;80,5;null;28,346154;21,778462;16,838462;74,173077;null;null;66,423077;null;
1985-12-31;null;null;null;null;null;7,101449;13;161;null;27,052174;21,391304;17,704348;81,847826;null;null;64,173913;null;
1986-01-31;null;98,5;null;null;null;5,978495;14;290,7;null;28,483871;22,385806;17,606452;79,290323;null;null;66,290323;null;
1986-02-28;null;125,2;null;null;null;5,011905;6;32,6;null;30,864286;23,635714;18,114286;73,455357;null;null;70;null;
1986-03-31;null;139,4;null;null;null;3,505376;1;47,2;null;30,741935;23,098065;16,774194;72;null;null;70;null;
1986-04-30;null;123,8;null;null;null;4,277778;2;3,6;null;29,68;22,249333;16,193333;72,65;null;null;70;null;
1986-05-31;null;108,2;null;null;null;4,075269;2;20,4;null;28,174194;20,663226;14,367742;75,653226;null;null;70;null;
1986-06-30;null;100,2;null;null;null;5,422222;2;2,6;null;24,74;17,757333;11,98;76,291667;null;null;67,783333;null;
1986-07-31;null;88,4;null;null;null;3,849462;4;30,8;null;24,806452;16,818065;10,412903;74,983871;null;null;66;null;
1986-08-31;null;95,5;null;null;null;3,580645;4;28,1;null;27,535484;19,455484;11,909677;70,830645;null;null;68,387097;null;
1986-09-30;null;125,6;null;null;null;5,188889;0;0;null;26,78;19,245333;12,246667;61,308333;null;null;48;null;
1986-10-31;null;166,6;null;null;null;4,591398;5;27;null;28,574194;21,347097;14,877419;58,532258;null;null;46,870968;null;
1986-11-30;null;170,6;null;null;null;5,644444;10;142,1;null;28,646667;22,236;16,74;64,308333;null;null;64,583333;null;
1986-12-31;null;120,4;null;null;null;6,763441;15;235,1;null;28,535484;22,819355;18,154839;72,725806;null;null;57,774194;null;
1987-01-31;null;121,5;null;null;null;5,505376;8;121,3;null;31;24,266667;17,896774;70,233871;null;null;64,354839;null;
1987-02-28;null;130,6;null;null;null;6,642857;4;44,7;null;30,25;23,482857;17,821429;65,517857;null;null;68,214286;null;
1987-03-31;null;96,9;null;null;null;6,709677;8;138,1;null;29,335484;22,926452;17,954839;73,387097;null;null;67,580645;null;
1987-04-30;null;101,8;null;null;null;6,188889;7;44,3;null;28,746667;22,284;17,026667;72,533333;null;null;69,166667;null;
1987-05-31;null;106,1;null;null;null;5,784946;0;0;null;28,225806;20,907097;14,941935;71,395161;null;null;66,774194;null;
1987-06-30;null;92,1;null;null;null;6,433333;1;1,6;null;25,626667;18,596;12,566667;73,391667;null;null;46,416667;null;
1987-07-31;null;138,6;null;null;null;5,354839;0;0;null;27,032258;18,305806;10,806452;62,967742;null;null;59,354839;null;
1987-08-31;null;160,1;null;null;null;5,215054;1;2;null;28,729032;19,722581;11,670968;56,75;null;null;58,145161;null;
1987-09-30;null;160,8;null;null;null;6,444444;4;15;null;29,12;21,885333;15,813333;61,475;null;null;44,333333;null;
1987-10-31;null;232;null;null;null;5,483871;3;110,2;null;32,96129;24,676129;17,16129;52,459677;null;null;55,483871;null;
1987-11-30;null;104,4;null;null;null;7,8;14;144,7;null;28,673333;22,853333;18,46;74,966667;null;null;59,166667;null;
1987-12-31;null;72,5;null;null;null;8,784946;22;369,8;null;27,406452;22,531613;19,045161;83,072581;null;null;55,419355;null;
1988-01-31;null;null;null;null;null;null;null;null;null;null;null;null;null;null;null;null;null;
1988-02-29;null;null;null;null;null;null;null;null;null;null;null;null;null;null;null;null;null;
1988-03-31;null;null;null;null;null;null;null;null;null;null;null;null;null;null;null;null;null;
1988-04-30;null;null;null;null;null;null;null;null;null;null;null;null;null;null;null;null;null;
1988-05-31;null;null;null;null;null;null;null;null;null;null;null;null;null;null;null;null;null;
1988-06-30;null;null;null;null;null;null;null;null;null;null;null;null;null;null;null;null;null;
1988-07-31;null;null;null;null;null;null;null;null;null;null;null;null;null;null;null;null;null;
1988-08-31;null;null;null;null;null;null;null;null;null;null;null;null;null;null;null;null;null;
1988-09-30;null;null;null;null;null;null;null;null;null;null;null;null;null;null;null;null;null;
1988-10-31;null;null;null;null;null;null;null;null;null;null;null;null;null;null;null;null;null;
1988-11-30;null;null;null;null;null;null;null;null;null;null;null;null;null;null;null;null;null;
1988-12-31;null;null;null;null;null;null;null;null;null;null;null;null;null;null;null;null;null;
1989-01-31;null;169,3;null;null;null;6,065217;2;43,6;null;31,4;23,843871;17,451613;64,266129;null;null;63,548387;null;
1989-02-28;null;137,4;null;null;null;6,285714;3;41,4;null;31,871429;24,451429;18,621429;66,053571;null;null;59,285714;null;
1989-03-31;null;114,8;null;null;null;7,72043;7;116,2;null;29,909677;23,16;17,890323;72,379032;null;null;61,129032;null;
1989-04-30;null;131,6;null;null;null;6,488889;1;5;null;30,126667;22,324;16,073333;65,958333;null;null;59,166667;null;
1989-05-31;null;114,9;null;null;null;6,322581;1;3,2;null;26,535484;19,383226;13,193548;69,233871;null;null;65,16129;null;
1989-06-30;null;94,3;null;null;null;6,866667;4;29;null;25,68;18,482667;12,48;74,116667;null;null;66,666667;null;
1989-07-31;null;135,1;null;null;null;4,666667;2;2,6;null;26,012903;17,247742;9,270968;62,032258;null;null;53,064516;null;
1989-08-31;null;131,7;null;null;null;6,817204;2;3,8;null;25,851613;19,033548;12,56129;65,129032;null;null;58,709677;null;
1989-09-30;null;174,2;null;null;null;5,6;4;17,8;null;30,233333;22,04;14,78;58,741667;null;null;45,5;null;
1989-10-31;null;139,1;null;null;null;7,913978;7;108,2;null;28,109677;21,492903;16,503226;69,233871;null;null;43,951613;null;
1989-11-30;null;113,8;null;null;null;8,2;13;162,9;null;28,36;22,598667;18,286667;75,308333;null;null;35,666667;null;
1989-12-31;null;74,1;null;null;null;8,580645;21;503,2;null;24,954839;20,87871;17,632258;83,83871;null;null;30,758065;null;
1990-01-31;null;null;null;null;null;null;null;null;null;null;null;null;null;null;null;null;null;
1990-02-28;null;null;null;null;null;null;null;null;null;null;null;null;null;null;null;null;null;
1990-03-31;null;null;null;null;null;null;null;null;null;null;null;null;null;null;null;null;null;
1990-04-30;null;null;null;null;null;null;null;null;null;null;null;null;null;null;null;null;null;
1990-05-31;null;null;null;null;null;null;null;null;null;null;null;null;null;null;null;null;null;
1990-06-30;null;null;null;null;null;null;null;null;null;null;null;null;null;null;null;null;null;
1990-07-31;null;null;null;null;null;null;null;null;null;null;null;null;null;null;null;null;null;
1990-08-31;null;null;null;null;null;null;null;null;null;null;null;null;null;null;null;null;null;
1990-09-30;null;null;null;null;null;null;null;null;null;null;null;null;null;null;null;null;null;
1990-10-31;null;null;null;null;null;null;null;null;null;null;null;null;null;null;null;null;null;
1990-11-30;null;null;null;null;null;null;null;null;null;null;null;null;null;null;null;null;null;
1990-12-31;null;null;null;null;null;null;5;13,6;null;null;null;null;null;null;null;null;null;
1991-01-31;null;79,9;null;null;null;8,304348;17;310,6;null;28,045161;22,610323;18,825806;79,766129;null;null;33,809524;null;
1991-02-28;null;91,5;null;null;null;7,047619;null;122,2;null;29,221429;23,245714;19,25;76,982143;null;null;38,035714;null;
1991-03-31;null;94,1;null;null;null;7,290323;null;81,2;null;28,406452;22,88129;19,051613;76,129032;null;null;43,467742;null;
1991-04-30;null;103,6;null;null;null;6,555556;null;6,8;null;27,82;21,721333;17,16;74,458333;null;null;29;null;
1991-05-31;null;98;null;null;null;6,408602;null;37,6;null;26,025806;19,378065;14,083871;75,112903;null;null;26,16129;null;
1991-06-30;null;91;null;null;null;6,311111;null;1;null;25,606667;18,127333;12,203333;74,625;null;null;33,7;null;
1991-07-31;null;null;null;null;null;null;null;null;null;null;null;null;null;null;null;null;null;
1991-08-31;null;null;null;null;null;null;null;null;null;null;null;null;null;null;null;null;null;
1991-09-30;null;null;null;null;null;null;null;null;null;null;null;null;null;null;null;null;null;
1991-10-31;null;null;null;null;null;null;null;null;null;null;null;null;null;null;null;null;null;
1991-11-30;null;null;null;null;null;null;null;null;null;null;null;null;null;null;null;null;null;
1991-12-31;null;null;null;null;null;null;null;null;null;null;null;null;null;null;null;null;null;
1992-01-31;null;null;null;null;null;null;null;null;null;null;null;null;null;null;null;null;null;
1992-02-29;null;null;null;null;null;null;null;null;null;null;null;null;null;null;null;null;null;
1992-03-31;null;null;null;null;null;null;null;null;null;null;null;null;null;null;null;null;null;
1992-04-30;null;null;null;null;null;null;null;null;null;null;null;null;null;null;null;null;null;
1992-05-31;null;null;null;null;null;null;null;null;null;null;null;null;null;null;null;null;null;
1992-06-30;null;null;null;null;null;null;null;null;null;null;null;null;null;null;null;null;null;
1992-07-31;null;null;null;null;null;null;null;null;null;null;null;null;null;null;null;null;null;
1992-08-31;null;null;null;null;null;null;null;null;null;null;null;null;null;null;null;null;null;
1992-09-30;null;null;null;null;null;null;null;null;null;null;null;null;null;null;null;null;null;
1992-10-31;null;null;null;null;null;null;null;null;null;null;null;null;null;null;null;null;null;
1992-11-30;null;null;null;null;null;null;null;null;null;null;null;null;null;null;null;null;null;
1992-12-31;null;null;null;null;null;null;null;null;null;null;null;null;null;null;null;null;null;
1993-01-31;null;142,4;null;null;null;6,369565;null;153,2;null;29,774194;22,935484;17,090323;68,467742;null;null;18,467742;null;
1993-02-28;null;124,2;null;null;null;6,785714;null;104,4;null;29,114286;22,875;18,439286;72;null;null;27,857143;null;
1993-03-31;null;161,8;null;null;null;4,623656;null;17,4;null;31,058065;23,362581;16,664516;63,112903;null;null;23,951613;null;
1993-04-30;null;117,8;null;null;null;6,933333;null;58,2;null;28,893333;22,072;16,993333;74,975;null;null;20,333333;null;
1993-05-31;null;97,4;null;null;null;6,623656;null;13,4;null;25,987097;19,12;13,683871;75,177419;null;null;24,193548;null;
1993-06-30;null;103,6;null;null;null;6,444444;null;0;null;24,913333;17,410667;11,333333;72,758333;null;null;16,833333;null;
1993-07-31;null;161,3;null;null;null;5,096774;null;1;null;26,8;17,905806;10,696774;66,419355;null;null;23,709677;null;
1993-08-31;null;148,5;null;null;null;5,505376;null;0;null;27,03871;18,587097;11,354839;63,193548;null;null;13,870968;null;
1993-09-30;null;197,2;null;null;null;5,6;null;8,4;null;30,486667;21,636;14;56,691667;null;null;10,916667;null;
1993-10-31;null;196,3;null;null;null;6,483871;null;45,1;null;30,43871;22,948387;17,090323;60,580645;null;null;17,096774;null;
1993-11-30;null;182,9;null;null;null;6,711111;null;40,5;null;31,52;24,130667;18,6;61,433333;null;null;23,166667;null;
1993-12-31;null;132;null;null;null;8,236559;null;303,4;null;28,980645;23,136774;19,193548;75,58871;null;null;17,322581;null;
1994-01-31;null;102,8;null;null;null;7,366667;15;118,1;null;29,312903;23,316774;18,909677;76,669355;null;null;12,983871;null;
1994-02-28;null;159;null;null;null;5,190476;null;13;null;31,664286;24,37;18,264286;64,375;null;null;8,839286;null;
1994-03-31;null;91,5;null;null;null;8,021505;15;465,6;null;28,380645;22,812903;18,922581;80,258065;null;null;10;null;
1994-04-30;null;88,4;null;null;null;6,955556;null;54,4;null;27,42;21,438667;17,18;76,958333;null;null;18,166667;null;
1994-05-31;null;109,2;null;null;null;5,827957;null;2,4;null;27,077419;20,220645;14,76129;76,806452;null;null;20,822581;null;
1994-06-30;null;100,7;null;null;null;6,466667;null;5,9;null;25,32;17,977333;12,233333;76,441667;null;null;19,5;null;
1994-07-31;null;107,8;null;null;null;6,215054;null;2,5;null;25,232258;17,803871;11,780645;73,072581;null;null;20,16129;null;
1994-08-31;null;160,6;null;null;null;4,129032;null;0;null;26,754839;18,045161;10,006452;62,330645;null;null;14,677419;null;
1994-09-30;null;183;null;null;null;5,266667;null;0;null;28,586667;20,293333;12,54;56,316667;null;null;16,25;null;
1994-10-31;null;220,1;null;null;null;5,741935;null;1,2;null;30,741935;22,981935;16,167742;57,201613;null;null;19,354839;null;
1994-11-30;null;144,8;null;null;null;7,377778;null;202,6;null;28,52;22,416;17,32;69,791667;null;null;18,666667;null;
1994-12-31;null;127,1;null;null;null;7,849462;null;98,6;null;29,077419;22,987097;18,387097;74,290323;null;null;23,790323;null;
1995-01-31;null;187,9;null;null;null;5,053763;null;73,4;null;32,212903;24,508387;17,8;63,274194;null;null;15,241935;null;
1995-02-28;null;124,8;null;null;null;6,785714;null;56;null;30,885714;23,837143;18,571429;71,633929;null;null;15,892857;null;
1995-03-31;null;152,7;null;null;null;6,107527;null;129,6;null;30,43871;23,687742;18,406452;70,370968;null;null;18,387097;null;
1995-04-30;null;78,2;null;null;null;7,4;null;140,2;null;27,073333;21,256;16,846667;81,5;null;null;17,5;null;
1995-05-31;null;96,1;null;null;null;6,322581;null;2,4;null;26,941935;20,508387;15,496774;77,217742;null;null;20,806452;null;
1995-06-30;null;101,9;null;null;null;5,466667;null;2,2;null;25,4;17,237333;10,573333;75,008333;null;null;15,366667;null;
1995-07-31;null;102;null;null;null;6,537634;null;6,9;null;25,535484;18,774194;12,754839;72,306452;null;null;19,761905;null;
1995-08-31;null;186,6;null;null;null;3,784946;null;0;null;28,232258;19,610323;11,6;58,564516;null;null;23,730159;null;
1995-09-30;null;202,9;null;null;null;5,333333;null;0;null;29,28;21,658667;15,033333;53,741667;null;null;27,758621;null;
1995-10-31;null;190,4;null;null;null;6,55914;null;100,5;null;29,954839;23,20129;17,541935;60,709677;null;null;26,451613;null;
1995-11-30;null;108,2;null;null;null;7,827586;16;201,2;null;27,493333;21,544;17,146667;75,458333;null;null;29,482759;null;
1995-12-31;null;92,6;null;null;null;8;23;360,4;null;28,23871;22,830968;19,096774;78,814516;null;null;39,354839;null;
1996-01-31;null;150,1;null;null;null;6,27957;null;65,7;null;30,554839;23,701935;17,870968;67,637097;null;null;23,225806;null;
1996-02-29;null;147,9;null;null;null;5,517241;null;45,4;null;31,455172;24,30069;18,124138;64,741379;null;null;23,448276;null;
1996-03-31;null;160,4;null;null;null;5,978495;null;46;null;31,606452;24,624516;19,264516;66,822581;null;null;24,83871;null;
1996-04-30;null;142,8;null;null;null;5,747126;null;83,6;null;28,48;21,756;16,106667;68,9;null;null;22,586207;null;
1996-05-31;null;116,9;null;null;null;4,978495;null;1,4;null;26,632258;19,010323;12,922581;70,379032;null;null;28,064516;null;
1996-06-30;null;121,8;null;null;null;4,91358;null;0;null;26,026667;18,068;11,326667;66,758333;null;null;24,62963;null;
1996-07-31;null;143;null;null;null;4,731183;null;0;null;26,283871;17,930323;12,458065;61,967742;null;null;31,290323;null;
1996-08-31;null;165,9;null;null;null;5,204301;null;0;null;26,683871;19,073548;12,270968;59,298387;null;null;27,258065;null;
1996-09-30;null;183;null;null;null;6,155556;null;0;null;29,14;21,722667;15,806667;57,05;null;null;27,5;null;
1996-10-31;null;158,2;null;null;null;6,967742;null;93;null;29,877419;22,92;17,380645;64,806452;null;null;31,290323;null;
1996-11-30;null;109,8;null;null;null;8,266667;15;194,2;null;27,266667;21,913333;18,026667;76,008333;null;null;32,5;null;
1996-12-31;null;110,4;null;null;null;7,935484;null;205,1;null;28,890323;22,55871;16,858065;76,75;null;null;32,903226;null;
1997-01-31;null;116,3;null;null;null;7,204301;null;178;null;29,251613;22,774194;16,135484;75,08871;null;null;27,258065;null;
1997-02-28;null;130,8;null;null;null;6,72619;null;77,4;null;29,471429;22,551429;16,078571;69,669643;null;null;21,785714;null;
1997-03-31;null;78,5;null;null;null;8,129032;null;259,9;null;26,606452;21,16;15,780645;78,282258;null;null;25,645161;null;
1997-04-30;null;94,4;null;null;null;7,4;null;39,4;null;27,22;21,081333;16,593333;75,566667;null;null;25,833333;null;
1997-05-31;null;94,3;null;null;null;6,376344;null;21,4;null;25,03871;18,236129;11,916129;75,266129;null;null;29,677419;null;
1997-06-30;null;95,7;null;null;null;5,1;null;6;null;25,126667;17,633333;12,306667;74,725;null;null;29,836066;null;
1997-07-31;null;142,3;null;null;null;5,032258;null;,7;null;25,8;17,353548;10,2;66,572581;null;null;20,483871;null;
1997-08-31;null;176;null;null;null;3,913978;null;1,4;null;27,303226;18,370323;9,4;56,193548;null;null;20;null;
1997-09-30;null;188,6;null;null;null;6,044444;null;37,6;null;30,9;22,826667;15,606667;61,741667;null;null;20,833333;null;
1997-10-31;null;172,3;null;null;null;6,903226;null;54,7;null;30,580645;23,24;16,793548;61,887097;null;null;20,806452;null;
1997-11-30;null;207,2;null;null;null;6,177778;null;111;null;32,36;24,816;18,176667;61,458333;null;null;22,666667;null;
1997-12-31;null;133,4;null;null;null;7,462366;18;317,2;null;29,63871;23,627097;18,619355;74,91129;null;null;22,419355;null;
1998-01-31;null;140,6;null;null;null;7,225806;null;122,3;null;30,832258;24,299355;18,625806;71,266129;null;null;20,806452;null;
1998-02-28;null;146,7;null;null;null;6,238095;null;188,7;null;32,135714;24,964286;18,735714;67,285714;null;null;20,892857;null;
1998-03-31;null;150,9;null;null;null;5,763441;null;20,3;null;31,929032;24,640645;18,73871;68,645161;null;null;23,225806;null;
1998-04-30;null;132,9;null;null;null;5,755556;null;4,2;null;31,06;23,772;17,033333;65,4;null;null;20;null;
1998-05-31;null;136;null;null;null;5,784946;null;27,2;null;28,141935;20,65871;14,3;67,733871;null;null;20,806452;null;
1998-06-30;null;108,3;null;null;null;5,577778;null;0;null;26,2;18,384;11,4;65,35;null;null;20;null;
1998-07-31;null;135,9;null;null;null;4,860215;null;0;null;26,767742;18,08129;10,122581;62,258065;null;null;21,935484;null;
1998-08-31;null;182,9;null;null;null;4,88172;null;1,1;null;29,722581;21,252258;13,151613;57,435484;null;null;21,370968;null;
1998-09-30;null;231;null;null;null;4,044444;null;,7;null;30,986667;22,488;13,7;48,958333;null;null;20,416667;null;
1998-10-31;null;165,9;null;null;null;7,376344;null;139,8;null;29,296774;23,069032;18,022581;63,975806;null;null;23,629032;null;
1998-11-30;null;83,4;null;null;null;8,644444;20;242;null;27,326667;21,912;18,006667;80,316667;null;null;19,25;null;
1998-12-31;null;120,9;null;null;null;7,139785;null;196,1;null;29,878571;23,445714;18,007143;72,814516;null;null;24,032258;null;
1999-01-31;null;136,8;null;null;null;6,408602;null;132,5;null;30,574194;23,818065;17,916129;70,387097;null;null;20,806452;null;
1999-02-28;null;154,4;null;null;null;6,285714;null;102,3;null;31,314286;24,125714;17,757143;63,776786;null;null;18,392857;null;
1999-03-31;null;109;null;null;null;6,344086;null;222,5;null;28,883871;22,916129;17,670968;74,508065;null;null;24,112903;null;
1999-04-30;null;110,4;null;null;null;6;null;,8;null;28,526667;22,101333;16,386667;71,116667;null;null;20,833333;null;
1999-05-31;null;109,7;null;null;null;5,419355;null;3,6;null;27,096774;19,251613;13,109677;68,790323;null;null;21,612903;null;
1999-06-30;null;118,5;null;null;null;5,422222;null;0;null;26,553333;18,821333;12,813333;66,15;null;null;23,333333;null;
1999-07-31;null;115,1;null;null;null;6,172043;null;0;null;25,735484;18,733548;12,493548;66,516129;null;null;20,806452;null;
1999-08-31;null;161,7;null;null;null;4,903226;null;2;null;26,658065;18,050323;9,303226;57,233871;null;null;20;null;
1999-09-30;null;175,7;null;null;null;5,244444;null;10,7;null;28,8;21,04;13,86;56,258333;null;null;24,310345;null;
1999-10-31;null;158,8;null;null;null;7,247312;null;68,6;null;28,565517;21,493793;15,648276;60,572581;null;null;22,419355;null;
1999-11-30;null;88,7;null;null;null;8,488889;19;405,4;null;26,3;21,053333;16,906667;77,258333;null;null;32,833333;null;
1999-12-31;null;104,1;null;null;null;7,505376;16;143,2;null;28,483871;22,467097;17,819355;78,677419;null;null;23,548387;null;
2000-01-31;null;97,8;null;null;null;7,505376;13;169,2;null;29,309677;23,350968;18,670968;80,854839;null;null;28,515625;null;
2000-02-29;null;102,9;null;null;null;6,965517;12;161,8;null;29,965517;23,296552;17,965517;80,646552;null;null;20,172414;null;
2000-03-31;null;95;null;null;null;7,182796;13;262,5;null;28,909677;22,709677;18,174194;76,096774;null;null;24,4375;null;
2000-04-30;null;97,2;null;null;null;6,733333;5;11,6;null;27,806667;21,596;16,58;72,35;null;null;20;null;
2000-05-31;null;111,5;null;null;null;5,462366;2;3,4;null;27,225806;19,64129;13,135484;69,362903;null;null;21,328125;null;
2000-06-30;null;102,7;null;null;null;5,333333;0;0;null;26,033333;17,522667;10,326667;70,408333;null;null;25;null;
2000-07-31;null;98,7;null;null;null;6,27957;3;2,8;null;25,554839;17,71871;11,309677;70,685484;null;null;25,3125;null;
2000-08-31;null;141;null;null;null;5,591398;3;10,3;null;27,36129;19,091613;11,587097;63,258065;null;null;23,4375;null;
2000-09-30;null;129,2;null;null;null;6,644444;3;28,7;null;26,786667;20,293333;15,006667;69,4;null;null;24,508197;null;
2000-10-31;null;184;null;null;null;5,763441;4;39,8;null;31,258065;23,28129;16,664516;78,169355;null;null;21,451613;null;
2000-11-30;null;91,1;null;null;null;8,333333;17;318;null;27,973333;22,261333;17,746667;76,808333;null;null;21,759259;null;
2000-12-31;null;88,9;null;null;null;8,215054;21;223,4;null;28,6;22,829677;18,780645;78,758065;null;null;null;null;
2001-01-31;null;135,6;null;null;null;6,623656;6;47,5;null;30,219355;23,409032;17,941935;66,177419;null;null;null;null;
2001-02-28;null;161,1;null;null;null;5,761905;2;37;null;32,557143;24,715714;17,75;60,714286;null;null;null;null;
2001-03-31;null;115,3;null;null;null;7,16129;10;83,9;null;30,025806;23,331613;17,754839;70,467742;null;null;null;null;
2001-04-30;null;135,5;null;null;null;5,666667;3;6,1;null;30,153333;22,612;15,933333;62,375;null;null;null;null;
2001-05-31;null;111,6;null;null;null;6,172043;3;28,3;null;27,909677;20,612903;14,354839;70,508065;null;null;null;null;
2001-06-30;null;94;null;null;null;6,088889;2;9,6;null;25,82;18,472;11,98;70,283333;null;null;null;null;
2001-07-31;null;119;null;null;null;5,913978;1;1;null;26,580645;18,287742;11,019355;64,935484;null;null;null;null;
2001-08-31;null;145,6;null;null;null;6;2;5,7;null;26,806452;19,156129;12,354839;60,467742;null;null;null;null;
2001-09-30;null;161,1;null;null;null;6,588889;4;10,9;null;27,933333;20,810667;14,773333;60,058333;null;null;null;null;
2001-10-31;null;145;null;null;null;7,849462;8;77,7;null;28,006452;21,690323;16,812903;67,604839;null;null;null;null;
2001-11-30;null;102;null;null;null;8;14;291,1;null;28,046667;22,586667;18,34;77,8;null;null;null;null;
2001-12-31;null;117,2;null;null;null;7,849462;17;216,7;null;28,116129;22,540645;18,270968;75,685484;null;null;null;null;
2002-01-31;null;102,9;null;null;null;7,763441;19;205,4;null;29,380645;23,263226;18,612903;76,798387;null;null;null;null;
2002-02-28;null;84,6;null;null;null;7,630952;12;196,8;null;29,2;22,82;18,214286;76,723214;null;null;null;null;
2002-03-31;null;109,6;null;null;null;6,516129;8;75,3;null;29,432258;23,037419;18,122581;72,927419;null;null;null;null;
2002-04-30;null;100,8;null;null;null;5,266667;4;5,7;null;29,1;22,158667;16,253333;70,716667;null;null;null;null;
2002-05-31;null;96,7;null;null;null;5,182796;3;18,1;null;27,303226;19,979355;13,8;72,516129;null;null;null;null;
2002-06-30;null;102,1;null;null;null;5,4;2;1,8;null;26,46;18,989333;12,233333;69,491667;null;null;null;null;
2002-07-31;null;100,3;null;null;null;6,258065;3;2,9;null;25,883871;18,76129;12,709677;70,604839;null;null;null;null;
2002-08-31;null;158,6;null;null;null;4,645161;1;3;null;28,374194;20,037419;12,432258;59,491935;null;null;null;null;
2002-09-30;null;130;null;null;null;7,2;6;79,3;null;27,226667;20,86;15,993333;67,925;null;null;null;null;
2002-10-31;null;199,2;null;null;null;5,311828;4;11,7;null;31,316129;23,131613;15,877419;54,879032;null;null;null;null;
2002-11-30;null;118,2;null;null;null;7,4;10;196,8;null;28,913333;22,648;17,393333;69,866667;null;null;null;null;
2002-12-31;null;107;null;null;null;7,731183;17;389,2;null;28,973333;23,046667;18,277419;77,758065;null;null;null;null;
2003-01-31;null;86;143,702211;143,702211;null;7,784946;18;126,4;null;29,109677;23,251613;19,122581;79,782258;null;null;null;null;
2003-02-28;null;135,5;125,621625;125,621625;null;6,02381;6;66,8;null;30,107143;23,467143;17,935714;68,5;null;null;null;null;
2003-03-31;null;122,5;135,909808;40,778375;null;7,032258;5;35,6;null;29,941935;23,419355;18,019355;70,330645;null;null;null;null;
2003-04-30;null;106,9;123,375068;29,7;null;6,022222;5;29,7;null;29,213333;22,289333;16,833333;71,391667;null;null;null;null;
2003-05-31;null;115;null;null;null;6,27957;0;0;null;27,322581;19,92;13,56129;69,66129;null;null;null;null;
2003-06-30;null;112,7;107,471901;100;null;3,777778;null;0;null;27,54;17,910667;9,466667;65,891667;null;null;null;null;
2003-07-31;null;134;110,738587;0;null;5,16129;0;0;null;26,051613;17,523871;9,96129;63,612903;null;null;null;null;
2003-08-31;null;151;119,360695;26,9;null;5,784946;2;26,9;null;27,083871;19,567742;12,580645;61,66129;null;null;null;null;
2003-09-30;null;175,7;null;null;null;6,488889;2;2,5;null;29,033333;21,44;14,72;55,758333;null;null;null;null;
2003-10-31;null;228,3;null;null;null;6,032258;2;73;null;30,554839;22,785806;15,812903;51,040323;null;null;null;null;
2003-11-30;null;152,8;null;null;null;7,111111;8;93;null;29,833333;23,412;18,32;67,558333;null;null;null;null;
2003-12-31;null;152;null;null;null;7,053763;17;222,5;null;30,735484;23,993548;19,109677;70,41129;null;null;null;null;
2004-01-31;null;97,3;null;null;null;8,451613;14;208,5;null;28,209677;22,975484;19,609677;78,475806;null;null;null;null;
2004-02-29;null;95,3;null;null;null;7,816092;11;139,3;null;28,427586;22,77;19,035714;77,232759;null;null;null;null;
2004-03-31;null;85,2;null;null;null;7,784946;19;227,4;null;28,087097;22,262581;18,648387;79,846774;null;null;null;null;
2004-04-30;null;85,5;null;null;null;7,044444;8;130,1;null;27,066667;21,654;17,676667;77,058333;null;null;null;null;
2004-05-31;null;92,8;null;null;null;6,247312;2;1,9;null;26,696774;20,869032;16,53871;75,314516;null;null;null;null;
2004-06-30;null;86,7;null;null;null;6,2;3;9,7;null;24,48;18,388;14,033333;74,608333;null;null;null;null;
2004-07-31;null;93,4;null;null;null;7,225806;2;20,5;null;23,806452;17,734667;13,893333;71,362903;null;null;null;null;
2004-08-31;null;144,9;null;null;null;5,612903;0;0;null;27,03871;18,999355;13,912903;62,66129;null;null;null;null;
2004-09-30;null;195,3;119,851787;0;null;4,455556;0;0;null;29,44;21,04;15,186667;53,15;null;null;null;null;
2004-10-31;null;189,3;null;null;null;6,666667;6;89,1;null;29,874194;23,181935;19,248387;60,370968;null;null;null;null;
2004-11-30;null;161,5;null;null;null;7,266667;8;115,1;null;28,98;23,40069;19,831034;65,3;null;null;null;null;
2004-12-31;null;123,7;null;null;null;7,870968;18;244,7;null;29,451613;23,5;19,854839;74,717742;null;null;null;null;
2005-01-31;null;119,2;null;null;null;7,290323;16;266;null;29,735484;23,767097;20,293548;75,395161;null;null;null;null;
2005-02-28;null;104,2;125,618305;125,618305;null;7,357143;14;240,1;null;29,221429;23,067857;19,275;76,705357;null;null;null;null;
2005-03-31;null;100,4;136,754908;136,754908;null;7,461538;13;101,6;null;29,106667;23,642667;20,46;77,791667;null;null;null;null;
2005-04-30;null;123,4;124,990122;82,845092;null;5,797753;4;18;null;29,066667;22,654;18,083333;72,525;null;null;null;null;
2005-05-31;null;111,7;null;null;null;6,021505;5;10,6;null;26,977419;20,512258;16,112903;73,620968;null;null;null;null;
2005-06-30;null;101,4;112,001563;10,2;null;6,666667;5;10,2;null;25,44;19,095333;15,17;73,625;null;null;null;null;
2005-07-31;null;120,9;112,701078;8,2;null;5,16129;2;8,2;null;25,612903;18,017419;12,712903;69,451613;null;null;null;null;
2005-08-31;null;164,6;123,037686;0;null;5,483871;0;0;null;28,070968;20,398065;15,235484;61,233871;null;null;null;null;
2005-09-30;null;159,9;127,406752;47,4;null;6,577778;3;47,4;null;29,055172;22,169655;17,889655;62,931034;null;null;null;null;
2005-10-31;null;228,2;141,795446;93,8;null;4,645161;2;93,8;null;32,658065;24,028387;16,493548;51,508065;null;null;null;null;
2005-11-30;null;74,5;null;null;null;8,622222;22;325,4;null;26,526667;21,802667;18,513333;79,725;null;null;null;null;
2005-12-31;null;88;null;null;null;8,021505;15;227,2;null;27,380645;22,014839;18,029032;77,556452;null;null;null;null;
2006-01-31;null;167,1;146,139019;81,2;null;5,451613;1;1,2;null;31,187097;23,785161;17,506452;60,887097;null;null;null;null;
2006-02-28;null;159,2;null;null;null;6,119048;8;71;null;33,078571;25,08;18,864286;61,464286;null;null;null;null;
2006-03-31;null;79,1;null;null;null;8,301075;23;217,7;null;28,987097;23,138065;19,767742;81,814516;null;null;null;null;
2006-04-30;null;76,7;null;null;null;6,488889;9;66,9;null;27,733333;21,614667;17,046667;77,883333;null;null;null;null;
2006-05-31;null;93,4;113,075726;29;null;5,569892;0;0;null;26,545161;18,796129;12,583871;73,983871;null;null;null;null;
2006-06-30;null;89,2;105,250923;2;null;6,555556;3;2;null;24,233333;17,332;11,64;74,4;null;null;null;null;
2006-07-31;null;118,6;108,026004;0;null;4,903226;0;0;null;25,6;16,869032;9,506452;68,395161;null;null;null;null;
2006-08-31;null;149,7;121,250335;,9;null;5,311828;2;1,4;null;28,03871;19,977419;13,048387;62,475806;null;null;null;null;
2006-09-30;null;144,9;120,945844;64,1;null;6,888889;8;64,1;null;28,22;20,548;14,426667;66,258333;null;null;null;null;
2006-10-31;null;96,2;133,352783;133,352783;null;8,989247;17;167,4;null;27,393548;21,863871;18,112903;75,991935;null;null;null;null;
2006-11-30;null;89,1;133,962666;133,962666;null;7,977778;19;390,8;null;27,39;21,984667;18,14;79,358333;null;null;null;null;
2006-12-31;null;98,5;148,460597;148,460597;null;7,763441;21;311,4;null;29,225806;23,327097;18,803226;75,846774;null;null;null;null;
2007-01-31;null;120,6;146,949934;146,949934;null;7,860215;15;81,7;null;30,567742;23,950323;19,403226;74,112903;null;null;null;null;
2007-02-28;null;97,8;123,801432;123,801432;null;7,678571;15;195;null;28,535714;22,737143;18,935714;78,678571;null;null;null;null;
2007-03-31;null;127,7;134,363281;130,8;null;5,311828;7;30,8;null;30,412903;23,114194;17,183871;69,048387;null;null;null;null;
2007-04-30;null;93,6;123,375719;29,5;null;6,533333;7;30,1;null;28,773333;22,274;17,31;73,325;null;null;null;null;
2007-05-31;null;95,1;115,395547;4;null;5,612903;2;8;null;27,109677;19,374839;13,474194;72,677419;null;null;null;null;
2007-06-30;null;105,2;106,299273;0;null;4,955556;0;0;null;26,28;17,617241;10,837931;72,908333;null;null;null;null;
2007-07-31;null;121,8;null;null;null;4,956989;1;3,1;null;26,663158;17,377895;10,632258;68,774194;null;null;null;null;
2007-08-31;null;172,2;null;null;null;4,236559;0;0;null;null;null;10,403226;56,766129;null;null;null;null;
2007-09-30;null;192,9;null;null;null;5,111111;1;2,5;null;30,470588;21,083529;13,253333;56,841667;null;null;null;null;
2007-10-31;null;240,6;140,489687;0;null;6,086022;0;0;null;32,109677;23,801935;16,867742;49,83871;null;null;null;null;
2007-11-30;null;238,6;144,98976;85,6;null;7;6;85,6;null;32,566667;24,804;18,893333;56,308333;null;null;null;null;
2007-12-31;null;152,1;148,871463;102,6;null;6,677419;8;102,6;null;30,658065;24,080645;18,874194;66,685484;null;null;null;null;
2008-01-31;null;124,8;142,830088;142,830088;null;7,956989;16;145,2;null;29,464516;23,010968;18,209677;71,725806;null;null;null;null;
2008-02-29;null;96,2;130,868924;130,868924;null;7,034483;15;151,8;null;30,4;23,290345;18,07931;74,206897;null;null;null;null;
2008-03-31;null;101,1;133,011761;133,011761;null;6,892473;10;92,8;null;28,980645;22,812258;18,467742;75,991935;null;null;null;null;
2008-04-30;null;93,7;null;null;null;5,866667;8;87,4;null;29,773333;22,626667;17,326667;75,025;null;null;null;null;
2008-05-31;null;96,7;113,777972;58,3;null;5,806452;3;18,9;null;27,248387;18,985806;12,609677;73,709677;null;null;null;null;
2008-06-30;null;94,5;107,666531;1,4;null;5,222222;1;1,4;null;26,093333;17,992;11,513333;71,141667;null;null;null;null;
2008-07-31;null;131;110,109211;1,8;null;4,27957;2;1,8;null;25,954839;16,672903;8,687097;64,25;null;null;null;null;
2008-08-31;null;167,7;119,578167;1,5;null;4,129032;1;1,5;null;28,706452;19,623226;11,3;56,467742;null;null;null;null;
2008-09-30;null;180,5;null;null;null;5,8;2;30,2;null;29,886667;21,304;14;56,675;null;null;null;null;
2008-10-31;null;259,4;null;null;null;5,215054;1;4,3;null;32,922581;24,467742;16,590323;48,887097;null;null;null;null;
2008-11-30;null;125,9;null;null;null;8,022222;20;183,9;null;28,533333;22,842667;18,813333;74,866667;null;null;null;null;
2008-12-31;null;90,9;null;null;null;8,483516;23;237,3;null;27,933333;22,476;18,793333;79,45;null;null;null;null;
2009-01-31;null;112,2;null;null;null;7,612903;17;254,9;null;29,464516;23,343871;19,080645;77,225806;null;null;null;null;
2009-02-28;null;131,3;null;null;null;5,809524;7;57,1;null;30,992857;24,086429;18,925;69,589286;null;null;null;null;
2009-03-31;null;157,5;137,846068;97,565042;null;5,784946;8;51,2;null;31,180645;23,967097;18,396774;70,233871;null;null;null;null;
2009-04-30;null;87,1;null;null;null;7,444444;10;68;null;28;21,846667;17,48;78,525;null;null;null;null;
2009-05-31;null;107,6;null;null;null;6,172043;3;4,6;null;26,503226;19,337419;13,570968;76,58871;null;null;null;null;
2009-06-30;null;95,6;null;null;null;5,688889;3;3,3;null;26,373333;18,730667;13,206667;75,6;null;null;null;null;
2009-07-31;null;137,1;null;null;null;5,483871;2;1,2;null;27,96129;18,951613;11,764516;67,741935;null;null;null;null;
2009-08-31;null;135;null;null;null;5,634409;2;3,6;null;27,890323;19,490323;12,551613;64,483871;null;null;null;null;
2009-09-30;null;170,2;null;null;null;6,122222;7;23,3;null;31,466667;23,002667;16,446667;61,166667;null;null;null;null;
2009-10-31;null;125,4;null;null;null;7,44086;10;329,7;null;29,612903;23,114839;18,422581;72,153226;null;null;null;null;
2009-11-30;null;137,7;null;null;null;6,6;6;81;null;30,77;23,438;17,36;68,441667;null;null;null;null;
2009-12-31;null;102,8;null;null;null;7,806452;18;276,7;null;29,574194;23,13871;18,435484;75,362903;null;null;null;null;
2010-01-31;null;146,4;null;null;null;6,602151;3;6,4;null;31,612903;24,217419;18,435484;66,387097;null;null;null;null;
2010-02-28;null;135,4;null;null;null;6,047619;9;101;null;32,221429;24,287857;18,589286;65,919643;null;null;null;null;
2010-03-31;null;106,1;null;null;null;6,967742;16;117,3;null;30,690323;23,849677;19,26129;76,395161;null;null;null;null;
2010-04-30;null;101;null;null;null;6,2;2;35,6;null;28,883333;21,933333;16,2;71,491667;null;null;null;null;
2010-05-31;null;82,9;null;null;null;6,064516;5;56,3;null;27,548387;20,226452;15,029032;77,83871;null;null;null;null;
2010-06-30;null;87,9;null;null;null;4,8;1;,8;null;25,466667;17,496;12,54;73,325;null;null;null;null;
2010-07-31;null;106,5;null;null;null;5,419355;2;4,9;null;26,070968;18,302581;11,551613;68,669355;null;null;null;null;
2010-08-31;null;146,7;null;null;null;3,913978;0;0;null;27,341935;18,016129;9,609677;58,983871;null;null;null;null;
2010-09-30;null;171,4;null;null;null;4,577778;0;0;null;29,653333;20,877333;13,113333;56,091667;null;null;null;null;
2010-10-31;null;139,3;null;null;null;7,096774;9;132,8;null;30,445161;23,111613;17,925806;66,943548;null;null;null;null;
2010-11-30;null;84,2;null;null;null;8,266667;19;300,4;null;28,146667;22,356;18,673333;79,591667;null;null;null;null;
2010-12-31;null;114,6;null;null;null;6,333333;13;225,8;null;30,341935;23,715484;18,732258;73,233871;null;null;null;null;

