Nome: SERRA AZUL
Codigo Estacao: 83083
Latitude: -20.02
Longitude: -44.35
Altitude: 765
Situacao: Desativada
Data Inicial: 1984-11-26
Data Final: 1999-06-30
Periodicidade da Medicao: Mensal

Data Medicao;DIRECAO PREDOMINANTE DO VENTO, MENSAL(° (gr));EVAPORACAO DO PICHE, MENSAL(mm);EVAPOTRANSPIRACAO POTENCIAL, BH MENSAL(mm);EVAPOTRANSPIRACAO REAL, BH MENSAL(mm);INSOLACAO TOTAL, MENSAL(h);NEBULOSIDADE, MEDIA MENSAL(décimos);NUMERO DE DIAS COM PRECIP. PLUV, MENSAL(número);PRECIPITACAO TOTAL, MENSAL(mm);PRESSAO ATMOSFERICA, MEDIA MENSAL(mB);TEMPERATURA MAXIMA MEDIA, MENSAL(°C);TEMPERATURA MEDIA COMPENSADA, MENSAL(°C);TEMPERATURA MINIMA MEDIA, MENSAL(°C);UMIDADE RELATIVA DO AR, MEDIA MENSAL(%);VENTO, VELOCIDADE MAXIMA MENSAL(m/s);VENTO, VELOCIDADE MEDIA MENSAL(m/s);VISIBILIDADE, MEDIA MENSAL(codigo);
1984-11-30;null;null;null;null;null;null;null;null;null;null;null;null;null;null;null;null;null;
1984-12-31;null;null;null;null;null;null;null;null;null;null;null;null;null;null;null;null;null;
1985-01-31;null;null;null;null;null;null;null;null;null;null;null;null;null;null;null;null;null;
1985-02-28;null;null;null;null;null;null;null;null;null;null;null;null;null;null;null;null;null;
1985-03-31;null;null;null;null;null;null;null;null;null;null;null;null;null;null;null;null;null;
1985-04-30;null;null;null;null;null;null;null;null;null;null;null;null;null;null;null;null;null;
1985-05-31;0;118,6;null;null;245,8;null;4;116,7;null;26,270968;17,882667;null;91,201613;5;1,119565;null;null;
1985-06-30;0;118,1;null;null;257,7;1,534091;1;7,6;null;24,513333;13,796;7,326667;85,991379;6;1,407865;50;null;
1985-07-31;0;179,2;null;null;253,1;1,612903;0;0;null;23,670968;14,112258;7,103226;86,612903;7;1,826087;50;null;
1985-08-31;0;195,9;null;null;264,2;1,311828;1;2,2;null;27,445161;16,905806;9,63871;83,483871;7;1,483871;49,516129;null;
1985-09-30;0;188,6;null;null;217,3;2,133333;7;51,8;null;27,873333;19,592;13,106667;81,783333;9;2,222222;47,5;null;
1985-10-31;5;144,3;null;null;205,3;3,397849;8;50,5;null;29,029032;21,657419;15,806452;82,806452;7;1,989247;50;null;
1985-11-30;5;154,6;null;null;193,1;2,733333;11;172,4;null;28,493333;22,209333;17,093333;82,941667;9;2,177778;49,180328;null;
1985-12-31;5;107;null;null;160,4;2,692308;20;393,4;null;27,406667;21,873333;17,853333;89,196429;7;1,879121;45,16129;null;
1986-01-31;5;106,3;null;null;200,6;4,456522;18;292;null;28,341935;22,649333;18,129032;90,191667;7;1,655435;47,777778;null;
1986-02-28;5;98,6;null;null;180,6;4,571429;11;164,4;null;29,371429;23,011429;18,078571;90,678571;7;1,511905;49,464286;null;
1986-03-31;5;120,6;null;null;221,1;4,369565;9;162,5;null;29,387097;22,889333;17,625806;89,508333;7;2,054348;50;null;
1986-04-30;5;112,4;null;null;231,2;3,444444;5;46,7;null;28,366667;21,265333;15,533333;86,558333;7;1,977778;46,5;null;
1986-05-31;0;77,8;null;null;205,5;3,537634;6;55,1;null;26,716129;19,007742;13,309677;92,483871;9;1,313978;44,285714;null;
1986-06-30;5;93,3;null;null;249,9;3,144444;1;8,4;null;24,513333;14,936;7,853333;85,641667;7;1,566667;50;null;
1986-07-31;0;122,6;null;null;248,5;2,55914;3;12,2;null;24,458065;15,925161;8,522581;88,040323;7;1,980645;50;null;
1986-08-31;0;123,1;null;null;221,9;3,16129;6;43,1;null;26,587097;18,156129;11,825806;85,822581;7;1,655914;50;null;
1986-09-30;5;180;null;null;232,1;3,111111;1;5,8;null;26,86;19,110667;12,66;80,95;7;3,18;50;null;
1986-10-31;5;200,5;null;null;244,3;3,376344;2;8,6;null;29,658065;21,797419;14,806452;77,508065;9;2,870968;50;null;
1986-11-30;5;182;null;null;197,5;4,822222;11;94,6;null;29,53;22,358;16,266667;79,25;9;2,611111;50;null;
1986-12-31;5;94,5;null;null;114,1;5,870968;24;437,5;null;27,741935;22,522581;18,645161;86,266129;9;2,33871;45,238095;null;
1987-01-31;0;87;null;null;155,7;4,88172;17;164,5;null;29,709677;23,550968;18,858065;85,854839;7;1,817204;49,016393;null;
1987-02-28;5;119,8;null;null;183,7;3,940476;7;133,6;null;29,707143;23,47;18,092857;83,6875;5;2,154762;49,464286;null;
1987-03-31;0;107,5;null;null;209,5;3,290323;8;201,2;null;29,451613;22,596774;16,867742;85,66129;5;1,387097;49,516129;null;
1987-04-30;0;97;null;null;null;2,933333;8;73,4;null;27,823333;21,243333;16;82,75;10;1,533333;49,262295;null;
1987-05-31;0;94;null;null;211,8;3,526882;5;20,8;null;27,516129;20,178065;14,283871;82,435484;5;1,526882;50;null;
1987-06-30;5;82,5;null;null;null;4,455556;3;52,6;null;25,44;16,52;9,1;76,7;7;1,5;36,333333;null;
1987-07-31;0;113,5;null;null;null;2,107527;2;7,6;null;26,212903;16,436129;9,612903;83,016129;7;,989247;45,403226;null;
1987-08-31;0;146;null;null;253,6;2,263736;2;3,7;null;28,033333;17,744;10,126667;78,533333;5;1,373626;44;null;
1987-09-30;0;142,5;null;null;173,8;4,044944;8;76,2;null;28,113333;20,546667;13,966667;81,783333;5;1,426966;42,5;null;
1987-10-31;0;194;null;null;213;1,784946;10;140,2;null;31,154839;23,305806;16,851613;84,193548;9;1,634409;50;null;
1987-11-30;5;129,5;null;null;173,3;4,677778;13;179,1;null;28,92;22,67;16,29;83,733333;5;1,64;47;null;
1987-12-31;0;78;null;null;138,2;6,177778;22;522,5;null;27,366667;21,981333;17,586667;84,766667;5;1,655556;43;null;
1988-01-31;null;null;null;null;null;null;null;null;null;null;null;null;null;null;null;null;null;
1988-02-29;null;null;null;null;null;null;null;null;null;null;null;null;null;null;null;null;null;
1988-03-31;null;null;null;null;null;null;null;null;null;null;null;null;null;null;null;null;null;
1988-04-30;null;null;null;null;null;null;null;null;null;null;null;null;null;null;null;null;null;
1988-05-31;null;null;null;null;null;null;null;null;null;null;null;null;null;null;null;null;null;
1988-06-30;null;null;null;null;null;null;null;null;null;null;null;null;null;null;null;null;null;
1988-07-31;null;null;null;null;null;null;null;null;null;null;null;null;null;null;null;null;null;
1988-08-31;null;null;null;null;null;null;null;null;null;null;null;null;null;null;null;null;null;
1988-09-30;null;null;null;null;null;null;null;null;null;null;null;null;null;null;null;null;null;
1988-10-31;null;null;null;null;null;null;null;null;null;null;null;null;null;null;null;null;null;
1988-11-30;null;null;null;null;null;null;null;null;null;null;null;null;null;null;null;null;null;
1988-12-31;null;null;null;null;null;null;null;null;null;null;null;null;null;null;null;null;null;
1989-01-31;5;115,5;null;null;206,6;3,956522;14;65,8;null;29,735484;22,739355;17,290323;83,951613;7;1,782609;48,548387;null;
1989-02-28;5;79;null;null;159,3;4,880952;17;335;null;29,507143;22,917143;18,142857;85,428571;5;1,47619;49,464286;null;
1989-03-31;5;89,9;null;null;211,3;3,543478;13;197;null;28,774194;22,316129;17,251613;87,341667;5;1,271739;49,016393;null;
1989-04-30;5;125;null;null;243,1;3,044444;2;12,4;null;28,986667;21,858667;15,753333;88,125;5;1,288889;50;null;
1989-05-31;5;119,5;null;null;223,7;2,967742;1;9,2;null;25,858065;17,900645;11,63871;85,120968;4;1,053763;50;null;
1989-06-30;0;89;null;null;189,2;3,822222;6;34,6;null;24,753333;16,508;10,446667;87,008333;3;,766667;48,333333;null;
1989-07-31;0;111;null;null;241,6;2,434783;4;41;null;24,212903;14,383226;7,574194;88,016129;5;,83871;49,354839;null;
1989-08-31;5;135;null;null;244,6;3,55914;4;33;null;25,554839;17,272903;9,990323;86,016129;7;1,243011;49,516129;null;
1989-09-30;5;150,4;null;null;211,5;4,233333;3;65,8;null;28,793333;21,210667;14,7;87,175;7;1,166667;50;null;
1989-10-31;0;134;null;null;212,9;4,623656;11;100,8;null;27,690323;20,825806;14,754839;89,927419;4;,860215;49,032258;null;
1989-11-30;0;112,5;null;null;154,1;6,404494;20;262,8;null;27,266667;21,576;16,786667;88,375;3;,724444;48,5;null;
1989-12-31;5;134,2;null;null;138,2;6,195652;16;381,2;null;26,63871;21,590968;16,696774;81,65;7;1,434783;38,225806;null;
1990-01-31;null;null;null;null;null;null;null;null;null;null;null;null;null;null;null;null;null;
1990-02-28;null;null;null;null;null;null;null;null;null;null;null;null;null;null;null;null;null;
1990-03-31;null;null;null;null;null;null;null;null;null;null;null;null;null;null;null;null;null;
1990-04-30;null;null;null;null;null;null;null;null;null;null;null;null;null;null;null;null;null;
1990-05-31;null;null;null;null;null;null;null;null;null;null;null;null;null;null;null;null;null;
1990-06-30;null;null;null;null;null;null;null;null;null;null;null;null;null;null;null;null;null;
1990-07-31;null;null;null;null;null;null;null;null;null;null;null;null;null;null;null;null;null;
1990-08-31;null;null;null;null;null;null;null;null;null;null;null;null;null;null;null;null;null;
1990-09-30;null;null;null;null;null;null;null;null;null;null;null;null;null;null;null;null;null;
1990-10-31;null;null;null;null;null;null;null;null;null;null;null;null;null;null;null;null;null;
1990-11-30;null;null;null;null;null;null;null;null;null;null;null;null;null;null;null;null;null;
1990-12-31;null;null;null;null;null;null;null;null;null;null;null;null;null;null;null;null;null;
1991-01-31;5;84,9;null;null;105,6;6,434783;23;607,2;null;26,870968;22,28;18,554839;85,895161;3;1,097826;32,483871;null;
1991-02-28;5;100,2;null;null;181,6;4,428571;16;90,4;null;29,635714;23,508571;19,378571;85,169643;3;1;46,25;null;
1991-03-31;0;106;null;null;150,2;4,989247;null;229,4;null;27,954839;22,458065;18,677419;87,403226;3;,817204;45,322581;null;
1991-04-30;null;null;null;null;null;null;null;null;null;null;null;null;null;null;null;null;null;
1991-05-31;null;null;null;null;null;null;null;null;null;null;null;null;null;null;null;null;null;
1991-06-30;null;null;null;null;null;null;null;null;null;null;null;null;null;null;null;null;null;
1991-07-31;null;null;null;null;null;null;null;null;null;null;null;null;null;null;null;null;null;
1991-08-31;null;null;null;null;null;null;null;null;null;null;null;null;null;null;null;null;null;
1991-09-30;null;null;null;null;null;null;null;null;null;null;null;null;null;null;null;null;null;
1991-10-31;null;null;null;null;null;null;null;null;null;null;null;null;null;null;null;null;null;
1991-11-30;null;null;null;null;null;null;null;null;null;null;null;null;null;null;null;null;null;
1991-12-31;null;null;null;null;null;null;null;null;null;null;null;null;null;null;null;null;null;
1992-01-31;null;null;null;null;null;null;null;null;null;null;null;null;null;null;null;null;null;
1992-02-29;null;null;null;null;null;null;null;null;null;null;null;null;null;null;null;null;null;
1992-03-31;null;null;null;null;null;null;null;null;null;null;null;null;null;null;null;null;null;
1992-04-30;null;null;null;null;null;null;null;null;null;null;null;null;null;null;null;null;null;
1992-05-31;null;null;null;null;null;null;null;null;null;null;null;null;null;null;null;null;null;
1992-06-30;null;null;null;null;null;null;null;null;null;null;null;null;null;null;null;null;null;
1992-07-31;null;null;null;null;null;null;null;null;null;null;null;null;null;null;null;null;null;
1992-08-31;null;null;null;null;null;null;null;null;null;null;null;null;null;null;null;null;null;
1992-09-30;null;null;null;null;null;null;null;null;null;null;null;null;null;null;null;null;null;
1992-10-31;null;null;null;null;null;null;null;null;null;null;null;null;null;null;null;null;null;
1992-11-30;null;null;null;null;null;null;null;null;null;null;null;null;null;null;null;null;null;
1992-12-31;null;null;null;null;null;null;null;null;null;null;null;null;null;null;null;null;null;
1993-01-31;5;115,4;null;null;200,4;5,23913;16;287,7;null;29,129032;22,674839;18,109677;83,645161;3;1,141304;48,064516;null;
1993-02-28;5;98;null;null;null;5,785714;15;215,2;null;28,192857;22,255714;18,228571;84,946429;5;1,266667;46,140351;null;
1993-03-31;5;142,9;null;null;244,2;4,107527;null;66;null;30,193548;22,614194;17,109677;82,056452;3;1,088172;50;null;
1993-04-30;5;86,3;null;null;208,5;4,511111;null;140;null;27,873333;20,933333;16,46;85,341667;3;,922222;48,5;null;
1993-05-31;5;102,5;null;null;218;3,462366;null;6,6;null;25,23871;17,64129;12,193548;84,524194;3;1,096774;49,516129;null;
1993-06-30;5;102,6;null;null;204,5;3,355556;null;32,8;null;24,493333;15,613333;9,4;84,158333;3;1,111111;49;null;
1993-07-31;5;121,3;null;null;251,3;2,365591;null;0;null;26,464516;15,859355;9,135484;82,629032;3;,956989;50;null;
1993-08-31;5;148,9;null;null;192,2;2,849462;null;9;null;26,43871;17,43871;9,980645;81,209677;10,5;1,211828;40,806452;null;
1993-09-30;5;161;null;null;174,5;3,566667;null;83,8;null;29,203333;20,267333;13,293333;78,95;3;1,222222;41,833333;null;
1993-10-31;5;159,9;null;null;null;4,537634;null;59,2;null;29,083871;21,723871;15,2;77,596774;5;1,569892;47,580645;null;
1993-11-30;5;143,5;null;null;null;4,844444;null;168,4;null;29,866667;22,572;16,873333;78,525;5;1,403333;49,836066;null;
1993-12-31;5;112,7;null;null;0;6,860215;18;210,3;null;28,141935;22,294194;17,987097;83,830645;3;1,344086;45,16129;null;
1994-01-31;5;83,5;null;null;120,8;7,397849;20;433,4;null;27,980645;22,505806;18,541935;86,225806;3;1,215054;44,193548;null;
1994-02-28;5;141,9;null;null;277,3;4,166667;null;26,9;null;31,307143;23,878571;17,935714;80,178571;3;1,285714;50;null;
1994-03-31;5;88;null;null;140,4;6,913978;18;360,9;null;27,703226;22,411613;18,23871;85,145161;3;1,043011;45,16129;null;
1994-04-30;5;90,2;null;null;236,1;4,488889;null;29;null;27,8;21,518667;15,486667;83,775;2;1,022222;49,5;null;
1994-05-31;5;82,7;null;null;233,3;4,408602;null;99,7;null;26,948387;19,792258;13,483871;85,637097;2;1,043011;48,548387;null;
1994-06-30;5;94,6;null;null;234,8;2,844444;null;9,9;null;25,54;16,719333;9,403333;86,308333;2;,922222;49,5;null;
1994-07-31;5;105;null;null;251,7;3,397849;null;0;null;25,083871;16,282581;8,296774;83,104839;3;,956989;50;null;
1994-08-31;5;147,7;null;null;282,3;2,290323;null;0;null;27,203226;17,492903;8,225806;80,395161;3;,512903;48,870968;null;
1994-09-30;5;198,2;null;null;259,6;2,422222;null;5,6;null;29,406667;19,54;10,986667;75,441667;3;1,388889;48;null;
1994-10-31;5;176,2;null;null;198,8;4,537634;null;49,4;null;29,967742;21,896774;15,735484;76,193548;3;1,397849;48,064516;null;
1994-11-30;5;127,7;null;null;124,9;6,314607;null;156,6;null;28,64;22,205517;17,133333;81,293103;3;1,235955;44,40678;null;
1994-12-31;5;129,5;null;null;153,8;5,913978;17;463,8;null;29,129032;22,88129;17,690323;81,08871;3;1,376344;47,580645;null;
1995-01-31;5;155;null;null;220,7;5,333333;null;158,2;null;30,612903;23,723871;18,464516;78,177419;3;1,322581;47,096774;null;
1995-02-28;5;87;null;null;156,8;6,738095;17;211,8;null;29,264286;23,262857;18,321429;82,375;3;1,202381;43,571429;null;
1995-03-31;5;98,9;null;null;220,4;5,397849;15;268,4;null;28,967742;22,726452;17,303226;81,701613;3;1,172043;48,064516;null;
1995-04-30;5;87,6;null;null;222,4;4,6;null;69,6;null;28;21,845333;15,666667;81,583333;2;1,033333;50;null;
1995-05-31;5;77,5;null;null;195,1;3,892473;null;21,1;null;26,193548;19,433548;13,419355;83,491935;3;,870968;48,064516;null;
1995-06-30;5;84,2;null;null;221;2,422222;null;3,6;null;25,103333;16,019333;8,753333;82,591667;3;,833333;50;null;
1995-07-31;5;128,6;null;null;262,6;2,989247;null;0;null;26,006452;17,192258;9,490323;82,274194;3;1;50;null;
1995-08-31;5;156;null;null;282,2;2,043011;null;0;null;28,922581;18,953548;10,212903;78,685484;3;,913978;50;null;
1995-09-30;5;194;null;null;210,3;3,444444;null;106,4;null;28,62;20,049333;12,253333;75,608333;5;1,511111;50;null;
1995-10-31;5;135,9;null;null;200,2;5,591398;null;180,1;null;28,367742;21,527742;15,883871;80,806452;3,9;1,246237;46,612903;null;
1995-11-30;5;116,4;null;null;196,9;5,788889;null;200,4;null;27,48;21,402667;16,04;81,975;3;1,188889;47,5;null;
1995-12-31;5;115,5;null;null;159;6,83871;18;423,2;null;28,574194;22,673548;18,16129;82,983871;3;1,27957;46,612903;null;
1996-01-31;5;119,7;null;null;249,1;5,505376;null;223,6;null;29,935484;23,059355;17,522581;80,83871;3;1,129032;46,612903;null;
1996-02-29;5;122,4;null;null;197,8;5,333333;11;169,8;null;29,758621;23,506207;18,524138;79,155172;3;1,298851;49,482759;null;
1996-03-31;5;100,5;null;null;208,2;5,505376;null;111,6;null;29,219355;23,289032;17,890323;81,459677;3;1,096774;48,548387;null;
1996-04-30;5;127,5;null;null;231,5;3,955556;null;20;null;27,826667;21,56;14,58;80,55;3;1,088889;50;null;
1996-05-31;5;101,2;null;null;228,9;3,505376;null;26,4;null;25,896774;18,229677;11,064516;83,08871;2;,924731;50;null;
1996-06-30;5;112,5;null;null;224,7;2,655556;null;2,8;null;25,46;16,629333;8,553333;82,375;3;1,077778;50;null;
1996-07-31;5;117,4;null;null;262,8;2,623656;null;18,8;null;27,03871;17,258065;7,722581;81,66129;3;,989247;50;null;
1996-08-31;5;112,8;null;null;240,8;3,356322;null;23,1;null;27,2;18,028966;8,986667;81,844828;3;1,471264;47,368421;null;
1996-09-30;5;104,5;null;null;178,2;5,044444;null;77,6;null;27,64;20,156;12,82;81,75;5;1,522222;49;null;
1996-10-31;5;130,5;null;null;189,5;5,376344;null;60;null;29,941935;22,110968;15,477419;81,145161;3;1,290323;50;null;
1996-11-30;5;98,5;null;null;138,5;6,644444;null;384,3;null;27,02;21,72;16,14;84,933333;3;1,344444;40,5;null;
1996-12-31;5;80;null;null;149,2;6,903226;24;428,5;null;29,096774;23,047742;17,974194;84,677419;3;1,150538;46,612903;null;
1997-01-31;5;85,5;null;null;151,2;6,989247;17;423,2;null;28,787097;23,301935;18,425806;86,185484;3;1,186022;42,741935;null;
1997-02-28;5;111,6;null;null;211;5,547619;null;98;null;30,228571;23,547143;17,214286;81,241071;3;1,238095;47,857143;null;
1997-03-31;5;79,3;null;null;172,7;5,505376;null;206,5;null;28,167742;22,698065;16,354839;84,741935;2;1,086022;49,516129;null;
1997-04-30;5;83,2;null;null;204,2;4,666667;null;109,6;null;28,233333;22,056;14,206667;85,275;2;1,011111;47,5;null;
1997-05-31;5;76,3;null;null;221,1;4,688172;null;39,2;null;26,03871;20,379355;11,709677;85,354839;2;1,021505;49,032258;null;
1997-06-30;5;79,2;null;null;205,9;3,311111;null;43,6;null;25,946667;19,041333;9,933333;86,1;3;1,055556;48,5;null;
1997-07-31;5;91,5;null;null;235,2;2,774194;null;3,4;null;26,270968;19,157419;8,580645;85,814516;2;1,010753;50;null;
1997-08-31;5;133,5;null;null;277,8;2,473118;null;2,6;null;28,46129;20,200645;8,316129;81,508065;3;1,139785;50;null;
1997-09-30;5;153,5;null;null;218,6;4,266667;null;117,2;null;31,626667;23,490667;14,486667;80,508333;3;1,366667;50;null;
1997-10-31;5;142,3;null;null;236,9;4,774194;null;73;null;30,83871;23,931613;15,806452;80,137097;3;1,408602;49,516129;null;
1997-11-30;5;128,9;null;null;193,5;5,355556;null;137,6;null;31,48;24,845333;18,146667;81,508333;3;1,233333;47,5;null;
1997-12-31;5;101,3;null;null;186;6,290323;20;355,2;null;30,341935;24,695484;18,896774;84,048387;3;1,204301;47,580645;null;
1998-01-31;5;103,7;null;null;202;6,27957;17;346,1;null;31;25,054194;18,890323;82,887097;2;1,193548;48,548387;null;
1998-02-28;null;null;null;null;null;null;null;null;null;null;null;null;null;null;null;null;null;
1998-03-31;null;null;null;null;null;null;null;null;null;null;null;null;null;null;null;null;null;
1998-04-30;null;null;null;null;null;null;null;null;null;null;null;null;null;null;null;null;null;
1998-05-31;null;null;null;null;null;null;null;null;null;null;null;null;null;null;null;null;null;
1998-06-30;null;null;null;null;null;null;null;null;null;null;null;null;null;null;null;null;null;
1998-07-31;null;null;null;null;null;null;null;null;null;null;null;null;null;null;null;null;null;
1998-08-31;5;120,6;null;null;225,1;4,282609;null;36,7;null;29,193548;21,861935;12,432258;82,395161;3;1,065217;49,032258;null;
1998-09-30;5;163,5;null;null;225,4;3,888889;null;2;null;31,2;23,178667;13,693333;80,175;3;1,233333;50;null;
1998-10-31;5;123;null;null;161,1;5,376344;null;137,6;null;28,96129;23,005161;16,567742;84,008065;3;1,141935;46,612903;null;
1998-11-30;5;89;null;null;161,2;5,988889;15;268,2;null;28,82;23,144;16,82;83,216667;3;1,133333;46;null;
1998-12-31;5;113,1;null;null;205,1;5,849462;17;175,4;null;30,819355;24,620645;18,554839;80,201613;3;1,182796;49,516129;null;
1999-01-31;5;115,5;null;null;229,4;5,569892;18;232,2;null;31,154839;24,526452;18,096774;80,927419;3;1,096774;48,548387;null;
1999-02-28;5;125,4;null;null;209,8;5,142857;null;67;null;31,575;25,029286;18,542857;77,633929;3;1,22619;49,464286;null;
1999-03-31;5;null;null;null;165,9;5,971429;null;298,4;null;29,22963;null;18,407407;null;2;1,043478;47,777778;null;
1999-04-30;null;null;null;null;null;null;null;0;null;null;null;null;null;null;null;null;null;
1999-05-31;null;null;null;null;null;null;null;null;null;null;null;null;null;null;null;null;null;
1999-06-30;null;null;null;null;null;null;null;null;null;null;null;null;null;null;null;null;null;

