Nome: JOAO MONLEVADE
Codigo Estacao: 83591
Latitude: -19.82388888
Longitude: -43.14416666
Altitude: 859.84
Situacao: Fechada
Data Inicial: 1981-01-01
Data Final: 2010-12-31
Periodicidade da Medicao: Mensal

Data Medicao;DIRECAO PREDOMINANTE DO VENTO, MENSAL(° (gr));EVAPORACAO DO PICHE, MENSAL(mm);EVAPOTRANSPIRACAO POTENCIAL, BH MENSAL(mm);EVAPOTRANSPIRACAO REAL, BH MENSAL(mm);INSOLACAO TOTAL, MENSAL(h);NEBULOSIDADE, MEDIA MENSAL(décimos);NUMERO DE DIAS COM PRECIP. PLUV, MENSAL(número);PRECIPITACAO TOTAL, MENSAL(mm);PRESSAO ATMOSFERICA, MEDIA MENSAL(mB);TEMPERATURA MAXIMA MEDIA, MENSAL(°C);TEMPERATURA MEDIA COMPENSADA, MENSAL(°C);TEMPERATURA MINIMA MEDIA, MENSAL(°C);UMIDADE RELATIVA DO AR, MEDIA MENSAL(%);VENTO, VELOCIDADE MAXIMA MENSAL(m/s);VENTO, VELOCIDADE MEDIA MENSAL(m/s);VISIBILIDADE, MEDIA MENSAL(codigo);
1981-01-31;null;null;null;null;null;null;null;null;null;null;null;null;null;null;null;null;null;
1981-02-28;0;null;null;null;null;4,911765;2;52;null;27,843478;22,242609;17,986957;80,923913;3;1,029412;null;null;
1981-03-31;9;51,1;null;null;82,1;6,133333;14;299,4;null;27,96;22,212667;18,416667;85,408333;3,4;1,314444;null;null;
1981-04-30;0;44,5;null;null;150,2;5,036585;1;27;null;25,211111;19,653333;15,648148;83,944444;3;1,147561;null;null;
1981-05-31;9;39,9;null;null;151,1;5,483146;4;56,3;null;23,67;18,586;14,193333;85,941667;3;1,0875;null;null;
1981-06-30;0;36,8;null;null;145,6;4,880952;2;11,4;null;22,610714;16,822857;12,975;87,741071;3,4;,994048;null;null;
1981-07-31;9;63,8;null;null;199,1;3,688172;0;0;null;22,496774;16,410968;12,090323;83,901786;3,4;1,25;null;null;
1981-08-31;null;null;null;null;null;null;null;null;null;null;null;null;null;null;null;null;null;
1981-09-30;0;73,8;null;null;102,2;5,069767;2;34;null;26,403448;20,036552;15,937931;78,905172;3;1,118605;null;null;
1981-10-31;9;null;null;null;null;8,272727;13;158,5;null;24,1;18,990909;15,709091;89,204545;3;1,513636;null;null;
1981-11-30;14;53,1;null;null;85,2;7,22619;19;508,4;null;27,175;21,692143;18,021429;87,035714;3;1,391667;null;null;
1981-12-31;14;53,8;null;null;112,1;6,22619;12;320,2;null;28,05;22,092143;17,642857;85,892857;3;1,361905;null;null;
1982-01-31;null;null;null;null;null;null;null;null;null;null;null;null;null;null;null;null;null;
1982-02-28;9;63,2;null;null;149,5;4,4875;1;,5;null;29,4;22,546667;18,111111;82,648148;3;1,4275;null;null;
1982-03-31;0;29,4;null;null;51;7,206897;14;417,4;null;27,517241;22,049655;18,337931;90,163793;3;,958621;null;null;
1982-04-30;9;38,1;null;null;134,3;5,255556;5;64,3;null;25,65;19,633333;15,29;86,016667;3;1,191111;null;null;
1982-05-31;0;35;null;null;121,2;6,433333;5;63,4;null;24,026667;17,71;13,33;87,6;3;1,015556;null;null;
1982-06-30;null;null;null;null;null;null;null;null;null;null;null;null;null;null;null;null;null;
1982-07-31;0;55,6;null;null;198,9;3,326087;2;8,8;null;25,509677;17,759355;13,274194;85,919355;3;1,01413;null;null;
1982-08-31;9;51;null;null;145,1;4,744444;3;27;null;25,53;18,748;14,663333;85,991667;3;1,466667;null;null;
1982-09-30;9;null;null;null;138,2;5,835443;4;4,9;null;24,730769;17,486923;13,580769;85,278846;3;1,358228;null;null;
1982-10-31;9;59,2;null;null;117,4;6,483146;6;54,2;null;28,15;20,868667;16,493333;86,308333;3;1,325843;null;null;
1982-11-30;0;83,6;null;null;195,9;4,255556;4;77,4;null;30,98;24,054;19,083333;82,041667;3,4;,915556;null;null;
1982-12-31;0;null;null;null;null;7,492063;12;222,6;null;26,019048;20,88381;17,752381;89,869048;3,4;,815873;null;null;
1983-01-31;null;null;null;null;null;null;12;418,4;null;null;null;null;null;3;null;null;null;
1983-02-28;null;null;null;null;null;null;6;276,2;null;null;null;null;null;3;null;null;null;
1983-03-31;0;null;null;null;65,9;7,333333;9;346,8;null;27,4;21,5392;18,472;90,41;3;,733333;null;null;
1983-04-30;null;null;null;null;null;null;6;null;null;null;null;null;null;2;null;null;null;
1983-05-31;null;null;null;null;null;null;4;91,8;null;null;null;null;null;3;null;null;null;
1983-06-30;36;null;null;null;null;5,047619;null;4;null;25,128571;18,602857;15,133333;88,642857;3;1,047619;null;null;
1983-07-31;null;null;null;null;null;null;null;null;null;null;null;null;null;null;null;null;null;
1983-08-31;9;51,3;null;null;213,1;3,609195;null;0;null;24,065517;17,155172;13,255172;86,448276;4;1,508046;null;null;
1983-09-30;0;null;null;null;39,4;8,405405;12;138;null;23,324;18,4792;15,848;91,05;4;1,043243;null;null;
1983-10-31;0;null;null;null;null;6,333333;6;287,8;null;25;19,7175;16,025;88,75;3;,791667;null;null;
1983-11-30;0;null;null;null;null;7,192982;11;331,3;null;25,257895;20,449474;17,610526;90,421053;2;,719298;null;null;
1983-12-31;0;null;null;null;null;6,933333;10;218;null;26,57;21,244;18,07;89,4625;3;,693333;null;null;
1984-01-31;0;66;null;null;213,4;3,83908;6;90;null;30,048276;23,717241;18,710345;81,62069;3;,812644;null;null;
1984-02-29;9;67,2;null;null;233;4,047619;3;10,5;null;30,221429;23,377143;18,735714;82,383929;3;,872619;null;null;
1984-03-31;0;55,4;null;null;132,5;5,567901;10;168,1;null;27,748148;22,226667;18,82963;87;3;1,033333;null;null;
1984-04-30;0;null;null;null;140,6;5,897436;3;45,4;null;26,026923;20,562308;17;88,211538;3;1,035897;null;null;
1984-05-31;0;null;null;null;206,5;4,055556;null;0;null;27,166667;20,715;16,525;86,40625;2,3;,816667;null;null;
1984-06-30;9;58,4;null;null;211,3;2,728395;null;0;null;26,97037;19,601481;14,674074;85,212963;3;1,123457;null;null;
1984-07-31;0;null;null;null;178,4;4,844444;null;0;null;24,1;17,253846;11,738462;83,538462;3;1,16;null;null;
1984-08-31;0;null;null;null;118,4;5,56962;6;64,7;null;23,707692;17,536154;12,85;86,230769;3;1,110127;null;null;
1984-09-30;5;null;null;null;null;5,714286;2;20,1;null;25,39;18,716;15,3;87,3375;3;1,383051;null;null;
1984-10-31;0;56,3;null;null;145,1;5,233333;6;80,5;null;26,74;20,549333;16,966667;87,608333;3;1,088889;null;null;
1984-11-30;0;null;null;null;135,1;5,355263;8;238,1;null;27,576;21,2824;17,648;84,82;3;,994737;null;null;
1984-12-31;32;19,3;null;null;88,4;6,395349;21;497;null;26,655172;21,413793;17,993103;89,224138;3;1,126744;null;null;
1985-01-31;null;null;null;null;null;null;null;null;null;null;null;null;null;null;null;null;null;
1985-02-28;null;null;null;null;null;null;null;null;null;null;null;null;null;null;null;null;null;
1985-03-31;null;null;null;null;null;null;null;null;null;null;null;null;null;null;null;null;null;
1985-04-30;null;null;null;null;null;null;null;null;null;null;null;null;null;null;null;null;null;
1985-05-31;null;null;null;null;null;null;null;null;null;null;null;null;null;null;null;null;null;
1985-06-30;null;null;null;null;null;null;null;null;null;null;null;null;null;null;null;null;null;
1985-07-31;null;null;null;null;null;null;null;null;null;null;null;null;null;null;null;null;null;
1985-08-31;null;null;null;null;null;null;null;null;null;null;null;null;null;null;null;null;null;
1985-09-30;null;null;null;null;null;null;null;null;null;null;null;null;null;null;null;null;null;
1985-10-31;null;null;null;null;null;null;null;null;null;null;null;null;null;null;null;null;null;
1985-11-30;null;null;null;null;null;null;null;null;null;null;null;null;null;null;null;null;null;
1985-12-31;null;null;null;null;null;null;null;null;null;null;null;null;null;null;null;null;null;
1986-01-31;0;61,1;null;null;170,3;5,663043;14;199,2;null;27,687097;22,432258;18,680645;84,943548;3;,918478;null;null;
1986-02-28;0;57,4;null;null;182,9;5,309524;7;124;null;28,907143;22,864286;18,635714;82,401786;3;,858333;null;null;
1986-03-31;5;74,8;null;null;186,1;3,784946;3;38,1;null;29,106452;23,147742;18,748387;79,459677;2,3;,988172;null;null;
1986-04-30;5;46;null;null;194,5;4,4;5;40,5;null;27,14;21,449333;17,446667;82,008333;3;1,233333;null;null;
1986-05-31;0;54,8;null;null;185,4;4,155556;5;51,2;null;26,4;20,363871;16,341935;83,266129;3;,864516;null;null;
1986-06-30;0;52,4;null;null;213,6;3,211111;1;1,1;null;23,52;17,203333;12,756667;82,383333;2,3;,901111;null;null;
1986-07-31;null;null;null;null;null;null;null;null;null;null;null;null;null;null;null;null;null;
1986-08-31;5;72,4;null;null;200,6;5,130435;4;36,3;null;25,293548;18,822581;14,612903;83,112903;3;1,254348;null;null;
1986-09-30;9;71,4;null;null;162,7;5,422222;1;1,9;null;24,516667;18,323333;14,226667;80,366667;3,4;1,475556;null;null;
1986-10-31;9;87,5;null;null;165,4;5,602151;2;1,7;null;27,019355;20,776129;16,041935;76,725806;3,4;1,132258;null;null;
1986-11-30;0;75;null;null;170,3;5,755556;10;165,6;null;27,006667;21,208;17,06;80,025;3;1,107778;null;null;
1986-12-31;32;48;null;null;118,9;7,150538;22;435;null;26,696774;21,838065;18,564516;85,25;3;1,169892;null;null;
1987-01-31;0;62,1;null;null;176,2;5,44086;12;134,3;null;29,26129;23,479355;19,541935;80,782258;3;1,16129;null;null;
1987-02-28;9;61,3;null;null;179,3;4,857143;4;58;null;29,203571;23,079286;19,178571;78,785714;3;1,439759;null;null;
1987-03-31;9;52,8;null;null;160,9;5,591398;14;216,3;null;27,993548;22,184516;18,496774;84,5;3;1,289247;null;null;
1987-04-30;0;54,3;null;null;182,8;5,188889;6;128,8;null;27,693333;21,853333;17,973333;83,116667;3;1,098889;null;null;
1987-05-31;9;40,1;null;null;164,9;4,956989;8;67,9;null;26,096774;20,227742;16,706452;82,443548;2,3;1,144086;null;null;
1987-06-30;0;31,1;null;null;152,4;5,411111;3;14,3;null;23,046667;17,472667;13,976667;81,525;2,3;,994444;null;null;
1987-07-31;null;null;null;null;null;null;1;5,6;null;null;null;null;null;null;null;null;null;
1987-08-31;null;null;null;null;null;null;null;0;null;27,309524;19,917143;15,457143;68,178571;3;null;null;null;
1987-09-30;9;50,2;null;null;119,6;6,622222;7;62,6;null;25,23;19,513333;16,05;79,058333;3;1,098889;null;null;
1987-10-31;5;84,1;null;null;182,6;5,096774;6;39,8;null;29,041935;22,823226;18,287097;69,572581;3;1,288172;null;null;
1987-11-30;9;52,5;null;null;124,7;6,633333;10;164,6;null;27,743333;22,32;18,703333;77,808333;3;1,267778;null;null;
1987-12-31;5;44,3;null;null;88,3;7,677419;20;501,5;null;25,6;21,713548;18,980645;86,185484;3;1,002151;null;null;
1988-01-31;5;52,7;null;null;198,5;5,72043;10;244,2;null;28,890323;23,465161;19,429032;76,685484;3,4;1,131183;null;null;
1988-02-29;5;null;null;null;109,7;7,58209;17;297,7;null;27,35;22,283636;19,359091;85,625;2,3;1,220896;null;null;
1988-03-31;null;null;null;null;198,2;null;5;104,6;null;null;null;null;null;null;null;null;null;
1988-04-30;0;34,8;null;null;130,1;6,595506;11;132,7;null;26,723333;21,772667;18,293333;83,258333;3,4;,777528;null;null;
1988-05-31;32;42,7;null;null;165,7;5,419355;5;32,6;null;26,854839;20,862581;16,767742;79,919355;3,2;,975269;null;null;
1988-06-30;32;48,6;null;null;179,4;5,344444;1;7,2;null;23,653333;17,506667;13,633333;74,416667;3,4;1,412222;null;null;
1988-07-31;9;65;null;null;215,7;4,365591;0;0;null;22,283871;16,054839;11,358065;70,137097;4,5;1,608602;null;null;
1988-08-31;5;81,6;null;null;196,1;5,376344;1;6,2;null;24,187097;17,569032;12,909677;69,758065;3,4;1,496774;null;null;
1988-09-30;9;105,1;null;null;185,6;4,644444;2;5,4;null;27,93;20,618;15,74;70,633333;3,4;1,585556;null;null;
1988-10-31;0;56,6;null;null;117,7;7,182796;12;121,3;null;26,229032;20,639355;16,896774;80,459677;3,4;1,226882;null;null;
1988-11-30;9;47,7;null;null;125,5;7,5;16;169,8;null;25,026667;20,052;16,633333;82,675;3,4;1,207778;null;null;
1988-12-31;null;null;null;null;null;null;null;null;null;null;null;null;null;null;null;null;null;
1989-01-31;5;75,9;null;null;224,9;5,021739;9;114,1;null;29,229032;22,951613;18,070968;75,072581;7,2;1,317391;null;null;
1989-02-28;5;49,8;null;null;171,2;6,238095;11;171,1;null;29,028571;23,168571;19,142857;76,651786;2,3;1,154762;null;null;
1989-03-31;5;55,7;null;null;193,2;6,075269;10;151,8;null;28,029032;22,54;18,587097;77,266129;2,3;1,170968;null;null;
1989-04-30;5;63,3;null;null;213,1;5,144444;1;15,9;null;28,166667;22,068;17,733333;73,891667;2,3;1,158889;null;null;
1989-05-31;9;64,3;null;null;200,7;5,11828;3;7,1;null;24,519355;19,009032;14,796774;75,451613;4;1,453763;null;null;
1989-06-30;5;42,8;null;null;150,6;6,144444;5;103,7;null;22,816667;17,267333;13,62;79,425;3;1,436667;null;null;
1989-07-31;5;66,2;null;null;218;4,817204;2;45,9;null;23,264516;16,823871;12,177419;73,725806;3;1,358065;null;null;
1989-08-31;5;54,4;null;null;146,6;6,096774;1;3,9;null;23,093548;17,385806;14,009677;74,846774;3,4;1,508602;null;null;
1989-09-30;5;62,9;null;null;148,6;6,355556;4;84;null;26,323333;20,274667;16,076667;74,35;2,3;1,367778;null;null;
1989-10-31;5;35,9;null;null;111,5;7,506173;10;142,8;null;24,551852;19,366667;16,266667;81,759259;3;1,306173;null;null;
1989-11-30;32;42,7;null;null;93,6;7,9;17;300,5;null;25,536667;20,994;17,886667;80,758333;3,4;1,16;null;null;
1989-12-31;9;42,5;null;null;99,7;8,086022;17;382,2;null;25,067742;20,834839;17,690323;82,185484;3,4;1,402151;null;null;
1990-01-31;null;null;null;null;null;null;null;null;null;null;null;null;null;null;null;null;null;
1990-02-28;0;68,9;null;null;179,8;5,46988;9;88;null;29,660714;23,650714;19,057143;72,928571;2,3;1,015663;null;null;
1990-03-31;0;83,9;null;null;232,9;4,32967;5;31,3;null;29,956667;24,005333;19,363333;71,308333;2,3;,962637;null;null;
1990-04-30;null;null;null;null;218,1;null;6;67,9;null;27,528571;22,214286;18,12381;75,97619;3;null;null;null;
1990-05-31;null;null;null;null;null;null;null;null;null;null;null;null;null;null;null;null;null;
1990-06-30;null;null;null;null;null;null;null;null;null;null;null;null;null;null;null;null;null;
1990-07-31;null;null;null;null;null;null;null;null;null;null;null;null;null;null;null;null;null;
1990-08-31;null;null;null;null;null;null;null;null;null;null;null;null;null;null;null;null;null;
1990-09-30;5;53,2;null;null;145;6,382022;4;63,7;null;23,783333;18,635333;14,726667;79,008333;3,4;1,34382;null;null;
1990-10-31;5;62,8;null;null;135,9;6,333333;8;125;null;26,067742;20,89871;16,929032;76,330645;4,5;1,424731;null;null;
1990-11-30;5;66,9;null;null;188,8;5,444444;12;192,2;null;29,566667;23,625333;18,833333;70,441667;3,4;1,048889;null;null;
1990-12-31;0;53,5;null;null;137,7;6,065934;14;132,5;null;27,441935;22,322759;18,312903;75,732759;5,6;1,255056;null;null;
1991-01-31;0;31,4;null;null;67;8,096774;20;408,9;null;25,890323;21,766452;18,535484;83,870968;2,3;1,08172;null;null;
1991-02-28;5;36,8;null;null;123,8;7,107143;null;159,6;null;27,742857;22,837143;19,092857;79,741071;2,3;1,217857;null;null;
1991-03-31;0;40,2;null;null;135,4;6,296703;16;313,3;null;26,77;22,206;18,693333;80,108333;3;1,197802;null;null;
1991-04-30;0;36,2;null;null;144,7;5,898876;null;69,6;null;25,72;20,925333;16,946667;77,783333;3;,98764;null;null;
1991-05-31;null;null;null;null;null;null;null;null;null;null;null;null;null;null;null;null;null;
1991-06-30;null;null;null;null;null;null;null;null;null;null;null;null;null;null;null;null;null;
1991-07-31;9;48,5;null;null;166,3;5,01087;null;10;null;23,067742;17,263226;13,454839;77,282258;3;1,233696;null;null;
1991-08-31;5;67,9;null;null;188;5,365591;null;12;null;23,080645;17,710968;13,319355;70,153226;4,5;1,766667;null;null;
1991-09-30;5;58,8;null;null;110;6,511111;null;86,3;null;24,573333;18,496;14,546667;74,883333;3,4;1,504444;null;null;
1991-10-31;5;47,6;null;null;111,2;5,952381;null;75,7;null;26,589286;20,903571;16,742857;74,107143;3;1,359524;null;null;
1991-11-30;null;null;null;null;null;null;null;null;null;null;null;null;null;null;null;null;null;
1991-12-31;null;null;null;null;null;null;null;null;null;null;null;null;null;null;null;null;null;
1992-01-31;null;null;null;null;null;null;null;null;null;null;null;null;null;null;null;null;null;
1992-02-29;null;null;null;null;null;null;null;null;null;null;null;null;null;null;null;null;null;
1992-03-31;null;null;null;null;null;null;null;null;null;null;null;null;null;null;null;null;null;
1992-04-30;null;null;null;null;null;null;null;null;null;null;null;null;null;null;null;null;null;
1992-05-31;null;null;null;null;null;null;null;null;null;null;null;null;null;null;null;null;null;
1992-06-30;null;null;null;null;null;null;null;null;null;null;null;null;null;null;null;null;null;
1992-07-31;null;null;null;null;null;null;null;null;null;null;null;null;null;null;null;null;null;
1992-08-31;null;null;null;null;null;null;null;null;null;null;null;null;null;null;null;null;null;
1992-09-30;null;null;null;null;null;null;null;null;null;null;null;null;null;null;null;null;null;
1992-10-31;null;null;null;null;null;null;null;null;null;null;null;null;null;null;null;null;null;
1992-11-30;null;null;null;null;null;null;null;null;null;null;null;null;null;null;null;null;null;
1992-12-31;null;null;null;null;null;null;null;null;null;null;null;null;null;null;null;null;null;
1993-01-31;null;null;null;null;null;null;null;null;null;null;null;null;null;null;null;null;null;
1993-02-28;null;null;null;null;null;null;null;null;null;null;null;null;null;null;null;null;null;
1993-03-31;null;null;null;null;null;null;null;null;null;null;null;null;null;null;null;null;null;
1993-04-30;5;43,5;null;null;154,5;4,696629;null;48,9;null;26,853333;21,758667;18,093333;76,905172;2,3;1,139773;null;null;
1993-05-31;5;50,2;null;null;175,5;4,72043;null;4,5;null;24,3;19,034839;15,170968;76,129032;3,4;1,554839;null;null;
1993-06-30;9;46,2;null;null;156,6;5,711111;null;12,9;null;23,053333;17,67;13,696667;75,5;3;1,297778;null;null;
1993-07-31;5;84;null;null;214,9;3,774194;null;0;null;26,180645;19,350968;14,670968;66,491935;3;1,183871;null;null;
1993-08-31;5;83,4;null;null;157,8;5,580645;null;22,1;null;24,541935;18,490968;14,3;68,185484;2,3;1,325806;null;null;
1993-09-30;5;97,5;null;null;66,6;6,466667;null;30,8;null;28,153333;21,428667;16,686667;65,141667;3;1,487778;null;null;
1993-10-31;5;82,6;null;null;131,5;5,150538;null;59,5;null;27,774194;21,759355;17,03871;65,451613;3;1,354839;null;null;
1993-11-30;5;71,1;null;null;184;5,466667;null;118,1;null;28,78;22,952667;18,403333;69,678571;3;1,316854;null;null;
1993-12-31;9;55,7;null;null;128,3;7,247312;18;237,9;null;27,041935;22,220645;18,609677;78,435484;3,4;1,188172;null;null;
1994-01-31;0;37,8;null;null;125;7,182796;22;276,1;null;27,112903;22,345161;19,019355;82,870968;3;1,049462;null;null;
1994-02-28;5;84;null;null;244,5;3,698795;null;,7;null;30,478571;24,100714;19,35;65,705357;3,4;1,335714;null;null;
1994-03-31;5;37,9;null;null;121,7;7,010753;18;313,9;null;26,029032;21,643871;18,354839;81,41129;2,3;1,052688;null;null;
1994-04-30;5;42,2;null;null;159,9;6,433333;null;54,2;null;25,71;20,604667;17,173333;79,975;3;1,008889;null;null;
1994-05-31;5;39,4;null;null;180,6;5,086022;null;47,5;null;25,506452;20,302581;16,748387;80,241935;3;,945161;null;null;
1994-06-30;5;50,9;null;null;212,9;4,4;null;10,8;null;24,01;17,890667;13,71;75,291667;3;1,001111;null;null;
1994-07-31;null;null;null;null;null;null;null;null;null;null;null;null;null;null;null;null;null;
1994-08-31;5;70;null;null;null;3,097826;null;0;null;24,86129;18,032258;13,3;68,580645;3,4;1,243478;null;null;
1994-09-30;5;86,5;null;null;192,6;5,011111;null;0;null;26,216667;19,548;14,743333;64,425;3,4;1,398889;null;null;
1994-10-31;5;92,2;null;null;156,3;6,344086;null;122,7;null;27,9;21,836129;17,177419;67,072581;3,4;1,398925;null;null;
1994-11-30;5;55,3;null;null;115,9;7,233333;18;218,1;null;26,486667;21,338667;17,633333;76,791667;2,3;,975556;null;null;
1994-12-31;5;52,8;null;null;145,5;6,946237;17;315;null;27,764516;22,386452;18,690323;79,056452;3;1,364516;null;null;
1995-01-31;5;87,9;null;null;233,8;5,365591;null;92;null;31,212903;24,686452;19,780645;71,056452;3;,924731;null;null;
1995-02-28;null;null;null;null;null;null;null;null;null;null;null;null;null;null;null;null;null;
1995-03-31;5;56,6;null;null;179,9;5,717391;null;141,5;null;28,341935;22,812258;18,745161;75,451613;3,4;1,1;null;null;
1995-04-30;0;38,8;null;null;152,5;6,322222;null;68,8;null;26,773333;21,248;17,68;81,05;2,3;,968889;null;null;
1995-05-31;5;40,2;null;null;142,4;5,88172;null;6,9;null;25,180645;19,783226;16,458065;82,467742;2,3;,989247;null;null;
1995-06-30;5;53,7;null;null;199,5;3,511111;null;3;null;24,156667;18,051333;13,653333;75,091667;3;1,146667;null;null;
1995-07-31;5;58,2;null;null;200,7;4,978495;null;0;null;24,119355;18,528387;14,883871;74,887097;3,4;1,245161;null;null;
1995-08-31;5;95,9;null;null;257,8;3,290323;null;0;null;26,954839;20,16129;15,187097;63,870968;3,4;1,284946;null;null;
1995-09-30;5;92,2;null;null;172,3;5,355556;null;15,7;null;26,523333;20,326;15,706667;65,808333;3,4;1,762222;null;null;
1995-10-31;5;73,6;null;null;170;6,344086;null;144;null;27,422581;21,704516;17,525806;73,790323;3,4;1,241935;null;null;
1995-11-30;0;51,4;null;null;144,5;7,088889;null;208,3;null;25,77;21,182;17,386667;75,583333;3,4;1,107778;null;null;
1995-12-31;null;null;null;null;null;null;null;null;null;null;null;null;null;null;null;null;null;
1996-01-31;0;68,1;null;null;194,4;5,673913;null;133,1;null;29,4;23,848387;19,151613;72,733871;3,4;1,271739;null;null;
1996-02-29;0;68,7;null;null;197,5;6,091954;null;115,9;null;30,77931;24,470345;19,413793;70,491379;3,4;1,172414;null;null;
1996-03-31;5;59,5;null;null;196,3;6,053763;null;117,4;null;29,496774;23,870968;19,341935;74,08871;2,3;1,156989;null;null;
1996-04-30;5;59,2;null;null;193,3;5,766667;null;46,9;null;26,953333;21,465333;17,153333;73,625;3,4;1,302247;null;null;
1996-05-31;null;52,1;null;null;202,4;5,354839;null;26;null;24,564516;19,149677;14,351613;73,467742;2;null;null;null;
1996-06-30;14;66,1;null;null;201,3;4,644444;null;0;null;23,903333;17,924667;13,513333;70,825;3,4;1,11;null;null;
1996-07-31;14;73,2;null;null;211,7;5,010753;null;0;null;24,23871;17,863226;13,116129;67,362903;3;1,295699;null;null;
1996-08-31;14;65,5;null;null;179,3;5,806452;null;7;null;23,245161;17,512903;13,609677;72,362903;3,4;1,467742;null;null;
1996-09-30;14;56,8;null;null;133;6,966667;null;40,2;null;24,83;19,227333;15,58;76,641667;3,4;1,588889;null;null;
1996-10-31;14;66;null;null;148,7;6,408602;null;51,4;null;27,248387;21,46;17,393548;74,08871;3;1,287097;null;null;
1996-11-30;14;35,3;null;null;98,5;8,122222;15;407,3;null;24,666667;20,545333;17,36;81,008333;3,4;1,161111;null;null;
1996-12-31;14;45,5;null;null;109,8;8,107527;20;311,8;null;26,9;22,269032;18,793548;81,298387;3;1,21828;null;null;
1997-01-31;14;44,3;null;null;131;7,483871;17;436,3;null;27,387097;22,430968;18,935484;84,83871;2,3;1,149462;null;null;
1997-02-28;14;62,6;null;null;178;6,011905;null;52,5;null;28,310714;22,727857;18,9;78,267857;3;1,410714;null;null;
1997-03-31;14;39,6;null;null;111,4;7,301075;null;277,5;null;25,329032;21,16;18,025806;83,467742;2,3;1,002151;null;null;
1997-04-30;14;42,7;null;null;167,5;6,122222;null;69,6;null;26,43;20,776667;16,813333;79,925;2,3;,961111;null;null;
1997-05-31;14;41,3;null;null;175,2;5,419355;null;36,1;null;23,554839;18,334194;14,56129;80,516129;2,3;,889247;null;null;
1997-06-30;14;47,5;null;null;217,7;3,622222;null;31,4;null;24,46;17,993333;13,706667;78,383333;3,4;1,031111;null;null;
1997-07-31;14;62,2;null;null;230,7;4;null;0;null;24,483871;18,087742;13,4;71,282258;3;1,110753;null;null;
1997-08-31;14;83;null;null;255,4;2,688172;null;5,8;null;25,745161;18,738065;13,603226;65,330645;3,4;1,201075;null;null;
1997-09-30;14;67,6;null;null;147,5;5,988889;null;71,6;null;28,08;21,268667;16,99;74,75;3;1,077778;null;null;
1997-10-31;14;66;null;null;161,7;5,903226;null;139,3;null;27,625806;22,143226;17,941935;72,919355;2,3;1,032258;null;null;
1997-11-30;14;63,1;null;null;154;6,288889;null;247,6;null;29,366667;23,608;19,413333;74,941667;3,4;,9;null;null;
1997-12-31;14;49,6;null;null;148,6;6,731183;17;209,9;null;28,596774;23,429677;19,325806;79,774194;3,4;,968817;null;null;
1998-01-31;14;52,3;null;null;158,8;6,88172;null;297,7;null;28,845161;23,447742;19,503226;79,854839;2,3;,762366;null;null;
1998-02-28;14;51,5;null;null;166,4;5,97619;null;284;null;30,703571;24,81;20,310714;76,821429;2,3;,739286;null;null;
1998-03-31;14;55,7;null;null;178,3;6,182796;null;114,8;null;29,409677;23,470323;19,629032;77,717742;2,3;1,077419;null;null;
1998-04-30;14;44,4;null;null;158,9;6,344444;null;20,2;null;28,166667;22,349333;18,553333;79,008333;2,3;1,068889;null;null;
1998-05-31;14;43,9;null;null;156,5;5,494624;null;86,6;null;25,529032;19,566452;15,529032;78,241935;2,3;,923656;null;null;
1998-06-30;null;null;null;null;null;null;null;null;null;null;null;null;null;null;null;null;null;
1998-07-31;14;53,6;null;null;194,3;4,413043;null;,8;null;24,835484;18,010968;13,516129;74,008065;2,3;1,027174;null;null;
1998-08-31;14;63,8;null;null;183,6;4,763441;null;41,6;null;26,364516;20,248387;15,954839;72,822581;10;1,344086;null;null;
1998-09-30;14;82,3;null;null;166;5,111111;null;1,5;null;27,69;21,078;16,44;67,791667;2,3;1,4;null;null;
1998-10-31;14;52,4;null;null;83,2;8,107527;17;116,1;null;25,648387;20,408387;17,258065;80,032258;2,3;1,170968;null;null;
1998-11-30;14;35,5;null;null;85,3;7,674157;18;204;null;25,483333;20,846667;17,633333;82,833333;2,3;1,015556;null;null;
1998-12-31;null;null;null;null;null;null;null;null;null;null;null;null;null;null;null;null;null;
1999-01-31;14;60,8;null;null;168,7;6,217391;null;200,4;null;29,9;23,673548;19,603226;75,443548;2,3;1,121739;null;null;
1999-02-28;14;69,1;null;null;174,6;5,464286;null;93,6;null;30,028571;23,932857;19,557143;70,407407;3,4;1,119048;null;null;
1999-03-31;14;50,8;null;null;163,8;6,655914;null;211;null;28,496774;22,83871;19,167742;77,572581;2,3;1,016129;null;null;
1999-04-30;14;51,3;null;null;187,2;5,244444;null;32,4;null;27,08;21,645333;17,68;75,258333;2,3;1,081111;null;null;
1999-05-31;14;61,1;null;null;220,2;3,752688;null;2,4;null;25,258065;18,928387;14,06129;70,435484;3;1,127957;null;null;
1999-06-30;14;57,3;null;null;169,4;4,255556;null;,6;null;25,14;18,72;14,24;73,358333;2,3;1,106667;null;null;
1999-07-31;14;59,1;null;null;168,7;5,376344;null;6,8;null;24,258065;18,523871;14,645161;72,467742;3;1,458065;null;null;
1999-08-31;14;90,3;null;null;224,8;3,150538;null;,3;null;24,8;17,956774;12,796774;61,112903;3;1,482796;null;null;
1999-09-30;14;95,2;null;null;180,5;4,244444;null;9,9;null;26,676667;20,256667;15,226667;60,35;2,3;1,396667;null;null;
1999-10-31;14;72,1;null;null;73,2;8,043011;null;92,6;null;24,974194;19,654839;15,841935;70,096774;2,3;1,341935;null;null;
1999-11-30;14;44,8;null;null;108,9;7,655556;18;306,4;null;24,973333;19,923333;16,156667;79,908333;2,3;,976667;null;null;
1999-12-31;14;50,4;null;null;121,2;7,827957;16;278,5;null;27,270968;22,04;18,187097;79,209677;2,3;1,163441;null;null;
2000-01-31;14;49;null;null;131,7;7,16129;17;275,6;null;28,374194;22,622581;19,203226;78,951613;3;1,146237;null;null;
2000-02-29;14;50,6;null;null;151,5;5,862069;10;130,2;null;28,327586;22,752414;18,958621;76,094828;3,4;1,156322;null;null;
2000-03-31;14;41,1;null;null;110,5;6,849462;13;172,6;null;26,635484;21,872903;18,851613;80,629032;2,3;1,080645;null;null;
2000-04-30;14;51,7;null;null;195,4;5,555556;4;29;null;26,526667;21,041333;17,026667;74,733333;2,3;1,062222;null;null;
2000-05-31;14;59,8;null;null;198,9;4,182796;1;1,6;null;25,683871;19,325161;14,987097;71,556452;2,3;,968817;null;null;
2000-06-30;14;60,1;null;null;214,7;4,2;0;0;null;24,746667;18,296667;13,816667;69,066667;2,3;,945556;null;null;
2000-07-31;14;53;null;null;166;5,935484;4;7,9;null;22,887097;17,14129;13,051613;72,903226;3;1,348387;null;null;
2000-08-31;14;null;null;null;203;4,55914;2;26;null;24,069565;17,744545;13,178261;64,840909;3;1,569892;null;null;
2000-09-30;14;null;null;null;106;6,988889;7;44,2;null;23,726923;18,714615;15,023077;75,942308;3;1,756667;null;null;
2000-10-31;14;100,7;null;null;219,8;4,870968;3;46,6;null;29,564516;22,930968;17,96129;65,185484;3;1,61828;null;null;
2000-11-30;14;37,9;null;null;77,5;8,011111;20;396,7;null;25,753333;20,897333;17,606667;81,883333;3;1,293333;null;null;
2000-12-31;14;52,3;null;null;120,1;6,870968;19;347,6;null;28,454839;22,618065;18,751613;78,919355;3,4;1,536559;null;null;
2001-01-31;14;63,4;null;null;165;6,193548;9;108,6;null;28,851613;22,960645;18,893548;74,16129;3;1,517204;null;null;
2001-02-28;14;79,7;null;null;194,3;4,583333;5;36,6;null;31,503571;24,703571;20,092857;64,696429;2,3;1,297619;null;null;
2001-03-31;14;63,2;null;null;193,8;5,612903;10;147,6;null;29,03871;23,136774;18,974194;71,967742;2,3;1,421505;null;null;
2001-04-30;14;77,5;null;null;246,6;3,955556;3;14,6;null;28,89;22,547333;18,06;65,891667;3;1,3;null;null;
2001-05-31;14;62,6;null;null;189,2;4,978495;1;7,2;null;26,280645;20,047742;15,73871;71,919355;3;1,484946;null;null;
2001-06-30;14;68,3;null;null;193,4;4,466667;1;1,2;null;24,28;18,768;14,946667;71,975;3;1,387778;null;null;
2001-07-31;14;88,2;null;null;203,4;4,591398;1;1,4;null;24,487097;18,227742;14,109677;69,395161;2,3;1,409677;null;null;
2001-08-31;14;96,5;null;null;209,2;5,311828;4;12,2;null;23,980645;18,552258;14,380645;66,919355;3;1,369892;null;null;
2001-09-30;14;84,4;null;null;127;6,7;8;47,9;null;24,986667;19,516;15,84;67,85;3,4;1,657778;null;null;
2001-10-31;14;91,3;null;null;154,7;6,602151;9;99;null;25,880645;20,551613;16,754839;71,870968;4;1,463441;null;null;
2001-11-30;14;59,8;null;null;119,7;7,522222;20;425,4;null;27,033333;21,806667;18,526667;79,25;4;1,313333;null;null;
2001-12-31;32;65,5;null;null;120,9;7,11828;15;257;null;26,558065;21,747742;18,522581;78,548387;3;1,612903;null;null;
2002-01-31;14;55,9;null;null;139,9;6,903226;16;336,4;null;27,929032;22,496129;18,777419;81,080645;3;1,408602;null;null;
2002-02-28;14;43,7;null;null;81,1;7,928571;13;229,8;null;26,432143;21,975;19,085714;82,330357;3;1,369048;null;null;
2002-03-31;14;82;null;null;220,9;5,462366;6;31,4;null;28,403226;22,693548;18,8;73,975806;3,9;1,589247;null;null;
2002-04-30;14;68,8;null;null;209,8;3,705882;5;24,8;null;28,04;22,086429;17,886667;73,366071;3;1,411765;null;null;
2002-05-31;null;null;null;null;null;null;3;17,9;null;26,064516;null;null;null;null;null;null;null;
2002-06-30;null;null;null;null;null;null;0;0;null;24,92;null;null;null;null;null;null;null;
2002-07-31;null;null;null;null;null;null;2;4,6;null;23,790323;null;null;null;null;null;null;null;
2002-08-31;null;null;null;null;null;null;1;3,2;null;26,019355;null;null;null;null;null;null;null;
2002-09-30;null;null;null;null;null;null;10;124,2;null;24,39;null;null;null;null;null;null;null;
2002-10-31;null;null;null;null;null;null;5;77,2;null;28,845161;null;null;null;null;null;null;null;
2002-11-30;null;null;null;null;null;null;14;199,4;null;26,84;null;null;null;null;null;null;null;
2002-12-31;null;null;null;null;null;null;20;405,8;null;27,954839;null;null;null;null;null;null;null;
2003-01-31;null;null;null;null;null;null;null;null;null;null;null;null;null;null;null;null;null;
2003-02-28;null;null;null;null;null;null;null;null;null;null;null;null;null;null;null;null;null;
2003-03-31;null;null;null;null;null;null;null;null;null;null;null;null;null;null;null;null;null;
2003-04-30;null;null;null;null;null;null;null;null;null;null;null;null;null;null;null;null;null;
2003-05-31;null;null;null;null;null;null;null;null;null;null;null;null;null;null;null;null;null;
2003-06-30;null;null;null;null;null;null;null;null;null;null;null;null;null;null;null;null;null;
2003-07-31;null;null;null;null;null;null;null;null;null;null;null;null;null;null;null;null;null;
2003-08-31;null;null;null;null;null;null;null;null;null;null;null;null;null;null;null;null;null;
2003-09-30;null;null;null;null;null;null;null;null;null;null;null;null;null;null;null;null;null;
2003-10-31;null;null;null;null;null;null;null;null;null;null;null;null;null;null;null;null;null;
2003-11-30;null;null;null;null;null;null;null;null;null;null;null;null;null;null;null;null;null;
2003-12-31;null;null;null;null;null;null;null;null;null;null;null;null;null;null;null;null;null;
2004-01-31;null;null;null;null;null;null;21;387,6;null;null;null;null;null;null;null;null;null;
2004-02-29;null;null;null;null;null;null;21;280,4;null;null;null;null;null;null;null;null;null;
2004-03-31;null;null;null;null;null;null;14;238;null;null;null;null;null;null;null;null;null;
2004-04-30;null;null;null;null;null;null;14;120,6;null;null;null;null;null;null;null;null;null;
2004-05-31;null;null;null;null;null;null;5;64,6;null;null;null;null;null;null;null;null;null;
2004-06-30;null;null;null;null;null;null;2;3,2;null;null;null;null;null;null;null;null;null;
2004-07-31;null;null;null;null;null;null;6;36,8;null;null;null;null;null;null;null;null;null;
2004-08-31;null;null;null;null;null;null;1;31,2;null;null;null;null;null;null;null;null;null;
2004-09-30;null;null;null;null;null;null;1;,2;null;null;null;null;null;null;null;null;null;
2004-10-31;null;null;null;null;null;null;9;53;null;null;null;null;null;null;null;null;null;
2004-11-30;null;null;null;null;null;null;8;121;null;null;null;null;null;null;null;null;null;
2004-12-31;null;null;null;null;null;null;18;312,6;null;null;null;null;null;null;null;null;null;
2005-01-31;null;null;null;null;null;null;19;283;null;null;null;null;null;null;null;null;null;
2005-02-28;null;null;null;null;null;null;14;110,6;null;null;null;null;null;null;null;null;null;
2005-03-31;null;null;null;null;null;null;18;311,6;null;null;null;null;null;null;null;null;null;
2005-04-30;null;null;null;null;null;null;8;16;null;null;null;null;null;null;null;null;null;
2005-05-31;null;null;null;null;null;null;null;null;null;null;null;null;null;null;null;null;null;
2005-06-30;null;null;null;null;null;null;9;30,4;null;null;null;null;null;null;null;null;null;
2005-07-31;null;null;null;null;null;null;2;1,4;null;null;null;null;null;null;null;null;null;
2005-08-31;null;null;null;null;null;null;1;2,2;null;null;null;null;null;null;null;null;null;
2005-09-30;null;null;null;null;null;null;9;105,8;null;null;null;null;null;null;null;null;null;
2005-10-31;null;null;null;null;null;null;4;78,8;null;null;null;null;null;null;null;null;null;
2005-11-30;null;null;null;null;null;null;25;381,6;null;null;null;null;null;null;null;null;null;
2005-12-31;null;null;null;null;null;null;19;268;null;null;null;null;null;null;null;null;null;
2006-01-31;null;null;null;null;null;null;4;46,2;null;null;null;null;null;null;null;null;null;
2006-02-28;null;null;null;null;null;null;9;84,2;null;null;null;null;null;null;null;null;null;
2006-03-31;null;null;null;null;null;null;15;288,2;null;null;null;null;null;null;null;null;null;
2006-04-30;null;null;null;null;null;null;10;128,6;null;null;null;null;null;null;null;null;null;
2006-05-31;null;null;null;null;null;null;1;10,2;null;null;null;null;null;null;null;null;null;
2006-06-30;null;null;null;null;null;null;3;14,8;null;null;null;null;null;null;null;null;null;
2006-07-31;null;null;null;null;null;null;2;5,8;null;null;null;null;null;null;null;null;null;
2006-08-31;null;null;null;null;null;null;4;10,2;null;null;null;null;null;null;null;null;null;
2006-09-30;null;null;null;null;null;null;11;51,2;null;null;null;null;null;null;null;null;null;
2006-10-31;null;null;null;null;null;null;13;124,2;null;null;null;null;null;null;null;null;null;
2006-11-30;null;null;null;null;null;null;21;367,6;null;null;null;null;null;null;null;null;null;
2006-12-31;null;null;null;null;null;null;21;411,2;null;null;null;null;null;null;null;null;null;
2007-01-31;null;null;null;null;null;null;21;336,4;null;27,145161;null;null;null;null;null;null;null;
2007-02-28;null;null;null;null;null;null;14;116;null;27,303571;null;null;null;null;null;null;null;
2007-03-31;null;null;null;null;null;null;5;34,8;null;29,296774;null;null;null;null;null;null;null;
2007-04-30;null;null;null;null;null;null;9;81,4;null;27,073333;null;null;null;null;null;null;null;
2007-05-31;null;null;null;null;null;null;1;3,2;null;25,522581;null;null;null;null;null;null;null;
2007-06-30;null;null;null;null;null;null;1;6;null;24,586667;null;null;null;null;null;null;null;
2007-07-31;null;null;null;null;null;null;2;3,6;null;24,929032;null;null;null;null;null;null;null;
2007-08-31;null;null;null;null;null;null;1;,2;null;25,041935;null;null;null;null;null;null;null;
2007-09-30;null;null;null;null;null;null;2;1,6;null;26,276667;null;null;null;null;null;null;null;
2007-10-31;null;null;null;null;null;null;6;75,6;null;28,687097;null;null;null;null;null;null;null;
2007-11-30;null;null;null;null;null;null;11;163,4;null;28,26;null;null;null;null;null;null;null;
2007-12-31;null;null;null;null;null;null;13;108,4;null;28,370968;null;null;null;null;null;null;null;
2008-01-31;null;null;null;null;null;null;16;254,6;null;27,032258;null;null;null;null;null;null;null;
2008-02-29;null;null;null;null;null;null;10;148,6;null;28,217241;null;null;null;null;null;null;null;
2008-03-31;null;null;null;null;null;null;17;205,1;null;27,883871;null;null;null;null;null;null;null;
2008-04-30;null;null;null;null;null;null;7;93,4;null;27,596667;null;null;null;null;null;null;null;
2008-05-31;null;null;null;null;null;null;3;6,8;null;25,493548;null;null;null;null;null;null;null;
2008-06-30;null;null;null;null;null;null;1;,6;null;24,166667;null;null;null;null;null;null;null;
2008-07-31;null;null;null;null;null;null;0;0;null;24,258065;null;null;null;null;null;null;null;
2008-08-31;null;null;null;null;null;null;2;63,4;null;26,423333;null;null;null;null;null;null;null;
2008-09-30;null;null;null;null;null;null;6;79,8;null;25,823333;null;null;null;null;null;null;null;
2008-10-31;null;null;null;null;null;null;5;83,2;null;27,658065;null;null;null;null;null;null;null;
2008-11-30;null;null;null;null;null;null;19;175,6;null;25,856667;null;null;null;null;null;null;null;
2008-12-31;null;null;null;null;null;null;21;375,6;null;25,86;null;null;null;null;null;null;null;
2009-01-31;null;null;null;null;null;null;20;400,8;null;27,670968;null;null;null;null;null;null;null;
2009-02-28;null;null;null;null;null;null;14;267,6;null;28,989286;null;null;null;null;null;null;null;
2009-03-31;null;null;null;null;null;null;15;242,4;null;29,251613;null;null;null;null;null;null;null;
2009-04-30;null;null;null;null;null;null;9;155,4;null;26,253333;null;null;null;null;null;null;null;
2009-05-31;null;null;null;null;null;null;3;8,8;null;25,093548;null;null;null;null;null;null;null;
2009-06-30;null;null;null;null;null;null;5;53,2;null;23,733333;null;null;null;null;null;null;null;
2009-07-31;null;null;null;null;null;null;1;1,2;null;24,951613;null;null;null;null;null;null;null;
2009-08-31;null;null;null;null;null;null;4;4,4;null;24,787097;null;null;null;null;null;null;null;
2009-09-30;null;null;null;null;null;null;7;99;null;27,923333;null;null;null;null;null;null;null;
2009-10-31;null;null;null;null;null;null;16;298;null;26,806452;null;null;null;null;null;null;null;
2009-11-30;null;null;null;null;null;null;10;221,6;null;29,44;null;null;null;null;null;null;null;
2009-12-31;null;null;null;null;null;null;21;389,6;null;27,690323;null;null;null;null;null;null;null;
2010-01-31;null;null;null;null;null;null;5;65,4;null;30,012903;null;null;null;null;null;null;null;
2010-02-28;null;null;null;null;null;null;6;35;null;30,810714;null;null;null;null;null;null;null;
2010-03-31;null;null;null;null;null;null;15;238,8;null;29,064516;null;null;null;null;null;null;null;
2010-04-30;null;null;null;null;null;null;10;184,8;null;26,743333;null;null;null;null;null;null;null;
2010-05-31;null;null;null;null;null;null;9;62,2;null;24,76129;null;null;null;null;null;null;null;
2010-06-30;null;null;null;null;null;null;4;3,4;null;22,773333;null;null;null;null;null;null;null;
2010-07-31;null;null;null;null;null;null;2;4;null;23,303226;null;null;null;null;null;null;null;
2010-08-31;null;null;null;null;null;null;0;0;null;25,145161;null;null;null;null;null;null;null;
2010-09-30;null;null;null;null;null;null;3;8,6;null;25,68;null;null;null;null;null;null;null;
2010-10-31;null;null;null;null;null;null;15;143,6;null;26,635484;null;null;null;null;null;null;null;
2010-11-30;null;null;null;null;null;null;22;263,2;null;25,826667;null;null;null;null;null;null;null;
2010-12-31;null;null;null;null;null;null;18;364;null;27,93871;null;null;null;null;null;null;null;

