Nome: PALMAS
Codigo Estacao: 83033
Latitude: -10.190897
Longitude: -48.301822
Altitude: 291.68
Situacao: Operante
Data Inicial: 1993-10-07
Data Final: 2010-12-31
Periodicidade da Medicao: Mensal

Data Medicao;DIRECAO PREDOMINANTE DO VENTO, MENSAL(° (gr));EVAPORACAO DO PICHE, MENSAL(mm);EVAPOTRANSPIRACAO POTENCIAL, BH MENSAL(mm);EVAPOTRANSPIRACAO REAL, BH MENSAL(mm);INSOLACAO TOTAL, MENSAL(h);NEBULOSIDADE, MEDIA MENSAL(décimos);NUMERO DE DIAS COM PRECIP. PLUV, MENSAL(número);PRECIPITACAO TOTAL, MENSAL(mm);PRESSAO ATMOSFERICA, MEDIA MENSAL(mB);TEMPERATURA MAXIMA MEDIA, MENSAL(°C);TEMPERATURA MEDIA COMPENSADA, MENSAL(°C);TEMPERATURA MINIMA MEDIA, MENSAL(°C);UMIDADE RELATIVA DO AR, MEDIA MENSAL(%);VENTO, VELOCIDADE MAXIMA MENSAL(m/s);VENTO, VELOCIDADE MEDIA MENSAL(m/s);VISIBILIDADE, MEDIA MENSAL(codigo);
1993-10-31;null;null;null;null;null;null;null;null;null;null;null;null;null;null;null;null;null;
1993-11-30;null;null;null;null;null;null;null;3,4;null;null;null;null;null;null;null;null;null;
1993-12-31;null;null;null;null;117,4;4,835294;16;221,7;984,148235;31,842857;26,036429;22,535714;80,821429;null;null;63;null;
1994-01-31;null;null;null;null;null;4,184783;20;86,2;984,711828;31,016667;25,740667;22,356667;83,379032;null;null;64,456522;null;
1994-02-28;null;null;null;null;null;null;null;null;null;null;null;null;null;null;null;null;null;
1994-03-31;null;null;null;null;null;null;null;null;null;null;null;null;null;null;null;null;null;
1994-04-30;null;null;null;null;null;null;null;null;null;null;null;null;null;null;null;null;null;
1994-05-31;null;null;null;null;null;null;null;81,4;985,709434;34,033333;26,176667;21,122222;74,625;null;null;67,358491;null;
1994-06-30;null;null;null;null;null;3,505747;null;49;987,235632;32,703571;25,257143;20,313333;72,598214;null;null;68,045977;null;
1994-07-31;null;null;null;null;294,8;2,05618;null;0;988,585393;33,416667;24,514;17,266667;61,441667;null;null;68,089888;null;
1994-08-31;null;null;null;null;null;1,271739;null;0;986,73587;35,221429;24,475;15,362069;55,483333;null;null;64,021739;null;
1994-09-30;null;null;null;null;null;2,6625;null;15,2;985,852273;36,378571;27,73;20,131034;52,853448;null;null;60,561798;null;
1994-10-31;null;null;null;null;null;3,569892;null;74,5;984,766667;34,883333;27,412667;22,163333;65,854839;null;null;56,989247;null;
1994-11-30;null;null;null;null;null;5,111111;null;34;984,632222;32,855172;26,530345;22,624138;75,158333;null;null;60;null;
1994-12-31;null;null;null;null;null;null;null;null;null;null;null;null;null;null;null;null;null;
1995-01-31;null;null;null;null;170,3;4,545455;17;12,4;null;31,743333;25,588276;22,14;83,284483;null;null;58,295455;null;
1995-02-28;null;null;null;null;127,5;4,481928;21;60,1;null;31,178571;25,49;22,028571;84,333333;null;null;56,746988;null;
1995-03-31;null;null;null;null;154,2;4,483871;18;154;null;31,767742;25,743448;22,341935;85,483333;null;null;62,365591;null;
1995-04-30;null;null;null;null;null;4,333333;21;43,7;null;31,083333;25,67;22,846667;87,694444;null;null;61,444444;null;
1995-05-31;null;null;null;null;null;4,741935;null;14,7;null;31,593548;25,82129;22,135484;82,072581;null;null;62,365591;null;
1995-06-30;null;null;null;null;281,3;2,344444;null;0;null;32,66;23,963333;17,21;70,916667;null;null;62,777778;null;
1995-07-31;null;null;null;null;301,3;1,83871;null;0;null;33,525806;24,090323;16,258065;63,919355;null;null;61,72043;null;
1995-08-31;null;null;null;null;313;1,182796;null;0;null;35,445161;25,035484;15,819355;56,467742;null;null;59,784946;null;
1995-09-30;null;null;null;null;243,8;2,133333;null;1,7;null;36,686667;27,578667;20,193333;55,816667;null;null;53,666667;null;
1995-10-31;null;null;null;null;182,5;3,602151;null;200,3;null;34,264516;26,854667;21,409677;72,525;null;null;55,806452;null;
1995-11-30;null;null;null;null;143,8;4,555556;null;357,8;null;31,99;26,166897;22,19;80,181034;null;null;60,222222;null;
1995-12-31;null;null;null;null;152,1;4,075269;null;192,7;null;31,867742;25,992258;22,380645;81,201613;null;null;60,860215;null;
1996-01-31;null;null;null;null;175;3,946237;20;233,2;null;31,76129;25,559355;21,864516;83,064516;null;null;62,043011;null;
1996-02-29;null;null;null;null;173;3,954023;13;247,2;null;31,772414;25,831724;21,786207;83,474138;null;null;62,261905;null;
1996-03-31;null;null;null;null;146,3;4,215054;17;319,8;null;31,296774;25,856129;22,312903;84,104839;null;null;61,182796;null;
1996-04-30;null;null;null;null;158,9;3,955556;18;231,4;null;31,63;25,868;22,113333;84,15;null;null;62,555556;null;
1996-05-31;null;null;null;null;211,3;3,526882;null;112,4;null;32,735484;25,60129;20,912903;81,075;null;null;61,290323;null;
1996-06-30;null;null;null;null;302,1;2,4;null;0;null;32,56;24,234;17,65;67,933333;null;null;63,555556;null;
1996-07-31;null;null;null;null;320,2;2,043011;null;0;null;34,074194;23,265161;15,058065;63,383333;null;null;60,645161;null;
1996-08-31;9;null;null;null;277,2;2,83871;null;8;null;35,819355;26,122581;18,267742;55,83871;null;2,227174;60,645161;null;
1996-09-30;0;null;null;null;247,2;2,808989;null;14,2;null;37,11;27,791034;20,316667;51,741379;9,3;1,98046;50,561798;null;
1996-10-31;9;null;null;null;153,6;4,333333;null;226,1;null;32,896667;26,669286;22,151613;76,768519;null;1,526667;59,711111;null;
1996-11-30;9;null;null;null;null;4,592105;null;181,9;null;31,969231;26,517273;22,5;76,821429;9,3;1,943421;61,052632;null;
1996-12-31;5;null;null;null;191,7;3,806452;null;110,2;null;32,358065;26,319355;21,987097;79,290323;12,3;1,284783;61,827957;null;
1997-01-31;null;null;null;null;125,1;5,053763;22;305,1;null;30,629032;25,643871;22,312903;82,475;null;1,8;59,462366;null;
1997-02-28;null;90,5;null;null;null;4,535714;17;295,8;null;32,107143;25,713571;21,564286;82,758929;null;1,072619;60,714286;null;
1997-03-31;null;92,7;null;null;102,7;5,634409;21;431,1;null;29,912903;25,278667;22,403226;85,858333;4,4;1,122581;58,602151;null;
1997-04-30;null;112,5;null;null;163,1;4,422222;null;331,9;null;31,733333;25,914667;22,323333;81,291667;4,4;,975556;60,111111;null;
1997-05-31;null;185,4;null;null;243,4;3,351648;null;44,9;null;31,796774;25,384;20,877419;74,391667;9,3;1,569231;62,197802;null;
1997-06-30;null;209,6;null;null;271,7;2,58427;null;0;null;33,17;24,290667;17,59;68,291667;6,7;1,317978;62,55814;null;
1997-07-31;9;343,7;null;null;296,5;2,483871;null;0;null;33,370968;23,750323;15,632258;58,346774;12,3;2,095699;60,322581;null;
1997-08-31;null;376,7;null;null;300,6;1,978495;null;0;null;35,567742;25,592258;16,887097;50,15;12,3;2,076344;59,677419;null;
1997-09-30;null;252,9;null;null;181,7;3,522222;null;81,1;null;35,486667;27,354;21,786667;67,291667;6,7;1,497778;37,777778;null;
1997-10-31;null;227,6;null;null;176,2;4,763441;null;158,3;null;34,6;27,503871;22,435484;69,548387;12,3;1,922581;50,107527;null;
1997-11-30;32;205,9;null;null;212,4;4,366667;null;129,5;null;34,49;27,296667;22,333333;70,491379;4,4;1,701111;59,777778;null;
1997-12-31;0;114,4;null;null;148,4;4,946237;20;329,5;null;32,241935;26,246;22,577419;81,965517;6,7;1,344086;60,215054;null;
1998-01-31;0;113,3;null;null;147;5;null;197,8;null;31,893548;26,506;23,058065;81,201613;4,4;1,292473;60,537634;null;
1998-02-28;0;92,8;null;null;147,9;5,202381;16;239,5;null;32,692857;27,187407;23,871429;83,741071;4,4;1,339286;59,166667;null;
1998-03-31;36;103,4;null;null;184,8;4,945055;15;282,3;null;32,719355;26,586667;23,022581;82,633333;6,7;1,434066;58,571429;null;
1998-04-30;9;140,8;null;null;216,6;4,077778;null;84;null;34,436667;27,74;23,44;80,291667;4,4;1,312222;59,888889;null;
1998-05-31;0;198;null;null;250;3,397849;null;45,9;null;34,019355;26,363871;21,006452;74,233871;6,7;1,429032;60,107527;null;
1998-06-30;0;319;null;null;268,6;2,355556;null;0;null;34,346667;25,14;17,973333;63,341667;12,3;2,042353;60,777778;null;
1998-07-31;0;375,7;null;null;292,7;2,580645;null;0;null;35,664516;25,167097;16,619355;57,032258;12,3;1,858696;58,172043;null;
1998-08-31;9;408,1;null;null;301,2;2,16129;null;0;null;37,590323;27,5;18,780645;45,475806;12,4;2,668817;55,806452;null;
1998-09-30;0;331;null;null;243,3;2,044444;null;15,7;null;37,736667;28,977333;21,486667;48,866667;12,3;2,095455;40,777778;null;
1998-10-31;0;236,3;null;null;166,4;5,26087;null;69,8;null;35,46129;27,736774;22,816129;69,169355;6,7;1,590323;49,032258;null;
1998-11-30;0;108,4;null;null;113,2;5,688889;20;305,1;null;31,76;26,233333;22,753333;81,163793;4,4;1,823333;58,888889;null;
1998-12-31;18;123,6;null;null;155,5;5,623656;20;241,1;null;31,635484;26,31871;22,470968;80,41129;4,4;1,873118;59,139785;null;
1999-01-31;9;111,5;null;null;150,4;5,677419;23;391,7;null;31,525806;25,835484;22,309677;83,467742;12,3;1,745161;64,193548;null;
1999-02-28;18;83,7;null;null;120;5,142857;15;243,1;null;31,153571;25,504286;21,907143;84,991071;4,4;1,70119;62,380952;null;
1999-03-31;0;89;null;null;141,6;5,247312;22;242;null;31,141935;25,663871;22,354839;85,217742;4,4;1,346237;62,473118;null;
1999-04-30;0;121,5;null;null;178;4,611111;null;159,7;null;32,373333;26,316667;22,296667;81,966667;4,4;1,482222;63,888889;null;
1999-05-31;9;157,4;null;null;201,2;4,182796;null;64,8;null;32,374194;25,756129;21,3;77,85;4,4;1,754839;63,44086;null;
1999-06-30;9;233,7;null;null;267,7;2,566667;null;0;null;33,743333;24,876;18,076667;68,283333;9,7;1,551111;62,444444;null;
1999-07-31;0;322,9;null;null;308,3;1,827957;null;0;null;33,609677;24,010968;15,696774;59,580645;12,3;2,126882;61,182796;null;
1999-08-31;0;379,4;null;null;311;2,516129;null;0;null;35,477419;26,070323;17,396774;48,362903;12,3;2,313043;61,505376;null;
1999-09-30;null;null;null;null;null;null;null;0;null;null;null;null;null;null;null;null;null;
1999-10-31;9;null;null;null;195,1;4,637363;null;142,9;null;34,180645;27,643871;22,732258;63,120968;12,3;1,988043;59,565217;null;
1999-11-30;27;null;null;null;144,5;5,455556;15;441,7;null;30,913333;26,014483;21,993333;79,066667;4,4;1,538889;58,333333;null;
1999-12-31;0;null;null;null;126,3;5,626374;22;594,7;null;30,467742;25,752;21,958065;78,413793;4,4;1,240659;58,021978;null;
2000-01-31;0;82;null;null;163,6;5,784946;20;288,3;null;30,709677;25,651613;21,670968;81,774194;4,4;1,295699;59,784946;null;
2000-02-29;32;64,6;null;null;136;6,034483;21;526,7;null;30,124138;25,006207;21,351724;84,723214;4,4;1,444828;60,689655;null;
2000-03-31;32;89,4;null;null;181,8;5,290323;19;286,9;null;31,254839;25,672903;21,787097;82,193548;9,9;1,736559;59,139785;null;
2000-04-30;32;87,9;null;null;189,9;4,955556;18;134;null;31,633333;25,916667;21,79;77,691667;4,4;1,521111;60,333333;null;
2000-05-31;23;161,6;null;null;294,8;3,354839;1;42,2;null;33,706452;26,7;20,96129;64,314516;4,4;1,537634;64,086022;null;
2000-06-30;9;205,8;null;null;303,8;2,511111;0;0;null;33,96;26,744;20,156667;54,422414;9,3;2,002222;62,333333;null;
2000-07-31;9;237,8;null;null;307,1;2,591398;1;21,1;null;34,174194;26,636129;19,993548;51,075;12,3;2,252688;64,516129;null;
2000-08-31;9;306;null;null;307,3;3,16129;2;3,7;null;35,251613;28,423871;21,619355;43,516129;12,3;2,319355;61,827957;null;
2000-09-30;9;223,8;null;null;202,5;5,366667;8;46,3;null;34,356667;27,988667;22,54;56,683333;12,3;2,146667;58,111111;null;
2000-10-31;32;166,8;null;null;203,3;5,172043;12;142,4;null;34,045161;27,430323;22,493548;65,540323;12,3;1,941935;61,075269;null;
2000-11-30;32;111,9;null;null;166,5;5,844444;17;284,1;null;31,946667;26,656;22;74,577586;12,3;1,715556;60,333333;null;
2000-12-31;32;92,4;null;null;147,9;5,956989;21;430,3;null;31,312903;25,725806;22,029032;79,473214;6,7;1,911828;61,612903;null;
2001-01-31;32;103;null;null;174,1;6,096774;18;234,4;null;31,777419;25,830968;21,916129;77,766129;4,4;1,56129;60,215054;null;
2001-02-28;32;78,5;null;null;146,2;5,904762;18;147,3;null;31,485714;25,567857;21,807143;80,169643;4,4;1,69881;61,071429;null;
2001-03-31;0;70,3;null;null;144,3;6,096774;22;387,5;null;31,380645;25,450323;21,741935;83,024194;4,4;1,334409;60,107527;null;
2001-04-30;0;99,6;null;null;198,3;4,722222;10;117,4;null;32,703333;26,308667;21,78;74,741667;4,4;1,145556;62,777778;null;
2001-05-31;18;147,4;null;null;239;3,892473;5;22,2;null;34,041935;27,010323;21,7;70,717742;6,7;1,656989;64,193548;null;
2001-06-30;9;195,8;null;null;196,7;3,244444;1;1,2;null;34,056667;26,39;20,173333;56,758333;12,3;1,72;60,222222;null;
2001-07-31;0;279,9;null;null;313,5;2,268817;0;0;null;34,793548;26,936129;19,819355;46,975;12,3;2,233333;62,150538;null;
2001-08-31;9;334,1;null;null;307,9;2,870968;0;0;null;34,990323;27,713548;21,029032;41,370968;12,3;3,167742;60,430108;null;
2001-09-30;0;228,5;null;null;207,6;4,152778;6;129,1;null;35,103333;28,368;22,806667;56,033333;9,3;1,598889;60,111111;null;
2001-10-31;0;100,1;null;null;158,5;5,903226;21;373,4;null;32,7;26,087742;21,809677;78,314516;4,4;1,324731;57,526882;null;
2001-11-30;32;75,3;null;null;150,5;5,663889;23;420,4;null;32,24;26,207333;21,94;81,966667;4,4;1,26;60,666667;null;
2001-12-31;18;82,4;null;null;155;6;18;338,6;977,275806;32;26,088387;22,16129;82,467742;4,4;1,384946;59,784946;null;
2002-01-31;0;72,5;null;null;136,6;6,185484;27;431,7;977,88172;30,422581;25,440645;22,196774;84,782258;6,734;1,572774;58,924731;null;
2002-02-28;32;100;null;null;156,3;5,020833;11;195,1;977,953571;32,792857;26,882857;22,775;76,589286;4,4;1,321687;63,333333;null;
2002-03-31;0;97,7;null;null;153,9;5,137097;17;233;978,195699;32,064516;26,276774;22,180645;81,419355;4,4;1,172043;60,430108;null;
2002-04-30;0;115,4;null;null;206,8;4,252778;13;107,8;977,722222;33,19;26,765333;22,023333;74,208333;4,4;1,454444;61;null;
2002-05-31;0;146,1;null;null;251,2;3,663978;6;55;978,550538;33,987097;26,903226;21,464516;68,532258;4,4;1,390323;61,612903;null;
2002-06-30;9;207,9;null;null;271,4;2,469444;0;0;981,325556;34,146667;26,522;20,493333;53,908333;6,68772;1,909727;62;null;
2002-07-31;9;245;null;null;280,4;2,930108;0;0;980,889247;35,309677;27,434194;20,906452;49,346774;6,68772;1,568553;59,849462;null;
2002-08-31;9;345,3;null;null;313,7;2,642473;0;0;980,025806;36,696774;28,423871;21,596774;39,193548;12,34656;2,778785;61,677419;null;
2002-09-30;0;258,4;null;null;199,2;4,063889;6;76,1;978,8;35,613333;28,539333;22,81;52,066667;12,34656;1,724825;55,666667;null;
2002-10-31;0;165,1;null;null;218,7;5,010753;13;145;977,688172;35,064516;27,57871;22,267742;68,612903;4,4;1,477419;58,064516;null;
2002-11-30;18;136,5;null;null;236,3;4,522222;14;214,5;978,233333;34,69;27,526;22,476667;71,65;4,4;1,612543;59,222222;null;
2002-12-31;18;91,5;null;null;132,6;5,811828;22;238,6;978,780645;32,012903;26,243226;22,467742;79,846774;4,4;1,766667;58,924731;null;
2003-01-31;18;102,3;149,967262;149,967262;158;5,75;21;487,1;979,082796;32,719355;26,56;22,39697;79,846774;4,4;1,646547;57,419355;null;
2003-02-28;0;97,9;132,34661;132,34661;143,2;5,8125;17;241,4;978,829762;32,432143;26,398571;22,319355;78,160714;4,4;1,553571;58,214286;null;
2003-03-31;18;79,6;141,069466;141,069466;143,3;6,11828;22;236,8;978,764516;31,53871;25,699355;21,791176;83,33871;4,4;1,358065;59,032258;null;
2003-04-30;0;108,6;136,953961;136,953961;226,7;4,566667;15;231,6;978,68;33,75;26,764;21,875758;76,433333;4,4;1,496667;59,111111;null;
2003-05-31;0;137,1;138,660888;138,660888;220,3;4,268817;10;129,9;979,892473;33,065625;26,699355;21,619355;71,266129;9,3;1,735961;59,709677;null;
2003-06-30;9;194;131,254342;91,239112;289,1;2,588889;0;0;980,116667;34,456667;25,981333;18,7;55,866667;9,3;1,798889;59,111111;null;
2003-07-31;9;264,7;136,509349;0;309,4;1,408602;0;0;981,472043;34,674194;26,124516;19,20625;47,645161;9,3;2,530108;58,27957;null;
2003-08-31;0;280,7;143,189044;18,6;245,4;3,879032;5;18,6;980,758065;36,322581;27,929032;21,367742;49,024194;6,7;1,852711;60,763441;null;
2003-09-30;9;287,2;null;null;247,3;3,844444;4;22,6;978,758889;37,196667;29,301333;23,515625;48,666667;12,3;1,891954;55;null;
2003-10-31;18;147,4;null;null;172,8;5,591398;13;179,6;978,297849;33,890323;27,450323;22,735294;68,983871;4,4;1,727503;58,537634;null;
2003-11-30;0;97,1;null;null;161,7;5,6;20;303,1;977,457778;31,85;26,321333;22,217647;77,716667;4,4;1,414444;56,177778;null;
2003-12-31;0;103,1;null;null;177,2;5,225806;15;193;978,086022;32,035484;26,462581;22,205405;77,701613;6,7;1,650538;56,989247;null;
2004-01-31;36;94,7;null;null;114,3;6,569892;28;490,7;977,744086;30,58125;25,655484;22,511111;83,5;4,4;1,675269;58,064516;null;
2004-02-29;0;75,5;null;null;107,5;6,643678;19;204,5;979,181609;30,423333;25,663448;22,509375;83,775862;6,7;1,534483;55,563218;null;
2004-03-31;0;93,2;null;null;124,9;6,032258;21;299,4;978,734409;31,551613;26,024516;22,657143;81,895161;4,4;1,426882;58,709677;null;
2004-04-30;0;109,3;null;null;189,6;4,888889;13;246,9;978,714444;32,686667;26,699333;22,527273;78,05;2,4;1,206667;56,777778;null;
2004-05-31;0;161,7;null;null;282,7;3,526882;1;2,3;979,453763;34,587097;27,514194;22,396875;65,346774;6,7;1,730108;57,849462;null;
2004-06-30;0;199,9;null;null;264,7;2,455556;1;27,4;982,133333;34,243333;26,432;20,423333;56,266667;9,3;1,982222;57,222222;null;
2004-07-31;9;246,3;null;null;296;2,322581;0;0;979,136559;34,516129;26,549032;20,245161;49,895161;12,3;1,94086;56,236559;null;
2004-08-31;0;283,1;null;null;273,8;3,08871;0;0;981,324731;36,196774;28,016129;21,223529;43,16129;12,3;2,098327;60,139785;null;
2004-09-30;5;322,7;null;null;255,8;3,622222;1;41,8;978,75;37,186667;29,712;23,996774;41,716667;7,7;2,215556;54,177778;null;
2004-10-31;0;138,8;null;null;179,9;4,860215;11;160,2;977,491398;33,254545;27,415484;22,591429;70,887097;4,8;1,174194;57,204301;null;
2004-11-30;0;122,6;null;null;181,5;5,088889;11;172,1;977,577778;33,119355;27,157333;22,815152;74,316667;4,4;1,202222;59,111111;null;
2004-12-31;0;105;null;null;153,3;5,365591;15;249,9;977,27957;32,696774;26,738065;22,338235;76,685484;4;1,012903;56,075269;null;
2005-01-31;0;107,2;null;null;142;5,827957;18;263,2;977,507527;32,234375;26,651613;22,754286;80,217742;3,6;,95914;58,817204;null;
2005-02-28;0;93,6;null;null;151,2;5,892857;15;257,9;977,145238;32,182143;26,927143;22,99;78,232143;6;1,171429;55,357143;null;
2005-03-31;0;84,8;null;null;139,4;5,913978;23;273,4;978,567742;31,267742;26,146452;22,738235;81,983871;4;,811828;56,451613;null;
2005-04-30;0;116,1;null;null;201;5,433333;17;179,3;978,791111;33,05;27,356;23,425806;75,666667;5,2;1,107778;57,777778;null;
2005-05-31;0;134,9;null;null;228,5;4,733871;9;46,1;979,219565;32,587097;26,681935;22,575;68,548387;7,3;1,333046;55,537634;null;
2005-06-30;0;197,1;null;null;292,8;3,122222;0;0;980,755556;33,573333;26,893333;22,203226;59,25;9,6;1,592222;57,622222;null;
2005-07-31;0;251,8;null;null;323,5;1,946237;0;0;981,919355;34,603226;26,283226;19,727273;48,959677;8,4;2,109677;59,677419;null;
2005-08-31;5;325,8;null;null;325,2;2,731183;0;0;979,888172;36,545161;28,567097;22,43871;39,822581;9,2;2,087097;56,236559;null;
2005-09-30;0;281,7;null;null;271,4;3,763889;4;82,9;978,831111;36,813333;29,664;23,948387;45,625;12,3;2,056382;55,211111;null;
2005-10-31;0;202,4;null;null;230,6;4,752688;8;110,2;977,260215;35,348387;28,42;23,008333;62,185484;5,6;1,083871;58,064516;null;
2005-11-30;0;124,1;null;null;170,7;5,9;16;242;976,696667;33,14;27,328667;22,978125;73,525;4;,986667;55,777778;null;
2005-12-31;0;95,9;null;null;130,5;6,518817;20;336,7;976,93871;30,626316;26,161935;22,609091;79,935484;3,8;,952855;57,817204;null;
2006-01-31;0;132,9;null;null;200,1;5,793011;14;174,5;977,424731;33,112903;27,012258;22,441935;72,629032;10,4;1,292807;58,924731;null;
2006-02-28;0;79;null;null;132,9;6,264881;15;313,8;977,952381;31,453571;25,871429;22,075;80,892857;6;,963783;53,928571;null;
2006-03-31;0;86,6;null;null;153,8;5,932796;21;402,9;978,456989;31,13871;26,072258;22,535484;81,709677;5,6;,846248;57,741935;null;
2006-04-30;0;70,6;null;null;118,3;6,566667;23;403,8;978,608889;30,256667;25,602;22,34;83,708333;4,4;,643333;54,888889;null;
2006-05-31;0;104,2;136,845962;136,845962;188,4;5,548387;15;156,3;980,332258;31,645161;26,113548;22,558065;77,209677;5,2;,925806;59,462366;null;
2006-06-30;0;198,3;130,567997;100;303,4;2,925;0;0;981,277778;33,106667;25,779333;20,353333;57,866667;9,9;1,801628;61,666667;null;
2006-07-31;0;232,6;136,909625;0;293,9;2,879032;0;0;981,864516;34,106452;26,218065;19,983871;51,120968;8,4;1,701945;59,677419;null;
2006-08-31;0;303,7;145,703507;1,7;300,8;1,981183;3;1,7;979,719355;36,435484;28,316774;21,816129;42,443548;8;2,184946;60,967742;null;
2006-09-30;0;239,4;144,872788;144,872788;246,1;4,322222;6;198,3;979,063333;36;28,679333;22,913333;53,541667;6,8;1,538913;49,444444;null;
2006-10-31;0;143,1;150,128083;150,128083;184,5;6,301075;14;140,4;977,903226;33,674194;27,731613;23,429032;71,983871;5,2;1,012903;53,655914;null;
2006-11-30;0;111,9;146,058871;146,058871;176,4;6,344444;16;131,6;977,263333;32,98;27,084;23,136667;75,541667;7,2;,988889;55,666667;null;
2006-12-31;0;107,4;151,859238;151,859238;169,8;6,053763;17;226;978,509677;32,732258;26,952903;22,896774;76,983871;10,6;,956989;56,129032;null;
2007-01-31;0;92,7;150,500306;150,500306;172,1;5,698925;21;365,1;978,313978;32,609677;26,687097;22,667742;79,080645;6;,93154;58,709677;null;
2007-02-28;0;60,4;128,127101;128,127101;86,6;7,354167;23;583,2;978,840476;30,135714;25,101429;22,010714;85,660714;5;1,05119;54,880952;null;
2007-03-31;0;123,4;145,994512;145,994512;200,9;5,545699;14;209,1;978,431183;33,058065;27,025806;22,512903;72,701613;6,9;,848243;58,344086;null;
2007-04-30;0;103,8;136,95194;136,95194;174,1;4,944444;14;84,2;978,846667;32,823333;26,872667;22,89;77,558333;3,60108;,53779;58,777778;null;
2007-05-31;0;160,2;141,109466;81,54806;261,4;3,647849;4;34,3;979,230108;34,503226;27,48;22,083871;65,766129;4,8;,783009;61,935484;null;
2007-06-30;0;216,7;134,206839;0;293,5;1,45;0;0;980,256667;34,606667;26,844667;20,763333;51,75;9;2,007448;61,888889;null;
2007-07-31;0;261,6;141,011712;0;290,5;1,793011;0;0;980,533333;35,519355;27,409032;20,609677;46,112903;8;1,557187;62,043011;null;
2007-08-31;0;330,5;147,109375;0;305,5;1,08871;0;0;979,716129;36,7;28,774194;22,664516;37,572581;10,8;2,62633;60,322581;null;
2007-09-30;0;325,2;148,410938;109;261,1;2,013889;3;55,1;979,318889;37,323333;29,810667;24,166667;42,516667;12,7;2,372222;58,177778;null;
2007-10-31;0;227,6;152,764265;80,9;241,2;4,053763;7;80,9;977,306452;35,990323;28,869677;23,322581;56,830645;6,8;,962136;55,376344;null;
2007-11-30;0;123,6;146,417108;146,417108;179,5;5,919444;13;201,7;976,478889;33,246667;27,261333;22,506667;71,075;6,4;,737778;56,666667;null;
2007-12-31;0;124,3;152,251211;152,251211;170,2;5,741935;11;130,1;977,369892;32,793548;27,004516;22,8;74,33871;2,8;,643011;56,129032;null;
2008-01-31;0;88;148,143126;148,143126;147,3;6,505376;22;292,7;977,732258;31,522581;26,060645;22,225806;80,129032;3,2;,288172;57,419355;null;
2008-02-29;0;86,8;134,523899;134,523899;118,3;6,908046;24;272,7;977,54023;31,055172;25,55931;22,096552;82,241379;4;,553703;55,287356;null;
2008-03-31;0;73,7;140,578813;140,578813;139,1;6,784946;24;294,7;978,78172;30,548387;25,386452;21,812903;83,419355;4;,48172;52,258065;null;
2008-04-30;0;87,2;135,392804;135,392804;172,9;5,575;18;238,2;977,797778;32,033333;26,423333;22,426667;79,575;5,1;,545556;57,666667;null;
2008-05-31;0;130,9;138,865087;134;229,4;4,322581;8;34;979,460215;33,274194;26,800645;22,009677;70,201613;4,4;,452688;55,268817;null;
2008-06-30;0;191,8;132,093712;0;286,8;2,066667;0;0;980,633333;34,43;26,338667;19,876667;55,4;7,6;1,151111;59,666667;null;
2008-07-31;0;247,8;137,784351;0;306,3;1,193548;0;0;981,623656;34,63871;26,466452;19,954839;47,725806;6,4;1,368817;61,075269;null;
2008-08-31;0;315,7;148,86728;0;298,9;2,596774;0;0;978,784946;36,532258;28,694839;22,345161;39,677419;6;1,517394;57,483871;null;
2008-09-30;0;327,1;152,772934;12,1;260;4,044444;5;12,1;978,414444;38,253333;30,242;24,256667;43,308333;8;1,646667;59,333333;null;
2008-10-31;0;266,1;156,243555;98,9;249,1;4,637097;10;98,9;977,884946;37,277419;29,752258;24,122581;53,354839;9,6;1,433069;56,236559;null;
2008-11-30;0;114,1;145,332209;145,332209;144,9;7,241667;17;298;977,203333;32,603333;26,869333;22,583333;74,508333;3,2;,592122;54,888889;null;
2008-12-31;0;91;149,067185;149,067185;145,7;6,854839;23;169;977,489247;31,53871;26,187097;22,63871;80,274194;4,4;,663441;56,236559;null;
2009-01-31;0;113,5;150,837439;150,837439;190;6,021505;19;160,1;978,252688;33,067742;26,872258;22,845161;77,032258;2,8;,554839;59,247312;null;
2009-02-28;0;76,5;130,59498;130,59498;131,4;7,142857;21;353,8;977,944048;31,478571;25,847857;22,075;81,919643;4,8;,525;55,119048;null;
2009-03-31;0;89,6;142,929637;142,929637;140,9;6,698925;23;168,7;977,8;32,122581;26,439355;22,529032;81,508065;3,2;,324588;57,053763;null;
2009-04-30;0;80,6;134,764943;134,67105;141,5;6,577778;19;130,4;979,255556;31,37;26,234667;23,023333;82,183333;3,2;,324444;58,666667;null;
2009-05-31;0;94,5;134,93398;134,93398;171,2;5,913978;14;285,1;979,841935;31,474194;25,781935;21,858065;78,379032;2,4;,258065;53,333333;null;
2009-06-30;0;149,6;133,075947;101,178351;252,1;3,7;4;40,1;980,83;33,71;26,624667;21,406667;66,208333;8;,728889;55,444444;null;
2009-07-31;0;221,5;139,421189;29,944748;298,9;1,76087;0;0;981,244086;35,319355;26,996129;20,319355;52,483871;9,1;1,073118;63,075269;null;
2009-08-31;0;269,5;147,631854;8,011209;285,5;3,032258;2;,4;979,733333;36,593548;28,836774;22,283871;45,66129;7,6;1,295699;58,817204;null;
2009-09-30;0;205,8;144,386249;81,273233;221,4;4,677778;11;80,7;979,482222;36,05;29,008;23,33;57,183333;4,8;,86;59;null;
2009-10-31;0;117,2;146,574825;146,574825;150,2;6,55914;17;213,7;977,825806;32,832258;26,903226;22,835484;76,782258;3,6;,632258;56,55914;null;
2009-11-30;0;114,4;145,99434;145,99434;178,1;6,266667;17;172;976,966667;33,34;27,162;22,766667;74,65;5,2;,602222;54,777778;null;
2009-12-31;0;109,4;149,435238;149,435238;161,8;6,344086;23;316,3;978,163441;32,577419;26,356774;22,367742;77,475806;4;,74086;55,591398;null;
2010-01-31;0;106,8;150,422265;150,422265;177,1;6,408602;18;436,9;978,467742;32,796667;26,676129;22,319355;78,975806;8,4;,575269;57,311828;null;
2010-02-28;0;105,7;136,469721;136,469721;159;6,892857;16;206,1;977,659524;33,875;27,523571;23,464286;75,803571;4,4;,534524;57,261905;null;
2010-03-31;0;99,8;146,302871;146,302871;178,6;6,247312;25;462,5;978,394624;33,183871;27,124516;23,274194;81,08871;4;,662366;58,27957;null;
2010-04-30;0;140,1;141,484762;127,192251;226,2;4,244444;10;82,8;978,513333;34,91;28,127333;23,341379;70,1;4;,811111;59,888889;null;
2010-05-31;0;167,2;144,204791;64,223699;222,3;3,935484;7;25,6;978,566667;35,513333;28,345806;23,006452;66,58871;3,6;,565591;55,376344;null;
2010-06-30;0;239,2;136,392024;12,833273;290;2,044444;1;,2;980,945556;35,836667;27,612667;21,176667;53,05;8,4;1,55;61,111111;null;
2010-07-31;9;316,1;142,827992;3,307805;301;1,860215;0;0;980,786022;35,877419;27,982581;22,503226;46,282258;11,6;2,231183;59,569892;null;
2010-08-31;9;362,5;146,859175;,802828;308,7;1,580645;0;0;980,18172;37,229032;28,821935;22,103226;36,5;8,4;1,787097;53,064516;null;
2010-09-30;0;407,5;152,618819;18,177651;276,9;1,833333;1;18;977,988889;38,503333;30,879333;25,406667;36,316667;9,2;2,217778;54,888889;null;
2010-10-31;0;175,3;153,83953;153,83953;190,8;5,516129;12;222,1;977,710753;35,590323;28,343871;23,425806;68,096774;3,4;1,151613;55,913978;null;
2010-11-30;0;109,9;145,616743;145,616743;173,6;6,722222;15;189,4;976,711111;32,92;27,01;22,733333;75,766667;5,8;,87;54,555556;null;
2010-12-31;0;108,4;150,617274;150,617274;null;6,763441;14;162;976,309677;31,932258;26,621935;23,045161;78,25;3,8;,88172;54,83871;null;

