Nome: VALE DO GURGUEIA (CRISTIANO CASTRO)
Codigo Estacao: 82870
Latitude: -8.44166666
Longitude: -43.86555555
Altitude: 261.26
Situacao: Fechada
Data Inicial: 1981-01-01
Data Final: 2010-12-31
Periodicidade da Medicao: Mensal

Data Medicao;DIRECAO PREDOMINANTE DO VENTO, MENSAL(° (gr));EVAPORACAO DO PICHE, MENSAL(mm);EVAPOTRANSPIRACAO POTENCIAL, BH MENSAL(mm);EVAPOTRANSPIRACAO REAL, BH MENSAL(mm);INSOLACAO TOTAL, MENSAL(h);NEBULOSIDADE, MEDIA MENSAL(décimos);NUMERO DE DIAS COM PRECIP. PLUV, MENSAL(número);PRECIPITACAO TOTAL, MENSAL(mm);PRESSAO ATMOSFERICA, MEDIA MENSAL(mB);TEMPERATURA MAXIMA MEDIA, MENSAL(°C);TEMPERATURA MEDIA COMPENSADA, MENSAL(°C);TEMPERATURA MINIMA MEDIA, MENSAL(°C);UMIDADE RELATIVA DO AR, MEDIA MENSAL(%);VENTO, VELOCIDADE MAXIMA MENSAL(m/s);VENTO, VELOCIDADE MEDIA MENSAL(m/s);VISIBILIDADE, MEDIA MENSAL(codigo);
1981-01-31;null;null;null;null;null;null;3;60,2;null;null;null;null;null;null;null;null;null;
1981-02-28;null;null;null;null;null;null;1;10,4;null;null;null;null;null;null;null;null;null;
1981-03-31;null;null;null;null;null;null;2;4;null;null;null;null;null;null;null;null;null;
1981-04-30;null;null;null;null;null;null;2;30,8;null;null;null;null;null;null;null;null;null;
1981-05-31;null;null;null;null;null;null;null;0;null;null;null;null;null;null;null;null;null;
1981-06-30;null;null;null;null;null;null;null;0;null;null;null;null;null;null;null;null;null;
1981-07-31;null;null;null;null;null;null;null;0;null;null;null;null;null;null;null;null;null;
1981-08-31;null;null;null;null;null;null;null;0;null;null;null;null;null;null;null;null;null;
1981-09-30;null;null;null;null;null;null;null;0;null;null;null;null;null;null;null;null;null;
1981-10-31;null;null;null;null;null;null;3;19,8;null;null;null;null;null;null;null;null;null;
1981-11-30;null;null;null;null;null;null;2;5,4;null;null;null;null;null;9;null;null;null;
1981-12-31;null;null;null;null;null;null;1;1;null;null;null;null;null;null;null;null;null;
1982-01-31;null;null;null;null;null;null;2;203,8;null;null;null;null;null;3;null;null;null;
1982-02-28;null;null;null;null;null;null;2;105,7;null;null;null;null;null;5;null;null;null;
1982-03-31;null;null;null;null;null;null;2;65,6;null;null;null;null;null;null;null;null;null;
1982-04-30;null;null;null;null;null;null;2;233,6;null;null;null;null;null;null;null;null;null;
1982-05-31;null;null;null;null;null;null;null;0;null;null;null;null;null;null;null;null;null;
1982-06-30;null;null;null;null;null;null;null;0;null;null;null;null;null;null;null;null;null;
1982-07-31;null;null;null;null;null;null;null;0;null;null;null;null;null;7;null;null;null;
1982-08-31;null;null;null;null;null;null;null;10,4;null;36,073333;27,64;16,926667;37,616667;9;null;null;null;
1982-09-30;null;null;null;null;null;null;null;38;null;null;null;null;null;7;null;null;null;
1982-10-31;null;null;null;null;null;null;2;41,5;null;35,96;27,258667;15,306667;50,5;7;null;null;null;
1982-11-30;null;null;null;null;null;null;1;10,4;null;null;null;null;null;7;null;null;null;
1982-12-31;null;null;null;null;null;null;2;69,8;null;null;null;null;null;null;null;null;null;
1983-01-31;14;83,8;null;null;124,2;7,652174;16;111;null;32,319355;25,118065;20,56129;76,217742;5;2,130435;null;null;
1983-02-28;14;86,4;null;null;149,9;6,952381;14;90,6;null;32,342857;25,768571;20,128571;75,071429;9;2;null;null;
1983-03-31;5;79,7;null;null;169,8;7,870968;19;238,2;null;32,790323;25,920645;21,567742;79,935484;7;1,688172;null;null;
1983-04-30;5;129,8;null;null;235,2;5,333333;3;10,3;null;36,173333;27,352;20,186667;63,175;7;1,777778;null;null;
1983-05-31;14;197,9;null;null;257,4;4,516129;0;0;null;37,754839;28,985161;19,190323;51,370968;5;1,797849;null;null;
1983-06-30;5;189,6;null;null;262,3;5,011111;0;0;null;37,113333;27,876;18,953333;51,616667;5;1,911111;null;null;
1983-07-31;5;188,2;null;null;276,3;5,526882;0;0;null;36,929032;27,427097;17,735484;50,709677;5;2,451613;null;null;
1983-08-31;14;237,3;null;null;276,6;4,268817;1;16,7;null;36,870968;28,82129;19,467742;41,475806;7;2,44086;null;null;
1983-09-30;14;290,5;null;null;255,4;4,533333;2;5,7;null;38,34;30,122667;20,353333;40,666667;7;2,444444;null;null;
1983-10-31;14;269,5;null;null;231,2;5,978495;3;5,6;null;37,103226;29,592258;20,445161;47,467742;7;2,548387;null;null;
1983-11-30;5;153,6;null;null;145,1;7,5;9;101,2;null;34,166667;27,156;21,2;65,825;7;1,604444;null;null;
1983-12-31;5;111,1;null;null;null;7,311828;9;158,5;null;32,367742;25,985161;20,716129;76,629032;7;1,688172;null;null;
1984-01-31;5;86,6;null;null;143,4;7,892473;10;138,9;null;32,083871;25,47871;18,212903;75,532258;5;1,645161;null;null;
1984-02-29;5;70;null;null;128,5;8,45977;12;142,8;null;31,855172;24,608276;17,82069;83,362069;5;1,551724;null;null;
1984-03-31;5;39;null;null;129,4;8,645161;19;194,3;null;30,16129;23,288889;16,822222;88,41129;5;1,464516;null;null;
1984-04-30;5;35,8;null;null;156,9;7,633333;15;132,3;null;30,686667;null;null;82,525;5;1,666667;null;null;
1984-05-31;5;87,9;null;null;223,9;7,27957;2;16,6;null;32,993548;null;null;75,41129;5;1,494624;null;null;
1984-06-30;5;144,2;null;null;245,2;6,833333;0;0;null;33,993333;null;null;61,2;5;1,624444;null;null;
1984-07-31;5;179,9;null;null;242,1;6,677419;0;0;null;34,487097;null;null;51,370968;7;2,376344;null;null;
1984-08-31;5;188,1;null;null;243,8;7,376344;1;7,8;null;36,735484;null;null;48,177419;7;1,795699;null;null;
1984-09-30;5;171,4;null;null;187,5;8,266667;4;32,1;null;36,396667;null;null;52,625;5;2,111111;null;null;
1984-10-31;5;176,6;null;null;184,7;6,870968;7;67,5;null;36,093548;null;null;50,032258;5;1,774194;null;null;
1984-11-30;5;187,1;null;null;196,8;5,866667;5;35,1;null;35,22;null;null;57,291667;7;2,155556;null;null;
1984-12-31;5;128,5;null;null;136,3;5,666667;9;61,7;null;34,458065;null;null;67,491935;7;1,88172;null;null;
1985-01-31;5;58,8;null;null;90;8,451613;18;217,6;null;30,212903;null;null;82,91129;5;1,473118;null;null;
1985-02-28;5;49,9;null;null;144,1;7,5;15;145,6;null;30,842857;null;null;82,9375;3;1,357143;null;null;
1985-03-31;5;75;null;null;177,2;6,698925;12;98,4;null;31,464516;null;null;82,854839;7;1,623656;null;null;
1985-04-30;5;50,2;null;null;143;7,244444;12;173,3;null;30,717241;null;null;85,233333;7;1,314607;null;null;
1985-05-31;5;73,1;null;null;226,4;5,290323;6;94,6;null;31,374194;null;null;79,379032;7;1,516129;null;null;
1985-06-30;5;76,3;null;null;207,3;5,066667;5;78;null;30,46;null;null;70,225;5;1,488889;null;null;
1985-07-31;5;148,1;null;null;263,5;4,193548;0;0;null;32,070968;null;null;59,943548;7;2,634409;null;null;
1985-08-31;14;215,8;null;null;291,4;2,892473;0;0;null;34,548387;null;null;54,532258;9;2,775269;null;null;
1985-09-30;14;242;null;null;253,1;4,105882;3;17,3;null;35,310345;null;null;47,527778;7;2,752941;null;null;
1985-10-31;5;120,8;null;null;204,5;6,402174;13;165,1;null;33,380645;26,041667;19,256;70,241667;7;1,608696;null;null;
1985-11-30;14;94,2;null;null;188,2;6,533333;10;200,5;null;32,366667;25,488;19,22;74,025;7;1,622222;null;null;
1985-12-31;5;48,9;null;null;60,7;9,301075;20;379,5;null;29,129032;23,74129;18,345161;85,040323;5;1,215054;null;null;
1986-01-31;null;null;null;null;null;null;null;null;null;null;null;null;null;null;null;null;null;
1986-02-28;null;null;null;null;null;null;null;null;null;null;null;null;null;null;null;null;null;
1986-03-31;null;null;null;null;null;null;null;null;null;null;null;null;null;null;null;null;null;
1986-04-30;null;null;null;null;null;null;null;null;null;null;null;null;null;null;null;null;null;
1986-05-31;null;null;null;null;null;null;null;null;null;null;null;null;null;null;null;null;null;
1986-06-30;null;null;null;null;null;null;null;null;null;null;null;null;null;null;null;null;null;
1986-07-31;null;null;null;null;null;null;null;null;null;null;null;null;null;null;null;null;null;
1986-08-31;null;null;null;null;null;null;null;null;null;null;null;null;null;null;null;null;null;
1986-09-30;null;null;null;null;null;null;null;null;null;null;null;null;null;null;null;null;null;
1986-10-31;null;null;null;null;null;null;null;null;null;null;null;null;null;null;null;null;null;
1986-11-30;null;null;null;null;null;null;null;null;null;null;null;null;null;null;null;null;null;
1986-12-31;null;null;null;null;null;null;null;null;null;null;null;null;null;null;null;null;null;
1987-01-31;null;null;null;null;null;null;null;null;null;null;null;null;null;null;null;null;null;
1987-02-28;null;null;null;null;null;null;null;null;null;null;null;null;null;null;null;null;null;
1987-03-31;null;null;null;null;null;null;null;null;null;null;null;null;null;null;null;null;null;
1987-04-30;null;null;null;null;null;null;null;null;null;null;null;null;null;null;null;null;null;
1987-05-31;null;null;null;null;null;null;null;null;null;null;null;null;null;null;null;null;null;
1987-06-30;null;null;null;null;null;null;null;null;null;null;null;null;null;null;null;null;null;
1987-07-31;null;null;null;null;null;null;null;null;null;null;null;null;null;null;null;null;null;
1987-08-31;null;null;null;null;null;null;null;null;null;null;null;null;null;null;null;null;null;
1987-09-30;null;null;null;null;null;null;null;null;null;null;null;null;null;null;null;null;null;
1987-10-31;null;null;null;null;null;null;null;null;null;null;null;null;null;null;null;null;null;
1987-11-30;null;null;null;null;null;null;null;null;null;null;null;null;null;null;null;null;null;
1987-12-31;null;null;null;null;null;null;null;null;null;null;null;null;null;null;null;null;null;
1988-01-31;null;null;null;null;null;null;null;null;null;null;null;null;null;null;null;null;null;
1988-02-29;null;null;null;null;null;null;null;null;null;null;null;null;null;null;null;null;null;
1988-03-31;null;null;null;null;null;null;null;null;null;null;null;null;null;null;null;null;null;
1988-04-30;null;null;null;null;null;null;null;null;null;null;null;null;null;null;null;null;null;
1988-05-31;null;null;null;null;null;null;null;null;null;null;null;null;null;null;null;null;null;
1988-06-30;null;null;null;null;null;null;null;null;null;null;null;null;null;null;null;null;null;
1988-07-31;null;null;null;null;null;null;null;null;null;null;null;null;null;null;null;null;null;
1988-08-31;null;null;null;null;null;null;null;null;null;null;null;null;null;null;null;null;null;
1988-09-30;null;null;null;null;null;null;null;null;null;null;null;null;null;null;null;null;null;
1988-10-31;null;null;null;null;null;null;null;null;null;null;null;null;null;null;null;null;null;
1988-11-30;null;null;null;null;null;null;null;null;null;null;null;null;null;null;null;null;null;
1988-12-31;null;null;null;null;null;null;null;null;null;null;null;null;null;null;null;null;null;
1989-01-31;null;null;null;null;null;null;null;null;null;null;null;null;null;null;null;null;null;
1989-02-28;null;null;null;null;null;null;null;null;null;null;null;null;null;null;null;null;null;
1989-03-31;null;null;null;null;null;null;null;null;null;null;null;null;null;null;null;null;null;
1989-04-30;null;null;null;null;null;null;null;null;null;null;null;null;null;null;null;null;null;
1989-05-31;null;null;null;null;null;null;null;null;null;null;null;null;null;null;null;null;null;
1989-06-30;null;null;null;null;null;null;null;null;null;null;null;null;null;null;null;null;null;
1989-07-31;null;null;null;null;null;null;null;null;null;null;null;null;null;null;null;null;null;
1989-08-31;null;null;null;null;null;null;null;null;null;null;null;null;null;null;null;null;null;
1989-09-30;null;null;null;null;null;null;null;null;null;null;null;null;null;null;null;null;null;
1989-10-31;null;null;null;null;null;null;null;null;null;null;null;null;null;null;null;null;null;
1989-11-30;null;null;null;null;null;null;null;null;null;null;null;null;null;null;null;null;null;
1989-12-31;null;null;null;null;null;null;null;null;null;null;null;null;null;null;null;null;null;
1990-01-31;null;null;null;null;null;null;null;null;null;null;null;null;null;null;null;null;null;
1990-02-28;null;null;null;null;null;null;null;null;null;null;null;null;null;null;null;null;null;
1990-03-31;null;null;null;null;null;null;null;null;null;null;null;null;null;null;null;null;null;
1990-04-30;null;null;null;null;null;null;null;null;null;null;null;null;null;null;null;null;null;
1990-05-31;null;null;null;null;null;null;null;null;null;null;null;null;null;null;null;null;null;
1990-06-30;null;null;null;null;null;null;null;null;null;null;null;null;null;null;null;null;null;
1990-07-31;null;null;null;null;null;null;null;null;null;null;null;null;null;null;null;null;null;
1990-08-31;null;null;null;null;null;null;null;null;null;null;null;null;null;null;null;null;null;
1990-09-30;null;null;null;null;null;null;null;null;null;null;null;null;null;null;null;null;null;
1990-10-31;null;null;null;null;null;null;null;null;null;null;null;null;null;null;null;null;null;
1990-11-30;null;null;null;null;null;null;null;null;null;null;null;null;null;null;null;null;null;
1990-12-31;null;null;null;null;null;null;null;null;null;null;null;null;null;null;null;null;null;
1991-01-31;null;null;null;null;null;null;null;null;null;null;null;null;null;null;null;null;null;
1991-02-28;null;null;null;null;null;null;null;null;null;null;null;null;null;null;null;null;null;
1991-03-31;null;null;null;null;null;null;null;null;null;null;null;null;null;null;null;null;null;
1991-04-30;null;null;null;null;null;null;null;null;null;null;null;null;null;null;null;null;null;
1991-05-31;null;null;null;null;null;null;null;null;null;null;null;null;null;null;null;null;null;
1991-06-30;null;null;null;null;null;null;null;null;null;null;null;null;null;null;null;null;null;
1991-07-31;null;null;null;null;null;null;null;null;null;null;null;null;null;null;null;null;null;
1991-08-31;null;null;null;null;null;null;null;null;null;null;null;null;null;null;null;null;null;
1991-09-30;null;null;null;null;null;null;null;null;null;null;null;null;null;null;null;null;null;
1991-10-31;null;null;null;null;null;null;null;null;null;null;null;null;null;null;null;null;null;
1991-11-30;null;null;null;null;null;null;null;null;null;null;null;null;null;null;null;null;null;
1991-12-31;null;null;null;null;null;null;null;null;null;null;null;null;null;null;null;null;null;
1992-01-31;null;null;null;null;null;null;null;null;null;null;null;null;null;null;null;null;null;
1992-02-29;null;null;null;null;null;null;null;null;null;null;null;null;null;null;null;null;null;
1992-03-31;null;null;null;null;null;null;null;null;null;null;null;null;null;null;null;null;null;
1992-04-30;null;null;null;null;null;null;null;null;null;null;null;null;null;null;null;null;null;
1992-05-31;null;null;null;null;null;null;null;null;null;null;null;null;null;null;null;null;null;
1992-06-30;null;null;null;null;null;null;null;null;null;null;null;null;null;null;null;null;null;
1992-07-31;null;null;null;null;null;null;null;null;null;null;null;null;null;null;null;null;null;
1992-08-31;null;null;null;null;null;null;null;null;null;null;null;null;null;null;null;null;null;
1992-09-30;null;null;null;null;null;null;null;null;null;null;null;null;null;null;null;null;null;
1992-10-31;null;null;null;null;null;null;null;null;null;null;null;null;null;null;null;null;null;
1992-11-30;null;null;null;null;null;null;null;null;null;null;null;null;null;null;null;null;null;
1992-12-31;null;null;null;null;null;null;null;null;null;null;null;null;null;null;null;null;null;
1993-01-31;5;150,3;null;null;207,1;5,076087;12;105,9;null;32,935484;25,508387;18,729032;67,096774;7;1,73913;null;null;
1993-02-28;32;92,9;null;null;166,4;5,880952;11;110,6;null;32,6;25,65;19,678571;72,821429;7;1,305952;null;null;
1993-03-31;null;null;null;null;null;null;null;0;null;null;null;null;null;null;null;null;null;
1993-04-30;null;null;null;null;null;null;null;null;null;null;null;null;null;null;null;null;null;
1993-05-31;null;null;null;null;null;null;null;null;null;null;null;null;null;null;null;null;null;
1993-06-30;null;null;null;null;null;null;null;null;null;null;null;null;null;null;null;null;null;
1993-07-31;null;null;null;null;null;null;null;null;null;null;null;null;null;null;null;null;null;
1993-08-31;null;null;null;null;null;null;null;null;null;null;null;null;null;null;null;null;null;
1993-09-30;null;null;null;null;null;null;null;null;null;null;null;null;null;null;null;null;null;
1993-10-31;null;null;null;null;null;null;null;null;null;null;null;null;null;null;null;null;null;
1993-11-30;5;230,8;null;null;194,9;5,224719;5;43,8;null;35,793333;28,094667;20,14;53,25;7;1,966292;null;null;
1993-12-31;5;152,6;null;null;111,6;6,322581;10;88,6;null;33,419355;26,578065;19,4;65,129032;7;1,645161;null;null;
1994-01-31;32;90,3;null;null;154,2;6,354839;13;153,5;null;31,780645;25,423226;19,012903;75,112903;5;1,258065;null;null;
1994-02-28;5;51,7;null;null;130,7;7,25;15;215,1;null;30,242857;24,541429;19,271429;83,160714;3;1,119048;null;null;
1994-03-31;5;63;null;null;191,5;6,129032;18;172,8;null;31,129032;24,828387;18,909677;80,693548;7;1,172043;null;null;
1994-04-30;5;94,1;null;null;235,2;4,355556;7;119,9;null;32,486667;25,602;19,096667;75,508333;3;1,144444;null;null;
1994-05-31;null;null;null;null;null;null;null;0;null;null;null;null;null;null;null;null;null;
1994-06-30;null;null;null;null;null;null;null;null;null;null;null;null;null;null;null;null;null;
1994-07-31;null;null;null;null;null;null;null;null;null;null;null;null;null;null;null;null;null;
1994-08-31;null;null;null;null;null;null;null;null;null;null;null;null;null;null;null;null;null;
1994-09-30;null;null;null;null;null;null;null;null;null;null;null;null;null;null;null;null;null;
1994-10-31;null;null;null;null;null;null;null;null;null;null;null;null;null;null;null;null;null;
1994-11-30;null;null;null;null;null;null;null;null;null;null;null;null;null;null;null;null;null;
1994-12-31;null;null;null;null;null;null;null;null;null;null;null;null;null;null;null;null;null;
1995-01-31;5;111,2;null;null;202,5;5,804348;12;106,8;null;32,367742;25,685161;18,541935;71,83871;3;1,195652;null;null;
1995-02-28;5;59,2;null;null;131;7,25;16;163,4;null;30,257143;24,548571;19,114286;83,017857;3;1,02381;null;null;
1995-03-31;5;86,5;null;null;219,8;5,473118;10;129,9;null;31,8;25,451613;18,793548;81,653226;3;1,043011;null;null;
1995-04-30;5;75,6;null;null;207,3;5,1;7;168,2;null;31,58;25,476;19,273333;82,441667;5;1,177778;null;null;
1995-05-31;5;84;null;null;205,2;5,462366;10;92,5;null;31,896774;25,547097;19,425806;81,709677;5;1,188172;null;null;
1995-06-30;5;145;null;null;282,6;3,244444;0;0;null;32,286667;24,577333;16,073333;67,458333;8;2,02;null;null;
1995-07-31;null;null;null;null;null;null;null;0;null;null;null;null;null;null;null;null;null;
1995-08-31;5;305,4;null;null;335,8;1,741935;0;0;null;35,709677;27,163871;16,432258;49,83871;7;2,806452;null;null;
1995-09-30;5;333,5;null;null;303,1;2,377778;0;0;null;37,48;29,237333;18,753333;48,983333;7;2,711111;null;null;
1995-10-31;5;291,8;null;null;277,4;3,817204;5;61,4;null;36,890323;28,732903;18,748387;55,427419;7;1,731183;null;null;
1995-11-30;5;161,9;null;null;209;6,311111;9;183,9;null;33,406667;26,635333;19,126667;70,025;7;1,6;null;null;
1995-12-31;5;86,5;null;null;126,3;6,344086;11;142,6;null;30,890323;25,058065;18,187097;81,403226;3;1,064516;null;null;
1996-01-31;5;78,4;null;null;196,7;5,569892;11;107,4;null;31,309677;24,949677;18,554839;81,274194;5;1,064516;null;null;
1996-02-29;5;75,9;null;null;191,9;5,149425;9;70,6;null;31,557143;25,08;18,35;81,12931;5;1,091954;null;null;
1996-03-31;5;47,2;null;null;122,4;7,193548;16;180,2;null;30,464516;24,274839;18,56129;86,145161;1,2;1,002151;null;null;
1996-04-30;5;55,4;null;null;164,1;5,8;12;117,8;null;30,506667;24,473333;18,1;84,725;3;1,022222;null;null;
1996-05-31;5;98,4;null;null;260,9;3,55914;5;83,8;null;32,122581;24,847742;16,625806;null;3;1,150538;null;null;
1996-06-30;5;191,3;null;null;285,5;3,311111;0;0;null;33,186667;24,47;14,376667;null;7;1,733333;null;null;
1996-07-31;5;260,5;null;null;null;2,397849;0;0;null;34,206452;24,924516;13,222581;null;7;2,247312;null;null;
1996-08-31;5;319,9;null;null;295;3;0;0;null;35,864516;27,246452;15,754839;null;7;2,72043;null;null;
1996-09-30;5;374,9;null;null;294,2;3,5;0;0;null;37,353333;28,972;17,88;null;7;3,222222;null;null;
1996-10-31;5;215,3;null;null;233,2;5,591398;9;166,1;null;35,058065;27,090323;18,309677;null;7;2,182796;null;null;
1996-11-30;5;113,8;null;null;168,9;7,133333;17;221,4;null;32,033333;25,706667;19,24;76,925;7;1,777778;null;null;
1996-12-31;5;166,1;null;null;157,1;1,870968;10;84,4;null;33,916129;26,19871;17,483871;69,927419;7;1,731183;null;null;
1997-01-31;32;53,9;null;null;103,2;7,920455;14;184,5;null;29,882759;24,169655;18,055172;null;3;1,181818;null;null;
1997-02-28;5;122,2;null;null;235,8;4,597561;9;44,4;null;33,278571;25,705714;17,957143;null;3;1,341463;null;null;
1997-03-31;32;89,1;null;null;144,5;7,977011;19;323,7;null;30,83871;24,892903;19,451613;null;5;1,55914;null;null;
1997-04-30;5;95,1;null;null;225,9;5,244444;8;111,7;null;31,906667;25,211333;18,423333;null;3;1,222222;null;null;
1997-05-31;5;115,8;null;null;250,9;4,010753;2;2,9;null;31,470968;24,672258;18,225806;null;5;1,387097;null;null;
1997-06-30;5;163;null;null;296,8;2,133333;2;8,8;null;33,34;24,545333;16,013333;null;7;1,844444;null;null;
1997-07-31;5;242,7;null;null;291,5;2,731183;1;1;null;33,612903;24,978065;14,722581;null;7;2,333333;null;null;
1997-08-31;5;311,7;null;null;313,5;3,021505;0;0;null;35,587097;27,366452;17,464516;null;7;2,462366;null;null;
1997-09-30;5;313,8;null;null;276,9;3,588889;1;2,3;null;37,593333;29,902667;21,266667;49,181034;7;1,555556;null;null;
1997-10-31;5;253,7;null;null;249,1;4,268817;4;103,2;null;35,980645;29,131613;22,322581;58,787037;5;1,688172;null;null;
1997-11-30;5;231;null;null;245,1;4,411111;2;14,7;null;35,946667;28,191333;21,093333;58,758333;5;1,711111;null;null;
1997-12-31;32;109,5;null;null;103,8;6,252747;12;123,2;null;32,766667;26,430667;21,826667;76,566667;5;1,285714;null;null;
1998-01-31;32;86;null;null;158,7;6,445652;14;184,8;null;31,941935;26,031613;21,541935;81,104839;7;1,152174;null;null;
1998-02-28;32;111,9;null;null;212,4;5,428571;7;110;null;33,821429;27,041429;22,035714;77,616071;3;1,216667;null;null;
1998-03-31;5;71,8;null;null;162,5;5,848485;7;95;null;34,26;27,338;22,516129;78,5;5;1,181818;null;null;
1998-04-30;5;212,6;null;null;275,6;3,833333;1;3,6;null;37,493333;29,508;22,473333;60,866667;3;1,444444;null;null;
1998-05-31;5;230,3;null;null;277,1;4,246575;3;74,6;null;35,56129;28,152258;21,129032;null;5;2,03871;null;null;
1998-06-30;14;295,6;null;null;282,2;3,925373;0;0;null;35,373333;27,748667;19,543333;null;5;2,533333;null;null;
1998-07-31;5;320;null;null;291,5;3,681159;0;0;null;36,051613;28,3;20,583871;null;5;2,290323;null;null;
1998-08-31;5;382,2;null;null;312,2;3,032787;0;0;null;37,090323;28,96129;20,445161;null;5;2,413043;null;null;
1998-09-30;5;414,5;null;null;309;3,355932;0;0;null;38,4;30,442667;21,793333;null;7;2,296667;null;null;
1998-10-31;5;389,7;null;null;270,6;3,891304;1;1,5;null;38,6;30,952903;22,609677;null;5;2,010753;null;null;
1998-11-30;32;184,3;null;null;145,4;7,677778;10;59,1;null;34,053333;27,272667;22,526667;null;5;1,311111;null;null;
1998-12-31;5;155,8;null;null;115,6;6,419355;8;59,7;null;33,503226;26,604516;21,509677;null;5;1,301075;null;null;
1999-01-31;32;112;null;null;162,1;7,043011;12;99,8;null;31,464516;25,936774;21,2;null;5;1,322581;null;null;
1999-02-28;32;79,3;null;null;154,7;6,428571;17;214,5;null;31,342857;25,465714;21,35;null;5;1,145238;null;null;
1999-03-31;32;69,3;null;null;183,3;6,623656;15;196;null;31,754839;25,477419;21,464516;null;3;1,021505;null;null;
1999-04-30;5;129,8;null;null;247,4;4,133333;4;18,5;null;33,813333;26,334667;20,76;70,95;3;1,288889;null;null;
1999-05-31;5;153,3;null;null;213,1;4,774194;6;52,7;null;33,296774;26,135484;20,174194;null;5;1,430108;60;null;
1999-06-30;5;245;null;null;289,3;3,144444;0;0;null;35,306667;26,113333;18,073333;null;5;1,666667;60;null;
1999-07-31;14;314,3;null;null;301,8;2,225806;0;0;null;34,63871;27,025806;19,051613;null;7;2,483871;60;null;
1999-08-31;5;372,9;null;null;312,9;2,580645;0;0;null;35,690323;27,814194;19,703226;null;5;2,612903;60;null;
1999-09-30;5;352,7;null;null;267,2;3,377778;3;9,7;null;36,786667;28,852;19,853333;null;5;2,022222;null;null;
1999-10-31;5;337,4;null;null;262,8;4,387097;8;88,7;null;36,380645;29,094194;22,03871;48,266129;9;2,397849;60;null;
1999-11-30;5;152,6;null;null;183,6;6,533333;11;247,1;null;33,32;26,869333;21,566667;73,666667;5;1,644444;null;null;
1999-12-31;32;109;null;null;102,4;6,44086;16;159,1;null;30,916129;25,437419;21,412903;81,435484;5;1,365591;60;null;
2000-01-31;32;86;null;null;204;6,387097;11;213,1;null;31,3625;25,603871;21,284848;82,870968;5;1,387097;60;null;
2000-02-29;32;83,1;null;null;186,6;6,873563;17;281,6;null;31,613793;25,708966;21,426316;82,017241;5;1,206897;null;null;
2000-03-31;32;80,2;null;null;188,3;6,55914;11;134,4;null;31,05;25,194839;21,114286;83,354839;7;1,346237;null;null;
2000-04-30;5;78,5;null;null;192,7;6,322222;12;95,7;null;31,533333;25,497333;21,575;82,816667;5;1,266667;null;null;
2000-05-31;5;154,8;null;null;267;4;1;3,5;null;32,929032;25,419355;19,451613;75,5;5;1,430108;null;null;
2000-06-30;5;192,1;null;null;267,3;3,8;1;1,2;null;33,56;25,428;18,793333;68,166667;null;null;null;null;
2000-07-31;14;261,1;null;null;292,4;3,268817;0;0;null;34,39375;25,332903;17,9375;63,314516;null;null;null;null;
2000-08-31;14;331,9;null;null;310,7;2,580645;0;0;null;36,103226;27,602581;19,051613;51,266129;null;null;null;null;
2000-09-30;5;377,4;null;null;255,2;4,366667;0;0;null;36,7;29,183704;21,606667;49,725;null;null;null;null;
2000-10-31;5;null;null;null;247,1;4,774194;null;20;null;37,303226;29,785806;22,516129;49,806452;null;null;null;null;
2000-11-30;5;null;null;null;211,2;5,533333;null;91,9;null;33,946667;26,802667;21,646667;71,166667;null;null;null;null;
2000-12-31;5;null;null;null;116,6;6,548387;null;146,9;null;31,651613;25,717419;21,4;79,306452;null;null;null;null;
2001-01-31;32;null;null;null;205,4;5,967742;null;114,2;null;32,419355;25,44;20,367742;76,403226;null;null;null;null;
2001-02-28;32;null;null;null;139,7;6,464286;null;140,8;null;31,128571;24,694286;20,657143;83,705357;null;null;null;null;
2001-03-31;32;null;null;null;164,5;6,752688;null;159,4;null;31,296774;25,135484;20,96129;82,637097;null;null;null;null;
2001-04-30;5;135,9;null;null;202,9;5,288889;9;64,8;null;32,56;25,398667;20,258065;78,558333;null;null;null;null;
2001-05-31;null;null;null;null;null;null;null;null;null;null;null;null;null;null;null;null;null;
2001-06-30;5;null;null;null;263,1;4,05618;null;1,5;null;34,553333;26,849333;19,733333;58,458333;null;null;null;null;
2001-07-31;5;null;null;null;295,6;3,107527;null;0;null;35,058065;27,028387;18,935484;51,975806;null;null;null;null;
2001-08-31;5;null;null;null;315,9;2,258065;null;0;null;35,490323;27,861935;20,303226;47,225806;null;null;null;null;
2001-09-30;5;null;null;null;283,8;4,255556;0;0;null;37,153333;29,408;21,673333;44,833333;null;null;null;null;
2001-10-31;5;309,3;null;null;246,5;5,774194;3;114;null;35,80625;29,007742;22,574194;52,266129;7;1,804348;null;null;
2001-11-30;5;null;null;null;205,9;5,844444;0;0;null;34,12;27,630667;22,413333;65,691667;null;null;null;null;
2001-12-31;5;null;null;null;133,8;6,11828;0;0;null;32,46129;26,14129;21,767742;76,217742;null;null;6,595506;null;
2002-01-31;32;null;null;null;171,6;7,269841;0;0;null;31,264516;null;21,425806;null;null;null;null;null;
2002-02-28;5;null;null;null;254,2;4,746988;0;0;null;34,385714;27,182143;21,171429;67,712963;null;null;null;null;
2002-03-31;5;null;null;null;186,2;6,569892;0;0;null;33,56129;26,646452;21,574194;72,491935;null;null;null;null;
2002-04-30;5;null;null;null;214,6;5,377778;0;0;null;33,34;26,209333;20,9;71,408333;null;null;null;null;
2002-05-31;5;null;null;null;262,1;4,010753;0;0;null;34,832258;27,016842;20,442105;60,241935;null;null;null;null;
2002-06-30;5;null;null;null;246,4;3,877778;0;0;null;34,753333;null;null;52,8;null;null;null;null;
2002-07-31;5;307;null;null;299,3;3,225806;0;0;null;35,722581;null;null;45,620968;5;1,891304;null;null;
2002-08-31;5;null;null;null;320,7;1,784946;0;0;null;36,387097;28,414286;20,604762;37,935484;null;null;null;null;
2002-09-30;5;null;null;null;274,4;4,032787;null;30,4;null;36,713333;null;21,046667;null;null;null;7,727273;null;
2002-10-31;null;null;null;null;null;null;null;null;null;null;null;null;null;null;null;null;null;
2002-11-30;5;289,6;null;null;246,2;4,741573;4;33,4;null;36,526667;29,126667;21,78125;51,391667;5;1,840909;null;null;
2002-12-31;32;null;null;null;118,7;6,451613;null;182,7;null;33,522581;27,109677;22,303226;70,782258;null;null;null;null;
2003-01-31;32;91,4;146,274743;146,274743;184,8;5,494624;13;185,5;null;32,141935;25,913333;21,380645;80,008065;7;1,23913;null;null;
2003-02-28;32;103,7;131,042757;131,042757;150,3;6,166667;11;166,2;null;32,007143;25,958571;21,442857;77,678571;5;1,238095;null;null;
2003-03-31;32;82,2;140,342832;140,342832;184,1;5,83871;10;133,9;null;31,451613;25,51871;21,451613;82,612903;3;1,021505;null;null;
2003-04-30;32;111,7;135,09912;135,09912;240,2;4,733333;8;62;null;33,226667;26,014667;20,88;76,517857;3;1,111111;null;null;
2003-05-31;5;171,3;null;null;246;4,430108;4;49;null;33,883871;26,910667;20,883871;73,370968;5;1,365591;null;null;
2003-06-30;5;254,7;133,181929;100;282,5;3,477778;0;0;null;34,78;26,602667;18,673333;65,733333;5;1,577778;null;null;
2003-07-31;5;319,3;135,86576;0;308,8;2,795699;0;0;null;34,612903;26,502667;18,277419;60,591667;5;1,695652;null;null;
2003-08-31;5;342,9;146,273517;4,4;303,5;3,586957;3;4,4;null;36,819355;28,571613;20,419355;45,677419;9;1,989247;null;null;
2003-09-30;5;369,6;null;null;288,6;3,522222;2;29,7;null;37,3;29,149333;21,04;50,1;5;2;63,146067;null;
2003-10-31;5;369,7;null;null;268,7;4,271739;3;18,6;null;37,096774;29,863871;22,648387;46,861111;7;1,934783;null;null;
2003-11-30;5;246,1;null;null;244;4,844444;5;91,5;null;35,6;28,609655;22,1;57,896552;7;1,666667;null;null;
2003-12-31;32;145,9;null;null;150,3;5,44086;8;78,9;null;34,270968;27,44;21,906667;67,435484;7;1,333333;null;null;
2004-01-31;32;87,6;null;null;105,8;8,096774;23;542,2;null;30,967742;25,661333;21,56129;80,741667;3;1,129032;null;null;
2004-02-29;32;78,7;null;null;187,7;6,666667;13;232,8;null;31,303448;25,618571;21,4;80,232759;3;1,142857;null;null;
2004-03-31;32;99,7;null;null;224;4,924731;5;64,5;null;32,490323;26,259355;21,451613;null;3;1,129032;null;null;
2004-04-30;5;141,1;null;null;256,1;3,788889;6;82,8;null;33,366667;26,46;20,726667;71,034483;3;1,377778;null;null;
2004-05-31;5;189,5;null;null;292,5;3,408602;0;0;null;34,129032;26,491613;19,748387;66,6;5;1,473118;null;null;
2004-06-30;5;244,5;null;null;284,2;3,411111;0;0;null;33,88;26,018571;18,64;58,091667;7;2;null;null;
2004-07-31;5;263;null;null;291;2,988636;null;0;null;34,533333;26,853571;18,662069;null;5;2,05618;null;null;
2004-08-31;5;341,2;null;null;288,5;2,538462;0;0;null;36,119355;28,26;19,619355;39,35;5;2,282609;null;null;
2004-09-30;5;395,1;null;null;297,1;2,5;0;0;null;37,446667;29,809333;21,14;32,026316;7;2,622222;null;null;
2004-10-31;32;319,3;null;null;268,9;4,709677;3;89,6;null;36,880645;29,626667;22,11;46,427419;7;2,152174;null;null;
2004-11-30;5;259,1;null;null;230,2;5,155556;5;78,9;null;35,506667;28,660667;21,896667;54,275862;5;1,764045;null;null;
2004-12-31;32;122,1;null;null;132,3;6,344086;8;116,7;null;33,993548;26,738065;20,980645;70,05;5;1,172043;null;null;
2005-01-31;32;63,5;null;null;178,6;6,032258;12;206,6;null;31,829032;26,087097;21,290323;75,116667;3;1,322581;null;null;
2005-02-28;32;83,8;null;null;174;6,27381;10;205,2;null;32,057143;26,157143;21,642857;78,223214;5;1,309524;null;null;
2005-03-31;32;54,6;null;null;156;6,741935;15;168,5;null;31,458065;25,818065;22,090323;81,653226;5;1,107527;null;null;
2005-04-30;32;72,6;null;null;209,1;6,077778;12;144,6;null;32,303333;26,171333;21,266667;77,216667;5;1,311111;null;null;
2005-05-31;5;79,6;null;null;226,9;5,645161;4;25,5;null;32,03871;25,597419;20,606452;77,016667;5;1,602151;null;null;
2005-06-30;5;150;null;null;258,2;4,5;0;0;null;33,12;25,597333;18,713333;null;7;1,822222;null;null;
2005-07-31;5;286,8;null;null;306,1;3,376344;0;0;null;34,380645;26,243871;17,864516;null;5;2,354839;null;null;
2005-08-31;5;351,5;null;null;314,8;3,655914;0;0;null;36;27,546667;19,335484;48,346774;9;3,043011;null;null;
2005-09-30;5;391,3;null;null;275;3,3;1;10;null;37,544828;29,524138;21,08;41,925;7;2,422222;null;null;
2005-10-31;5;411;null;null;292,6;4,268817;1;3;null;38,135484;30,535484;22,354839;null;7;2,72043;null;null;
2005-11-30;5;269,4;null;null;213,5;5,866667;5;118,4;null;35,5;29,125714;22,186667;52,758333;7;2,022222;null;null;
2005-12-31;5;162;null;null;111,4;6,666667;7;76,5;null;32,890323;26,503226;21,006452;71,314516;5;1,451613;null;null;
2006-01-31;5;267,6;null;null;255,3;4,806452;2;15,6;null;36,56129;28,730968;21,551613;55,133333;7;2;null;null;
2006-02-28;5;77,3;null;null;140,2;8,083333;15;170,5;null;31,171429;25,484286;21,071429;81,75;7;1,333333;null;null;
2006-03-31;32;80,5;null;null;152,3;7,817204;12;137,5;null;31,354839;25,652903;21,432258;83,370968;5;1,344086;null;null;
2006-04-30;5;58,7;null;null;147,1;7,877778;15;344,7;null;30,86;25,538667;21,613333;83,991667;5;1,288889;null;null;
2006-05-31;5;110,5;null;null;251;5,268817;5;34,5;null;31,864516;25,56;20,251613;75,209677;7;1,365591;null;null;
2006-06-30;5;178,6;126,463391;2,9;274,9;4,511111;0;0;null;32,2;24,784;17,866667;null;7;1,808989;null;null;
2006-07-31;5;248,8;134,7642;0;293,8;3,946237;0;0;null;33,825806;25,852903;17,16129;53,580645;7;2,268817;null;null;
2006-08-31;5;371,7;141,815598;0;332,7;2,731183;0;0;null;35,83871;27,423226;19;39,308333;7;3,129032;null;null;
2006-09-30;5;336,1;143,816213;34,2;285,5;4,088889;3;56,6;null;36,413333;null;null;41,208333;7;2,444444;null;null;
2006-10-31;5;269,9;132,921167;81,8;208,9;6,139785;6;81,9;null;35,141935;null;null;58,177419;7;2,182796;null;null;
2006-11-30;5;179,2;145,265516;79,3;227,6;5,477778;5;79,3;null;33,946667;27,051818;21,822727;62,85;7;2;null;null;
2006-12-31;5;188,4;153,287279;38,1;154,1;5,763441;11;38,7;null;34,490323;27,823226;22,148387;63,064516;7;1,860215;null;null;
2007-01-31;5;179;154,655804;72,1;215,5;5,27957;12;72,1;null;34,883871;28,039355;22,332258;63,133333;7;1,602151;null;null;
2007-02-28;5;71,9;135,539982;135,539982;160,1;7,547619;14;257,9;null;31,671429;25,654286;21,714286;79,625;5;1,785714;null;null;
2007-03-31;5;87,8;141,485216;114;237,3;5,247312;4;14;null;33,7;26,685806;20,716129;67,645161;7;1,967742;null;null;
2007-04-30;5;125,9;137,26029;86,6;227,6;5,511111;5;86,6;null;33,926667;26,746667;20,633333;67,916667;7;1,822222;null;null;
2007-05-31;5;226,5;141,231713;0;292,6;3,795699;0;0;null;35,748387;28,06129;21,003226;51,677419;5;2,505376;null;null;
2007-06-30;5;296,8;134,641359;0;279,3;3,111111;0;0;null;34,78;26,954;18,83;46,033333;7;3,314607;null;null;
2007-07-31;5;323,3;142,439561;0;315,8;2,956989;0;0;null;35,845161;27,946452;19,719355;41,379032;7;2,741935;null;null;
2007-08-31;5;390,3;139,964412;0;317,6;2,172043;0;0;null;35,541935;27,885161;20,732258;40,879032;7;3,580645;null;null;
2007-09-30;5;414,4;146,416567;0;290;3,122222;0;0;null;36,913333;29,338667;22,706667;35,858333;9;3,688889;null;null;
2007-10-31;5;431,4;155,175431;2,4;282;4,268817;1;2,4;null;38,070968;30,664516;23,451613;35,475806;7;3,301075;null;null;
2007-11-30;5;306,2;146,406118;94,2;239,2;5,425287;7;92,8;null;36,675862;29,684138;23,358621;50,732143;7;2,643678;null;null;
2007-12-31;5;111,5;147,01118;18,1;222,6;6,053763;8;181,1;null;33,519355;27,035484;21,270968;64,766129;5;2,354839;null;null;
2008-01-31;32;127,8;148,07826;128,8;172,2;6,967742;13;128,8;null;32,741935;26,436129;21,412903;72,370968;7;2,311828;null;null;
2008-02-29;5;97;134,281166;102;186,6;7,126437;12;101,8;null;31,565517;25,662759;21,368966;79,258621;5;2,08046;null;null;
2008-03-31;5;62,8;133,696542;133,696542;125;8,150538;19;404;null;29,554839;24,632258;21,122581;85,774194;7;2,182796;null;null;
2008-04-30;5;85,4;131,011465;131,011465;187,4;6,033333;14;122,6;null;31,013333;25,204;21,42;82,830357;5;1,58427;null;null;
2008-05-31;14;148,7;131,590648;93,288535;261,2;4,580645;3;15;null;32,419355;25,521935;20,551613;71,366667;7;2,16129;null;null;
2008-06-30;14;236,1;126,814485;0;299,1;2,744444;0;0;null;33,003333;24,86;17,723333;null;7;2,822222;null;null;
2008-07-31;5;311,8;null;null;301,6;3,075269;null;null;null;33,23871;25,60129;17,722581;49,33871;7;4,247312;null;null;
2008-08-31;5;370,9;140,422541;0;277,7;3,590361;0;0;null;35,464286;27,955714;20,575;39,203704;7;3,482759;null;null;
2008-09-30;5;480,3;147,995091;2,5;297,3;3,355556;1;2,5;null;37,726667;29,58;22,296667;36,065789;9;3,539326;null;null;
2008-10-31;5;557,7;154,465763;2;297;4,354839;1;2;null;38,045161;30,507097;23,851613;37,040323;7;4,043011;null;null;
2008-11-30;32;315,5;152,084398;69,2;189,1;6,3;6;69,2;null;35,796667;29,292667;23,42;52,691667;7;2,511111;null;null;
2008-12-31;5;172,4;145,790984;145,790984;201,4;7,150538;11;177,4;null;33,296774;26,693548;21,951613;71,442308;7;2,075269;null;null;
2009-01-31;23;149,5;143,719804;143,719804;223,3;5,860215;10;164,7;null;32,296774;26,145806;21,116129;null;5;2,11828;null;null;
2009-02-28;5;86;128,229379;128,229379;157,3;6,952381;10;147,2;null;31,157143;25,340714;21,175;81,897727;5;1,571429;null;null;
2009-03-31;5;99,5;null;null;182,9;6,666667;12;109,4;null;32,212903;25,819355;21,509677;80,775;5;1,580645;null;null;
2009-04-30;32;65,7;null;null;136,2;7,011111;15;243,6;null;30,64;25,512;22,186667;84,2;3;1,466667;null;null;
2009-05-31;32;72,1;null;null;182;6,55914;11;192,6;null;31,154839;25,301935;21,470968;80,33871;5;1,494624;null;null;
2009-06-30;14;165,7;127,950731;49,683107;275,1;4,066667;1;23,8;null;32,393333;25,049333;19,246667;69,041667;7;1,831461;null;null;
2009-07-31;5;308,1;133,285931;10,393956;312,7;3,064516;0;0;null;34,554839;26,211613;18,212903;50,790323;7;2,956522;null;null;
2009-08-31;14;414,4;140,341125;20,429745;null;3,172043;1;17,8;null;35,993548;28,06;20,364516;42,427419;7;3,347826;null;null;
2009-09-30;5;475,7;128,250541;,790004;280,7;3,744444;0;0;null;38,253333;30,568966;22,58;36,266667;7;3,363636;null;null;
2009-10-31;5;259,8;148,082731;148,082731;207,1;6,741935;10;193,1;null;35,109677;28,570968;23,119355;60,066667;9;2,053763;null;null;
2009-11-30;5;249,9;148,97341;52,491557;236,1;4,888889;1;19,6;null;35,286667;28,258333;22,536667;58,316667;7;2,4;null;null;
2009-12-31;5;113,8;146,555114;146,555114;164,2;7,27957;12;257,5;null;31,587097;26,154839;22,129032;77,193548;7;1,623656;null;null;
2010-01-31;5;148,8;145,274882;121,339496;223,6;6,11828;7;70,8;null;32,787097;26,618065;21,825806;72,685484;5;1,795699;null;null;
2010-02-28;5;147,2;141,979484;98,714265;150,6;6,753086;12;76,8;null;34,177778;27,368889;22,878571;72,160714;7;2;null;null;
2010-03-31;5;114,9;145,542426;145,542426;194,7;6,408602;12;214;null;33,077419;26,974194;22,8;77,072581;7;1,666667;null;null;
2010-04-30;5;107,6;135,84365;135,84365;230;5,555556;12;198,2;null;32,733333;26,439333;22,236667;77,508333;5;1,4;null;null;
2010-05-31;5;190,3;138,298094;98,370546;306,9;3,72043;2;33,4;null;35,541935;27,597419;21,303226;63,791667;5;1,623656;null;null;
2010-06-30;14;291,1;136,399587;26,074621;270,4;4,222222;0;0;null;34,773333;27,524667;21,03;52,458333;7;2,820225;null;null;
2010-07-31;14;351,4;136,609375;6,670442;316,8;3,344086;0;0;null;34,903226;27,572258;20,151613;46,580645;7;3,609677;null;null;
2010-08-31;14;418,8;141,824416;1,731251;null;2,505376;0;0;null;36,090323;28,205;20,656667;40,782258;9;3,565217;null;null;
2010-09-30;14;439,8;147,87631;,427069;311,5;3,311111;0;0;null;37,286667;29,867333;22,663333;40,108333;7;3;null;null;
2010-10-31;5;346,5;153,172702;22,791875;234,7;5,55914;3;22,7;null;36,870968;29,974839;23,532258;49,75;7;2,706522;null;null;
2010-11-30;5;260,1;150,840428;54,821108;226,5;5,517647;7;113,6;null;36,14;28,988;22,966667;58,35;5;2,2;null;null;
2010-12-31;5;161,1;145,77014;136,301183;161,4;7,258065;11;136,3;null;32,767742;26,776774;21,574194;71,387097;7;1,623656;null;null;

