Nome: PORTO PLATON
Codigo Estacao: 82095
Latitude: 0.7
Longitude: -51.45
Altitude: 83
Situacao: Desativada
Data Inicial: 1981-01-01
Data Final: 1993-01-30
Periodicidade da Medicao: Mensal

Data Medicao;DIRECAO PREDOMINANTE DO VENTO, MENSAL(° (gr));EVAPORACAO DO PICHE, MENSAL(mm);EVAPOTRANSPIRACAO POTENCIAL, BH MENSAL(mm);EVAPOTRANSPIRACAO REAL, BH MENSAL(mm);INSOLACAO TOTAL, MENSAL(h);NEBULOSIDADE, MEDIA MENSAL(décimos);NUMERO DE DIAS COM PRECIP. PLUV, MENSAL(número);PRECIPITACAO TOTAL, MENSAL(mm);PRESSAO ATMOSFERICA, MEDIA MENSAL(mB);TEMPERATURA MAXIMA MEDIA, MENSAL(°C);TEMPERATURA MEDIA COMPENSADA, MENSAL(°C);TEMPERATURA MINIMA MEDIA, MENSAL(°C);UMIDADE RELATIVA DO AR, MEDIA MENSAL(%);VENTO, VELOCIDADE MAXIMA MENSAL(m/s);VENTO, VELOCIDADE MEDIA MENSAL(m/s);VISIBILIDADE, MEDIA MENSAL(codigo);
1981-01-31;5;85,1;null;null;85,8;,909677;22;276,3;null;30,883871;25,095484;21,035484;85,6625;7;1,301075;null;null;
1981-02-28;5;71,8;null;null;119,3;,879762;20;167;null;30,971429;25,461429;21,335714;86,880952;9;1,488095;null;null;
1981-03-31;5;138,1;null;null;183;,802151;null;118,9;null;32,154839;25,986452;21,374194;83,59375;9;2,11828;39,464286;null;
1981-04-30;5;45,9;null;null;123,3;,838889;25;296,1;null;null;null;22,94;90,836957;7;1,388889;30,652174;null;
1981-05-31;0;50,2;null;null;110,3;,852688;28;312,8;null;null;null;22,43871;90,310345;7;1,236559;31,37931;null;
1981-06-30;5;82,6;null;null;179,3;,788889;21;98,4;null;null;null;22,173333;84,368421;9;1,655556;null;null;
1981-07-31;0;84,8;null;null;197,8;,819355;26;287,9;null;30,745833;24,906667;21,6;88,169643;5;1,013978;52,413793;null;
1981-08-31;5;119,1;null;null;227,7;,766667;null;51,3;null;32,596774;26,14129;22,274194;85,31;7;1,677419;57;null;
1981-09-30;5;134,7;null;null;224,8;,675556;15;73;null;32,73;26,303333;22,293333;79,941667;7;1,833333;59,333333;null;
1981-10-31;5;191,5;null;null;237,6;,727957;null;24,8;null;33,764516;26,930323;22,170968;73,709677;9;1,806452;59,516129;null;
1981-11-30;5;190,5;null;null;208,3;,678889;null;49;null;33,99;27,25;22,336667;72,616667;7;2,311111;59,5;null;
1981-12-31;5;154,7;null;null;144,7;,773118;16;105,2;null;31,983871;26,374194;22,622581;80,322917;7;2,075269;57,2;null;
1982-01-31;5;60,2;null;null;73,4;,883871;30;457,6;null;29,603226;24,809677;22,351613;91,543478;7;1,139785;53,913043;null;
1982-02-28;null;52,8;null;null;77,8;,827381;25;352,1;null;30,185714;24,835;22,103571;92,486111;3;1,166667;null;null;
1982-03-31;5;53,7;null;null;79,3;,801075;27;387,5;null;29,245161;24,883871;22,558065;92,307692;3;,855914;57,962963;null;
1982-04-30;5;51,6;null;null;94,8;,761111;27;295,6;null;29,683333;25,093333;22,713333;93,579545;3;1,206667;null;null;
1982-05-31;5;43,9;null;null;112,4;,760215;29;379,6;null;29,806452;25,154194;22,551613;93,211538;2;1,139785;58,461538;null;
1982-06-30;5;61,5;null;null;196,8;,648889;18;149,7;null;31,396667;25,438;22,096667;89,314815;2,6;1,117778;59,62963;null;
1982-07-31;5;74,5;null;null;188,8;,630108;19;158;null;31,416129;25,540645;21,7;82,666667;3;1,247312;59,62963;null;
1982-08-31;5;79,5;null;null;199,1;,652688;null;137,6;null;32,506452;25,904516;21,890323;81,067308;3;1,322581;59,423077;null;
1982-09-30;5;null;null;null;221,6;,575556;null;25,8;null;33,57;26,676;22,14;75,4;3;1,895556;58;null;
1982-10-31;5;136,7;null;null;235,7;,629032;null;44;null;34,103226;26,915484;22,154839;72,711538;7;2,311828;60;null;
1982-11-30;5;103,1;null;null;208;,622222;null;19,2;null;33,713333;26,95;22,31;73,706897;5;2,333333;59,655172;null;
1982-12-31;5;90,3;null;null;171,3;,680645;null;31;null;32,974194;26,650968;22,677419;77,543478;7;2,182796;58,26087;null;
1983-01-31;null;84,5;null;null;137,1;7,470968;21;240,4;null;31,190323;26,086452;22,822581;null;5;2,301075;null;null;
1983-02-28;null;69,9;null;null;133,5;7,25;19;182,4;null;31,717857;26,06;22,821429;null;3;1,809524;null;null;
1983-03-31;null;null;null;null;116,6;7,387097;27;319,6;null;31,274194;25,973548;23,183871;null;4;1,903226;null;null;
1983-04-30;null;74,2;null;null;130,8;6,355556;26;283,8;null;31,116667;26,315333;23;null;3;1,755556;null;null;
1983-05-31;null;null;null;null;216,5;6,731183;20;156,8;null;31,658065;26,632903;23,409677;null;3;2,010753;null;null;
1983-06-30;null;null;null;null;199,8;7,022222;21;310,9;null;31,806667;26,3;22,753333;null;3;1,688889;null;null;
1983-07-31;null;null;null;null;237;5,989247;16;106,8;null;31,832258;25,975484;22,025806;null;3;1,516129;null;null;
1983-08-31;null;91,1;null;null;220,7;6,354839;null;94,7;null;32,364516;26,376129;22,464516;null;3;1,666667;null;null;
1983-09-30;null;150,6;null;null;239,6;6,177778;null;6,1;null;33,423333;26,997333;22,433333;null;3;1,5;null;null;
1983-10-31;null;122,6;null;null;209,6;6,311828;null;12,8;null;34,090323;27,200645;22,048387;null;3;1,268817;null;null;
1983-11-30;null;157,6;null;null;149,9;6,688889;null;6,8;null;34,126667;27,32;22,383333;null;3;1,933333;null;null;
1983-12-31;null;130,8;null;null;156,5;7,032258;17;106;null;32,948387;26,634194;22,483871;null;3;2,064516;null;null;
1984-01-31;null;null;null;null;null;null;null;null;null;null;null;null;null;null;null;null;null;
1984-02-29;null;null;null;null;null;null;null;null;null;null;null;null;null;null;null;null;null;
1984-03-31;null;null;null;null;null;null;null;null;null;null;null;null;null;null;null;null;null;
1984-04-30;null;null;null;null;null;null;null;null;null;null;null;null;null;null;null;null;null;
1984-05-31;null;49,8;null;null;83,9;,821739;20;169,7;null;null;null;22,464516;null;4;1,51087;null;null;
1984-06-30;null;null;null;null;null;null;null;null;null;null;null;null;null;null;null;null;null;
1984-07-31;null;null;null;null;null;null;null;null;null;null;null;null;null;null;null;null;null;
1984-08-31;null;null;null;null;171,1;,695775;17;145,6;null;null;null;21,9625;null;9;2,859155;null;null;
1984-09-30;null;101,9;null;null;236;,683333;18;35,1;null;null;null;21,9;null;7;2,728889;null;null;
1984-10-31;null;141;null;null;225,1;,654839;12;84,6;null;null;null;22,46129;null;9;2,870968;null;null;
1984-11-30;null;110,3;null;null;214,6;,652222;16;77;null;33,07;26,773333;22,573333;null;9;2,811111;null;null;
1984-12-31;null;117,7;null;null;184;,622581;13;88,6;null;32,632258;26,46129;22,616129;null;7;2,473118;null;null;
1985-01-31;null;47,6;null;null;66,9;,745161;23;311,1;null;29,996774;24,649677;21,474194;null;5;1,580645;null;null;
1985-02-28;null;47,8;null;null;65,3;,755952;22;198,8;null;29,525;24,347143;21,460714;null;5;2,071429;null;null;
1985-03-31;null;55,9;null;null;98;,768817;26;295,6;null;28,167742;24,690968;21,945161;null;5;1,569892;null;null;
1985-04-30;null;68,2;null;null;120,6;,758889;21;330,4;null;28,693333;25,056;21,386667;null;5;1,277778;null;null;
1985-05-31;null;42,5;null;null;96,2;,769892;28;419,4;null;28,367742;24,474194;21,596774;null;6;2;null;null;
1985-06-30;null;51,7;null;null;146,7;,698889;24;275,1;null;29,88;24,917333;21,2;null;5;1,644444;null;null;
1985-07-31;null;68,4;null;null;194,9;,719355;20;238,9;null;30,903226;24,765161;20,645161;null;6;1,870968;null;null;
1985-08-31;null;86;null;null;201,1;,654839;21;240;null;31,63871;25,5;20,929032;null;6;2,193548;null;null;
1985-09-30;null;104;null;null;239,7;,59;15;81,1;null;32,993333;26,294667;21,376667;null;5;2,1;null;null;
1985-10-31;null;129,2;null;null;246,7;,606452;9;76,6;null;33,851613;26,564516;21,36129;null;7;1,956989;null;null;
1985-11-30;null;98,8;null;null;177,9;,612222;15;259,2;null;31,993333;25,935333;21,453333;null;5;1,788889;null;null;
1985-12-31;null;62,2;null;null;98,5;,697849;25;257,6;null;29,174194;24,604516;21,067742;null;5;1,827957;null;null;
1986-01-31;5;61,9;null;null;85,6;7,822581;23;244,2;null;28,548387;24,485806;21,209677;89,008065;3;1,698925;60;null;
1986-02-28;null;null;null;null;null;null;null;null;null;null;null;null;null;null;null;null;null;
1986-03-31;null;null;null;null;null;null;null;null;null;null;null;null;null;null;null;null;null;
1986-04-30;5;54,3;null;null;91,3;null;24;390,9;null;29,673333;25,186667;22,553333;88,491667;9;2,483146;0;null;
1986-05-31;0;47,3;null;null;112,5;null;29;379,4;null;29,870968;25,365806;22,622581;90,693548;9;1,473118;0;null;
1986-06-30;0;48,5;null;null;120,9;null;26;263;null;29,613333;24,914;22,053333;91,008333;7;,844444;null;null;
1986-07-31;0;71,7;null;null;221,3;null;21;169,7;null;30,983871;25,163871;21,341935;86,604839;6;,806452;null;null;
1986-08-31;0;100,1;null;null;254,6;null;11;27,5;null;32,577419;26,130968;21,735484;83,145161;7;,956989;null;null;
1986-09-30;5;124,8;null;null;240,5;null;8;60,2;null;33,636667;27,026667;22,35;86,233333;6;1,566667;null;null;
1986-10-31;0;129,9;null;null;245,6;null;12;155,1;null;33,509677;26,843871;22,212903;75;6;,935484;null;null;
1986-11-30;0;104,8;null;null;180,3;null;13;258,3;null;32,143333;26,072;22,386667;79,8;8;1,1;null;null;
1986-12-31;0;117,3;null;null;179,4;null;17;159;null;31,758065;26,014839;22,63871;81,137097;8;,913978;null;null;
1987-01-31;0;63,7;null;null;113,3;null;29;277,5;null;29,929032;25,141935;22,574194;88,604839;8;,913978;null;null;
1987-02-28;0;61,8;null;null;124,2;null;21;277,5;null;30,471429;25,486429;22,332143;85,544643;8;,702381;null;null;
1987-03-31;0;70,5;null;null;141,5;null;22;178,2;null;30,767742;25,872903;22,622581;84,233871;6;,560215;null;null;
1987-04-30;0;60,2;null;null;105,5;null;25;448,8;null;30,02;25,837333;23,193333;89,191667;6;,655556;null;null;
1987-05-31;0;62,4;null;null;153,7;null;28;285,8;null;30,548387;25,849677;22,53871;88,629032;8;,408602;null;null;
1987-06-30;0;64,2;null;null;176,9;null;24;295,3;null;30,756667;25,74;22,213333;87,108333;4;,455556;null;null;
1987-07-31;0;58,4;null;null;211,7;null;23;164,3;null;31,448387;25,905161;22,293548;85,217742;6;,55914;null;null;
1987-08-31;0;109,6;null;null;245,1;null;17;139;null;32,303226;26,436774;22,429032;82,467742;4;,569892;null;null;
1987-09-30;0;135,2;null;null;244,1;null;7;112,9;null;33,256667;27,017333;22,41;77,058333;6;,822222;null;null;
1987-10-31;0;138;null;null;233,6;null;11;87,5;null;33,716129;27,136774;22,651613;76,814516;6;,892473;null;null;
1987-11-30;0;141;null;null;243,5;null;4;54,5;null;34,126667;27,482667;22,623333;73,325;6;1,166667;null;null;
1987-12-31;0;141,2;null;null;156,8;null;11;183,9;null;33,477419;27,018065;22,645161;78,951613;5;,752688;null;null;
1988-01-31;0;74;null;null;116,8;null;24;242,4;null;30,232258;25,44;22,622581;88,83871;8;,827957;null;null;
1988-02-29;0;50,5;null;null;109,9;null;21;306,2;null;29,988889;25,413077;22,711111;89,52;4;,5;null;null;
1988-03-31;null;79,1;null;null;101,3;null;22;317,4;null;30,167742;25,709677;22,422581;null;null;null;null;null;
1988-04-30;0;49,5;null;null;74,2;null;26;382,5;null;29,946667;25,858;23,06;88,116667;8;,775281;null;null;
1988-05-31;0;42,2;null;null;99;null;30;517,3;null;30,180645;25,963226;23,296774;88,733871;8;,602151;null;null;
1988-06-30;0;52,5;null;null;140,9;null;23;175,6;null;30,373333;26,324;22,73;86,541667;2;,8;null;null;
1988-07-31;0;68,7;null;null;168,2;null;21;200,4;null;31,241935;26,421935;22,432258;85,112903;2;,795699;null;null;
1988-08-31;0;83,4;null;null;215,4;null;20;154,3;null;32,312903;26,855484;22,925806;83,983871;6;,935484;null;null;
1988-09-30;5;115,8;null;null;233,1;null;17;132,6;null;33,4;27,528667;23,33;81,608333;4;1,433333;null;null;
1988-10-31;5;145,9;null;null;251,4;null;10;145,7;null;34,341935;27,678065;23,487097;78,040323;4;1,354839;null;null;
1988-11-30;5;135,1;null;null;190,5;null;10;65,5;null;33,65;27,23;23,496667;76,95;5;1,611111;null;null;
1988-12-31;0;66;null;null;115,9;null;16;155,4;null;31,793548;26,173548;23,077419;82,991935;4;1,086957;null;null;
1989-01-31;0;52,7;null;null;94,9;null;25;304,8;null;30,012903;25,178065;22,883871;88,427419;6;1,205376;null;null;
1989-02-28;0;42,1;null;null;78,7;null;23;147,2;null;null;null;null;88,32;4;1,047619;null;null;
1989-03-31;0;41,3;null;null;81,4;null;24;430,3;1006,6;29,419355;25,009677;23,229032;90,048387;4;1,172043;null;null;
1989-04-30;0;40,7;null;null;101,5;null;23;559,8;null;30,486667;25,704;23,703333;88,741667;4;,933333;null;null;
1989-05-31;0;48,4;null;null;86,4;null;26;431,7;null;30,316129;25,634194;23,712903;90,766129;3;,795699;null;null;
1989-06-30;0;62,2;null;null;141,1;null;23;239,6;null;30,594444;25,52;22,453333;89,066667;6;,877778;null;null;
1989-07-31;0;64,9;null;null;173,5;null;21;166,1;null;null;null;21,319355;86,604839;5;1,107527;null;null;
1989-08-31;0;103,6;null;null;222,6;null;17;141,3;null;null;null;21,451613;84,540323;4;1,215054;null;null;
1989-09-30;5;113,4;null;null;241,1;null;10;124,9;null;32,493333;26,316667;21,743333;81,466667;5;1,6;null;null;
1989-10-31;5;138,7;null;null;212,7;null;10;166;null;32,929032;26,754839;22,016129;82,282258;4;1,580645;null;null;
1989-11-30;null;109,9;null;null;179;null;15;97,9;null;null;null;null;null;null;null;null;null;
1989-12-31;5;70,9;null;null;127,4;null;22;151,7;null;30,719355;25,81871;22,593548;87,798387;5;1,597826;null;null;
1990-01-31;5;61,6;null;null;143,4;null;25;155,5;null;30,464516;25,54;22,316129;87,072581;6;1,516129;null;null;
1990-02-28;36;59;null;null;76,6;null;23;280,9;null;29,95;25,347143;22,335714;89,589286;4;1,380952;null;null;
1990-03-31;5;41,7;null;null;96,2;null;26;329,8;null;29,806452;25,336774;22,383871;90,370968;4;1,354839;null;null;
1990-04-30;0;33,4;null;null;110,8;null;26;261,9;null;30,2;25,736;22,816667;88,191667;3;1,05618;null;null;
1990-05-31;0;37,7;null;null;155;null;27;244;null;30,293548;25,507097;22,364516;86,983871;3;,88172;null;null;
1990-06-30;0;59,6;null;null;165,8;null;18;194,8;null;31,006667;25,645333;21,936667;85,541667;3;,8;null;null;
1990-07-31;0;76,6;null;null;234,5;null;15;112,2;null;31,406452;25,638065;21,383871;83,177419;5;1,193548;null;null;
1990-08-31;0;93,7;null;null;234,9;null;15;136,6;null;32,109677;25,952903;21,96129;83,306452;4;1,150538;null;null;
1990-09-30;5;117,9;null;null;246,8;null;8;30,3;null;33,446667;26,674667;22,226667;80,141667;5;1,733333;null;null;
1990-10-31;5;121,8;null;null;240,6;null;13;168,9;null;33,574194;26,903871;22,296774;79,5;5;2,193548;null;null;
1990-11-30;5;105,9;null;null;202,6;null;13;152;null;33,43;26,716667;22,57;81,766667;6;1,722222;null;null;
1990-12-31;36;63;null;null;160,6;null;15;178,7;null;32,258065;26,329677;22,464516;82,790323;5;1,419355;null;null;
1991-01-31;0;37,2;null;null;null;null;30;499,9;null;30,548387;25,002581;22,1;90,241935;3;,903226;null;null;
1991-02-28;0;44,1;null;null;null;null;24;381,6;null;30,092857;25,063571;22,546429;90,964286;6;1,404762;null;null;
1991-03-31;0;63,6;null;null;97,1;null;23;354,1;null;30,309677;25,325161;22,2;89,725806;6;1,451613;null;null;
1991-04-30;0;52,6;null;null;129,6;null;27;294,5;null;30,666667;25,639333;22,583333;90,366667;5;1,166667;null;null;
1991-05-31;0;28,1;null;null;134,3;null;26;409,7;null;30,283871;25,463226;22,612903;91,5;5;,752688;null;null;
1991-06-30;0;29,2;null;null;134,6;null;26;303;null;30,38;25,569333;22,5;90,016667;6;1;null;null;
1991-07-31;0;62,2;null;null;164,6;null;24;209;null;30,677419;25,371613;21,896774;86,322581;6;,870968;null;null;
1991-08-31;0;82,5;null;null;182,8;null;15;163,4;null;31,496774;25,806452;22,180645;83,927419;6;1,494624;null;null;
1991-09-30;5;112,6;null;null;217,9;null;7;64;null;32,933333;26,504;21,986667;80,008333;6;2,077778;null;null;
1991-10-31;5;141,9;null;null;210,4;null;7;52,9;null;33,058065;26,636774;21,874194;78,427419;6;2,139785;null;null;
1991-11-30;5;145,1;null;null;198,1;null;3;55,5;null;33,733333;27,070667;22,373333;77,283333;6;2,111111;null;null;
1991-12-31;5;137,2;null;null;171,4;null;3;42,6;null;33,451613;27,051613;22,483871;76,903226;6;1,903226;null;null;
1992-01-31;0;94,7;null;null;124;null;13;162,8;null;31,416129;26,112258;22,725806;82,766129;6;1,430108;null;null;
1992-02-29;null;null;null;null;null;null;null;352,9;null;null;null;null;null;null;null;null;null;
1992-03-31;0;48;null;null;64,2;null;28;347,8;null;29,735484;25,227742;22,674194;90,895161;5;1,086957;null;null;
1992-04-30;0;49;null;null;116,5;null;28;313,1;null;30,63;25,892;22,94;88,616667;4;1,044444;null;null;
1992-05-31;0;77,6;null;null;194,1;null;18;205,6;null;31,696774;26,535484;22,870968;83,693548;6;1,451613;null;null;
1992-06-30;0;79,9;null;null;213,8;4,253521;18;126,6;null;31,323333;25,977037;22,353333;80,953704;6;1,311111;48,703704;null;
1992-07-31;0;73,2;null;null;199,9;3,836957;19;130,3;null;30,941935;25,484516;21,764516;82,58871;5;,784946;48,064516;null;
1992-08-31;0;89,1;null;null;null;4,591398;15;86,4;null;32,048387;26,180645;22,316129;79,903226;6;1,505376;50;null;
1992-09-30;9;128,3;null;null;null;4,619048;3;14,6;null;33,523333;26,648;22,18;76,066667;6;2,244444;50;null;
1992-10-31;5;135,5;null;null;null;4,7;0;0;null;34,464516;26,979355;22,180645;75,217742;6;2,225806;50;null;
1992-11-30;9;null;null;null;null;4,775281;0;0;null;33,903333;27,012667;22,506667;78,583333;6;1,711111;50;null;
1992-12-31;9;80,9;null;null;null;7,182927;12;46,5;null;32,93871;26,58;22,893548;81,580645;5;1,784946;35,714286;null;
1993-01-31;null;null;null;null;null;null;null;null;null;null;null;null;null;null;null;null;null;

