Nome: BAMBUI
Codigo Estacao: 83582
Latitude: -20.0311111
Longitude: -46.00888888
Altitude: 684.43
Situacao: Fechada
Data Inicial: 1981-01-01
Data Final: 2010-12-31
Periodicidade da Medicao: Mensal

Data Medicao;DIRECAO PREDOMINANTE DO VENTO, MENSAL(° (gr));EVAPORACAO DO PICHE, MENSAL(mm);EVAPOTRANSPIRACAO POTENCIAL, BH MENSAL(mm);EVAPOTRANSPIRACAO REAL, BH MENSAL(mm);INSOLACAO TOTAL, MENSAL(h);NEBULOSIDADE, MEDIA MENSAL(décimos);NUMERO DE DIAS COM PRECIP. PLUV, MENSAL(número);PRECIPITACAO TOTAL, MENSAL(mm);PRESSAO ATMOSFERICA, MEDIA MENSAL(mB);TEMPERATURA MAXIMA MEDIA, MENSAL(°C);TEMPERATURA MEDIA COMPENSADA, MENSAL(°C);TEMPERATURA MINIMA MEDIA, MENSAL(°C);UMIDADE RELATIVA DO AR, MEDIA MENSAL(%);VENTO, VELOCIDADE MAXIMA MENSAL(m/s);VENTO, VELOCIDADE MEDIA MENSAL(m/s);VISIBILIDADE, MEDIA MENSAL(codigo);
1981-01-31;5;81,6;null;null;138,1;7,860215;20;235,9;936,353763;28,6;22,875789;18,557895;86,322581;9,3;2,067742;45,806452;null;
1981-02-28;0;null;null;null;194;5,805556;5;34,9;937,643056;30,4;22,9625;16,7125;79,322917;6,2;1,808333;59,375;null;
1981-03-31;0;null;null;null;null;7,521739;15;195,2;934,611594;28,973913;22,973913;18,669565;86,420455;6,1;1,766667;45,869565;null;
1981-04-30;0;83,6;null;null;206,2;4,382716;6;21,9;938,122222;27,837037;20,205926;14,259259;84,398148;3,6;1,155556;47,962963;null;
1981-05-31;0;null;null;null;210;4,307692;3;39,5;940,55641;27,269231;18,435385;11,846154;81,163462;4,6;,764103;51,730769;null;
1981-06-30;0;70,3;null;null;197,8;4,413793;4;49,9;941,332184;null;null;9,492857;83,071429;6,2;1,025287;47,931034;null;
1981-07-31;0;123;null;null;271,7;3,975;0;0;942,80375;18,847619;null;8,178261;78,691176;6,2;1,595;41,290323;null;
1981-08-31;0;null;null;null;206,1;2,402778;1;17,8;940,470833;null;null;null;75,173913;6,2;1,375;41,8;null;
1981-09-30;0;172;null;null;142;2,571429;3;34,1;939,39881;null;null;null;69,6875;9,3;1,936905;15,357143;null;
1981-10-31;9;null;null;null;102,5;7,76;11;165,7;936,530667;null;null;null;82,66;10,3;2,272;37,2;null;
1981-11-30;0;77,3;null;null;122,6;7,464286;20;209,4;934,680952;null;null;null;85,12963;5,1;1,328916;57,321429;null;
1981-12-31;0;72,3;null;null;114,3;7,988095;19;273,3;935,871429;null;null;null;87,160714;6,2;1,578571;47,946429;null;
1982-01-31;0;null;null;null;null;8,61194;17;316,4;935,650746;null;null;null;87,904762;6,2;1,473134;null;null;
1982-02-28;0;null;null;null;null;5,2;4;31,2;937,355;null;null;null;82,8;6,2;1,811667;null;null;
1982-03-31;0;null;null;null;63,4;8,297297;21;342,9;934,748649;null;null;null;91,72;6,2;1,106757;41,6;null;
1982-04-30;0;null;null;null;180;5,666667;4;16,5;938,978205;null;null;null;87,307692;5,7;1,023077;42,115385;null;
1982-05-31;0;76;null;null;194,2;5,107143;4;18,5;940,121429;null;null;null;88,455357;6,7;1,117857;34,196429;null;
1982-06-30;0;80,1;null;null;197,4;4,091954;4;6;940,45977;null;null;null;82,353448;6,2;,911494;19,482759;null;
1982-07-31;0;null;null;null;null;2,763636;null;0;940,636364;null;null;null;80,911765;5,1;null;null;null;
1982-08-31;0;null;null;null;null;4,261538;2;1,7;940,507692;null;null;null;69,965909;7,7;1,598462;null;null;
1982-09-30;0;null;null;null;172,3;4,871795;2;19,4;938,865385;null;null;null;63,038462;10,8;2,45;18,921569;null;
1982-10-31;0;null;null;null;136,3;7,36;14;138,4;936,225333;null;null;null;77,21;10,3;2,034667;22,2;null;
1982-11-30;0;null;null;null;167,2;5,820513;3;62,5;935,067949;null;null;null;74,977273;6,2;2,138462;30,961538;null;
1982-12-31;0;59,6;null;null;58;8,209877;21;310;936,069136;null;null;null;88,305556;7,7;1,603704;13,796296;null;
1983-01-31;null;null;null;null;null;null;10;338;933,525;null;null;null;null;6,2;null;null;null;
1983-02-28;5;null;null;null;161,3;7,448718;13;456,8;934,825641;null;null;null;78,096154;8,2;2,248718;33,846154;null;
1983-03-31;0;null;null;null;null;7,492063;11;184,2;934,916667;null;null;null;82,535714;8,2;1,660317;null;null;
1983-04-30;0;65,1;null;null;132,4;7,506173;10;224,9;935,193827;null;null;null;85,296296;7,2;1,050617;16,545455;null;
1983-05-31;0;null;null;null;null;4,927536;5;null;936,4;null;null;null;87,173913;6,2;1;21,956522;null;
1983-06-30;0;73,9;null;null;193,9;5,781609;5;44,5;938,154023;null;null;null;86,793103;6,7;,952874;18,448276;null;
1983-07-31;0;94;null;null;215,5;3,837209;3;47;937,956322;null;null;null;86,275862;7,7;,842529;26,551724;null;
1983-08-31;0;132,1;null;null;237,4;1,666667;null;0;939,394444;null;null;null;77,15;7,7;1,485556;12,416667;null;
1983-09-30;18;null;null;null;null;7,046875;7;132;936,690625;null;null;null;76,72619;6,7;2,540625;null;null;
1983-10-31;null;null;null;null;null;null;6;180,4;935,22619;null;null;null;null;6,7;null;null;null;
1983-11-30;0;75,2;null;null;121,1;7,930233;17;288;934,536047;null;null;null;84,017241;6,2;1,303488;25,25;null;
1983-12-31;0;59,1;null;null;75,8;8,404762;22;313,5;934,186905;null;null;null;89,410714;4,6;1,505952;37,25;null;
1984-01-31;null;null;null;null;null;null;null;null;null;null;null;null;null;null;null;null;null;
1984-02-29;null;null;null;null;null;null;null;null;null;null;null;null;null;null;null;null;null;
1984-03-31;null;null;null;null;null;null;null;null;null;null;null;null;null;null;null;null;null;
1984-04-30;null;null;null;null;null;null;null;null;null;null;null;null;null;null;null;null;null;
1984-05-31;null;null;null;null;null;null;null;null;null;null;null;null;null;null;null;null;null;
1984-06-30;null;null;null;null;null;null;null;null;null;null;null;null;null;null;null;null;null;
1984-07-31;null;null;null;null;null;null;null;null;null;null;null;null;null;null;null;null;null;
1984-08-31;null;null;null;null;null;null;null;null;null;null;null;null;null;null;null;null;null;
1984-09-30;null;null;null;null;null;null;null;null;null;null;null;null;null;null;null;null;null;
1984-10-31;null;null;null;null;null;null;null;null;null;null;null;null;null;null;null;null;null;
1984-11-30;null;null;null;null;null;null;null;null;null;null;null;null;null;null;null;null;null;
1984-12-31;null;null;null;null;null;null;null;null;null;null;null;null;null;null;null;null;null;
1985-01-31;null;null;null;null;null;null;null;null;null;null;null;null;null;null;null;null;null;
1985-02-28;null;null;null;null;null;null;null;null;null;null;null;null;null;null;null;null;null;
1985-03-31;null;null;null;null;null;null;null;null;null;null;null;null;null;null;null;null;null;
1985-04-30;null;null;null;null;null;null;null;null;null;null;null;null;null;null;null;null;null;
1985-05-31;null;null;null;null;null;null;null;null;null;null;null;null;null;null;null;null;null;
1985-06-30;null;null;null;null;null;null;null;null;null;null;null;null;null;null;null;null;null;
1985-07-31;null;null;null;null;null;null;null;null;null;null;null;null;null;null;null;null;null;
1985-08-31;null;null;null;null;null;null;null;null;null;null;null;null;null;null;null;null;null;
1985-09-30;null;null;null;null;null;null;null;null;null;null;null;null;null;null;null;null;null;
1985-10-31;null;null;null;null;null;null;null;null;null;null;null;null;null;null;null;null;null;
1985-11-30;null;null;null;null;null;null;null;null;null;null;null;null;null;null;null;null;null;
1985-12-31;null;null;null;null;null;null;null;null;null;null;null;null;null;null;null;null;null;
1986-01-31;5;78,1;null;null;207,3;6,445652;16;312,3;934,993478;29,448387;23,471613;19,070968;82,354839;6,7;1,283696;41,048387;null;
1986-02-28;9;75,1;null;null;155,8;7,047619;15;216;935,933333;29,7;23,312857;18,742857;84,3125;3,6;1,00119;36,071429;null;
1986-03-31;0;72,1;null;null;174,4;7,032258;16;132,6;936,689247;29,741935;22,923871;17,980645;82,814516;4,1;,963441;44,354839;null;
1986-04-30;18;80,6;null;null;219,2;4,4;7;34,2;936,654444;29,446667;21,904;15,51;80,591667;6,7;1,215556;40,333333;null;
1986-05-31;0;71,5;null;null;186,6;4,569892;8;38,8;938,175269;27,467742;19,56;13,358065;82,241935;6,2;,978495;43,629032;null;
1986-06-30;0;84,1;null;null;271;2,177778;1;,4;941,607778;25,806667;15,334667;7,146667;79,2;4,6;,842222;45;null;
1986-07-31;0;85,2;null;null;224,3;3,473118;6;61,2;942,395699;25,606452;15,774839;7,990323;82,653226;4,1;,96129;43,145161;null;
1986-08-31;0;93,4;null;null;193,8;4,44086;12;50,7;939,009677;27,06129;18,512258;12,106452;79,75;5,1;,974194;35,645161;null;
1986-09-30;0;153,3;null;null;187,7;3,222222;2;14,5;940,352222;27,926667;19,492;12,803333;75,108333;5,1;1,504444;34,491525;null;
1986-10-31;5;180,8;null;null;206,9;4,043011;4;48,4;937,147312;30,864516;22,392258;14,36129;71,112903;6,2;1,670968;39,032258;null;
1986-11-30;9;160,6;null;null;186,9;5,9;9;146;936,355556;29,633333;22,648667;16,38;73,016667;4,1;1,6;47,583333;null;
1986-12-31;5;98,3;null;null;111,3;7,924731;23;417,6;934,958065;28,483871;22,594839;18,341935;83,491935;5,7;1,42043;47,370968;null;
1987-01-31;null;null;null;null;null;null;null;null;null;null;null;null;null;null;null;null;null;
1987-02-28;null;null;null;null;null;null;null;null;null;null;null;null;null;null;null;null;null;
1987-03-31;null;null;null;null;null;null;null;null;null;null;null;null;null;null;null;null;null;
1987-04-30;null;null;null;null;null;null;null;null;null;null;null;null;null;null;null;null;null;
1987-05-31;null;null;null;null;null;null;null;null;null;null;null;null;null;null;null;null;null;
1987-06-30;null;null;null;null;null;null;null;null;null;null;null;null;null;null;null;null;null;
1987-07-31;null;null;null;null;null;null;null;null;null;null;null;null;null;null;null;null;null;
1987-08-31;null;null;null;null;null;null;null;null;null;null;null;null;null;null;null;null;null;
1987-09-30;null;null;null;null;null;null;null;null;null;null;null;null;null;null;null;null;null;
1987-10-31;null;null;null;null;null;null;null;null;null;null;null;null;null;null;null;null;null;
1987-11-30;null;null;null;null;null;null;null;null;null;null;null;null;null;null;null;null;null;
1987-12-31;null;null;null;null;null;null;null;null;null;null;null;null;null;null;null;null;null;
1988-01-31;9;124,1;null;null;221,6;5,706522;13;171;935,73913;31,258065;24,654194;19,135484;86,629032;5,1;1,418478;45,806452;null;
1988-02-29;5;75,5;null;null;126,2;7,616279;17;257,2;934,90814;28,469231;23,286154;18,751724;84,410714;5,1;1,482558;35,263158;null;
1988-03-31;0;109,7;null;null;215,3;4,548387;9;74,2;936,027957;30,425806;23,465161;17,270968;78,870968;7,7;1,339785;44,193548;null;
1988-04-30;0;108,3;null;null;168,4;5,4;8;35,3;936,847778;29,996667;22,788;16,95;78,366667;5,1;1,211111;37;null;
1988-05-31;0;122,8;null;null;229,2;4,16129;7;58,6;938,255914;28,870968;20,172903;13,487097;78,556452;7,2;1,055914;39,677419;null;
1988-06-30;0;100,2;null;null;230,1;2,911111;2;7,4;941,036667;25,746667;16,098667;8,646667;79,608333;5,1;,894444;35,438596;null;
1988-07-31;0;150,9;null;null;277,8;1,655914;0;0;943,568817;25,509677;14,649677;6,287097;82,475806;5,1;1,006452;47,419355;null;
1988-08-31;0;190,3;null;null;285,9;1,48913;null;0;940,930108;28,387097;16,994194;6,874194;71,291667;5,1;,971739;37,868852;null;
1988-09-30;0;253,7;null;null;234,7;2,166667;2;25,8;938,43;31,816667;21,821333;12,18;62,3;5,1;1,627778;30,508475;null;
1988-10-31;5;145,7;null;null;138,8;6,612903;10;116,4;935,947312;28,73871;21,742581;15,283871;76,83871;5,1;1,101075;33,064516;null;
1988-11-30;0;116,4;null;null;162,5;6,822222;16;160,9;936,921111;28,08;21,928667;16,783333;81,416667;6,2;1,502222;36,166667;null;
1988-12-31;0;110,1;null;null;141;7,408602;18;303,2;934,677419;29,622581;23,005806;18,032258;87,096774;4,1;,826882;38,387097;null;
1989-01-31;0;121,7;null;null;187;6,860215;18;176,1;935,905376;29,625806;23,034839;17,380645;78,516129;9,3;1,272043;37,096774;null;
1989-02-28;0;88;null;null;122,8;7,488095;18;120,3;935,830952;29,928571;23,427143;18,785714;82,6875;8,2;,94881;34,642857;null;
1989-03-31;0;101;null;null;203,3;5,193548;12;111,3;935,56129;30,122581;23,049677;17,729032;83,741935;8,2;,815054;34,193548;null;
1989-04-30;0;106,6;null;null;216,2;4,306818;6;44,7;936,820455;30,22;22,306207;15,236667;77,848214;3,1;,8;47,627119;null;
1989-05-31;0;103,8;null;null;257,9;3,58427;1;29,1;940,749438;26,612903;17,586897;10,787097;77,948276;4,6;,935955;42,931034;null;
1989-06-30;null;null;null;null;null;null;null;null;null;null;null;null;null;null;null;null;null;
1989-07-31;0;141,3;null;null;244,2;2,934783;3;32,6;941,553261;25,796774;15,057931;6,972414;73,75;7,7;1,067391;43,225806;null;
1989-08-31;0;149,9;null;null;258,1;3,72043;5;59,6;940,408602;27,516129;18,168387;10,432258;73,596774;5,7;1,398913;32,419355;null;
1989-09-30;0;139,6;null;null;171,6;5,355556;10;70,3;936,752222;29,206667;20,916667;14,253333;76,225;5,1;1,257778;23,75;null;
1989-10-31;0;125,8;null;null;195;5,430108;12;82,8;937,156989;29,074194;21,544516;15,222581;75,75;4,6;1,035484;28,145161;null;
1989-11-30;0;106,1;null;null;150,1;7,088889;12;201,4;934,344444;28,99;22,843333;17,84;79,958333;7,7;1,317778;33,916667;null;
1989-12-31;5;97;null;null;131,6;6,075269;19;330,9;934,04086;27,896774;22,509677;18,309677;80,387097;7,2;1,793548;31,048387;null;
1990-01-31;5;184,3;null;null;233,1;5,946237;6;169,6;935,591398;31,467742;24,490968;18,670968;75,306452;6,2;1,652688;35,217391;null;
1990-02-28;0;134,1;null;null;154,5;6,642857;9;93,8;935,216667;31,171429;24,105;18,682143;76,571429;8,2;1,358333;34,22619;null;
1990-03-31;0;95,2;null;null;197,6;5,655914;11;85,9;937,180645;31,029032;23,663226;18,312903;78,419355;4,1;1,065591;33,315217;null;
1990-04-30;0;89,1;null;null;213,6;5,566667;9;81,3;937,225556;30,263333;22,564667;16,636667;79,875;6,2;1,041111;36,477273;null;
1990-05-31;0;103,7;null;null;210,2;4,698925;7;32,2;938,523656;26,625806;18,658621;12,765517;81,354839;8,2;,98172;33,935484;null;
1990-06-30;0;108,2;null;null;96,2;3,422222;0;0;940,967778;26,926667;16,726;9,263333;77,4;3,1;,694444;30,617978;null;
1990-07-31;null;null;null;null;null;null;null;null;null;null;null;null;null;null;null;null;null;
1990-08-31;0;123,9;null;null;143,1;5,692308;6;48,7;941,808791;26,283871;17,965806;11,706452;79,325;7,7;1,197802;28,901099;null;
1990-09-30;0;184,2;null;null;187;4,444444;5;36,2;938,786667;28,326667;19,608667;12,23;71,166667;4,6;1,255556;20,277778;null;
1990-10-31;5;199;null;null;182,5;6,274725;7;48,2;936,934066;30,6;22,951333;16,563333;74,560345;6,2;1,445055;28,44086;null;
1990-11-30;null;null;null;null;null;null;5;26,2;null;null;null;null;null;null;null;null;null;
1990-12-31;null;null;null;null;null;null;null;null;null;null;null;null;null;null;null;null;null;
1991-01-31;9;68,6;null;null;86,2;7,897727;17;379,4;935,077273;29,748387;22,62069;15,945161;78,103448;5,1;,992045;12,932203;null;
1991-02-28;0;83,6;null;null;112,9;7,02381;18;273,9;935,677381;29,917857;23,040714;16,1;70,723214;2,6;1,022619;17,321429;null;
1991-03-31;0;72,2;null;null;105,2;7,354839;19;381,5;935,212903;28,387097;22,131613;15,677419;84,362903;4,1;1,026882;23,548387;null;
1991-04-30;0;84,3;null;null;150,9;5,177778;null;123,3;937,174444;28,503333;21,22;14,166667;81,725;4,6;,937778;25;null;
1991-05-31;0;101,5;null;null;227,6;4,021978;null;39,9;939,52967;26,667742;18,514194;12,635484;80,732759;4,6;,903297;26,116667;null;
1991-06-30;0;122,2;null;null;245,8;2,544444;null;0;940,437778;27,033333;17,172;9,92;79,008333;3,6;,853333;29,5;null;
1991-07-31;0;143,5;null;null;219,9;2,795699;null;,3;941,890323;26,53871;16,443226;9,029032;79,935484;5,7;,645161;24,790323;null;
1991-08-31;0;184,4;null;null;214,8;3,096774;null;,3;942,325806;28,335484;18,216129;9,970968;71,927419;7,7;1,178495;30,806452;null;
1991-09-30;0;178,9;null;null;125,8;4,488889;null;46,4;938,773333;29,08;19,931333;12,49;73,241667;4,6;,867778;26,083333;null;
1991-10-31;0;191,7;null;null;190,3;4,860215;null;101,8;937,154839;29,754839;22,105806;15,76129;71,991935;8,2;1,201075;33,306452;null;
1991-11-30;0;159,8;null;null;167,8;6,4;null;110,8;934,298889;30,323333;23,132;18,123333;80,883333;4,1;,784444;30,166667;null;
1991-12-31;0;114,2;null;null;112,9;7,784946;22;187,3;933,448387;29,745161;23,251613;18,245161;81,629032;3,1;,619355;22,5;null;
1992-01-31;0;80;null;null;78,8;7,301075;23;414,9;933,026882;28,854839;null;null;82,983871;4,6;,601075;27,145161;null;
1992-02-29;0;null;null;null;121,6;6,285714;15;286,7;937,17619;29,768966;22,407407;16,706897;75,268519;4,6;,935714;21,581818;null;
1992-03-31;0;138,9;null;null;79,7;6,122222;null;157,5;937,611111;29,173333;22,516;16,706667;74,141667;5,1;,706667;34,033333;null;
1992-04-30;0;170,3;null;null;72,3;6,816092;null;64,3;936,327586;28,6;22,021429;16,923333;80,991071;5,1;,693103;24,724138;null;
1992-05-31;0;172,6;null;null;154,4;4,827957;null;56,7;937,665591;27,854839;19,733548;13,758065;81,905172;3,7;,662366;23,612903;null;
1992-06-30;0;168,6;null;null;165,9;3,355556;null;0;941,294444;26,576667;17,236667;10,056667;80,8125;6,2;,436667;28,766667;null;
1992-07-31;0;177,2;null;null;163,5;3,602151;null;1,8;942,119355;26,451613;16,835484;9,677419;80,225806;3,6;,415054;35,403226;null;
1992-08-31;0;234,5;null;null;138,8;4,913978;null;3,6;940,990323;27,809677;18,643871;11,229032;76,451613;3,6;,596774;21,709677;null;
1992-09-30;0;187,8;null;null;95,1;6,685393;null;140,6;938,946067;26,616667;20,222;14,843333;79,758621;4,1;,793258;22,542373;null;
1992-10-31;0;171,9;null;null;118;6,27957;15;202,9;937,090323;28,596774;22,096774;16,7;80,620968;2,6;,694624;27,66129;null;
1992-11-30;0;127,3;null;null;121,5;7,1;15;260,1;935,057778;28,75;22,398;17,08;81,966667;3,6;,615556;22,916667;null;
1992-12-31;0;108,3;null;null;155,2;6,11828;15;257,5;934,664516;29,2;22,874194;17,487097;81,201613;4,6;,783696;40,080645;null;
1993-01-31;0;104,8;null;null;146,8;6,774194;18;152,9;936,545161;30,370968;23,226452;17,251613;80,862903;5,7;,460215;42,016129;null;
1993-02-28;0;70,6;null;null;85,6;6,785714;21;345,6;936,29881;24,888;21,7736;18,367857;87,5625;7,7;,654762;36,428571;null;
1993-03-31;0;108,3;null;null;184,9;5,197802;null;48,1;937,423656;30,854839;23,043226;17,064516;81,580645;5,1;,277419;23,790323;null;
1993-04-30;0;111,1;null;null;196,2;5,344444;null;107,9;937,288889;29,246667;22,147333;17,75;81,108333;5,7;,317778;28,833333;null;
1993-05-31;0;112,6;null;null;211,9;5,494624;null;13,3;938,851613;26,277419;17,92;10,683871;82,25;5,1;,247312;25,241935;null;
1993-06-30;0;96,5;null;null;183;5,6;null;39,6;941,236667;25,583333;16,476667;8,893333;80,625;4,6;,25;26,25;null;
1993-07-31;0;139,2;null;null;221,7;3;null;0;939,941935;27,796774;17,372258;9,983871;77,532258;2,1;,119355;36,854839;null;
1993-08-31;0;148,3;null;null;null;4,591398;null;22,1;940,402151;28,116129;18,205806;10,558065;74,201613;5,1;,25914;21,935484;null;
1993-09-30;0;171,8;null;null;112,7;5,222222;null;75,9;937,427778;30,183333;21,517333;14,393333;75,158333;3,6;,35618;22,083333;null;
1993-10-31;0;172,9;null;null;191,1;5,666667;null;49,7;937,291398;29,922581;22,428387;15,735484;74,887097;6,2;,877419;24,032258;null;
1993-11-30;0;163;null;null;226,3;5,573034;null;82;935,19;32;24,293333;17,82;72,575;7,7;,896667;34,833333;null;
1993-12-31;0;109,4;null;null;106,5;7,623656;22;224;934,564516;28,783871;22,964516;17,658065;84,048387;9,3;,802151;45;null;
1994-01-31;0;71,8;null;null;79,5;7,817204;27;479,9;934,68172;28,425806;22,976129;18,770968;86,967742;5,1;,346237;40,725806;null;
1994-02-28;0;144;null;null;241,7;4,904762;null;46,7;936,079762;32,721429;25,217857;19,525;74,785714;6,7;,445238;42,571429;null;
1994-03-31;0;65,3;null;null;109,1;7,752809;19;228;936,167742;28,577419;22,743226;18,793548;85,5;2,1;,147312;20;null;
1994-04-30;0;114,1;null;null;205,1;4,820225;null;90,1;938,013483;28,806667;21,632667;15,803333;80,525862;5,1;,473034;29,491525;null;
1994-05-31;0;108,2;null;null;219;4,268817;null;97,6;938,966667;27,877419;19,665161;13,577419;84,741935;3,1;,421505;29,83871;null;
1994-06-30;0;112,8;null;null;null;3,1;null;11,9;940,365556;25,636667;16,508667;9,723333;83,625;3,1;,303333;28,416667;null;
1994-07-31;0;192,8;null;null;null;2,48913;null;1,5;941,789247;25,841935;15,817419;8;81,08871;3,6;,617204;37,903226;null;
1994-08-31;0;174;null;null;253,2;1,150538;null;0;940,369892;28,76129;17,232258;8,303226;72,677419;2,6;,511828;14,435484;null;
1994-09-30;0;213;null;null;233;2,269663;null;5,2;938,886667;31,513333;20,812667;11,546667;65,975;5,1;,977778;10,583333;null;
1994-10-31;0;182,3;null;null;180,4;5,666667;null;126,9;936,152688;31,9;23,737419;17,13871;69,612903;7,7;1,76129;14,904762;null;
1994-11-30;0;122,3;null;null;126,8;6,421687;17;121;935,225287;29,106897;null;null;76,87931;10,8;1,58046;24,913793;null;
1994-12-31;0;92,1;null;null;137,2;6,7;17;180,1;935,095699;29,664516;23,747097;19,290323;82,443548;9,8;,682796;40,645161;null;
1995-01-31;0;112;null;null;162,8;5,956044;null;238,2;934,847312;31,293548;24,975833;20,491667;83,604839;10,3;,950538;35,209677;null;
1995-02-28;0;72,1;null;null;null;6,337349;19;315,5;936;29,739286;null;null;82,223214;3,1;,415476;34,017857;null;
1995-03-31;0;88,5;null;null;167,4;5,314607;15;133,1;935,646667;30,393333;null;null;78,158333;5,1;,717778;23,166667;null;
1995-04-30;0;74,5;null;null;180,5;4,662921;null;30,4;936,545556;29,14;21,445926;16,003704;80,633333;4,6;,554444;30,25;null;
1995-05-31;0;75,9;null;null;183,2;4,380435;null;60;938,168817;27,43871;19,625161;13,870968;83,919355;3,1;,407527;22,096774;null;
1995-06-30;0;99,1;null;null;220,9;2,866667;null;8,4;940,656667;26,31;16,401333;9,74;83,533333;3,6;,348889;24,266667;null;
1995-07-31;0;121,4;null;null;242,4;2,988889;null;,1;940,170968;27,312903;17,727097;10,496774;84,774194;5,1;,505376;28,467742;null;
1995-08-31;0;null;null;null;282,3;1,655914;null;2,3;939,483871;29,973333;19,498333;11,196;78,016129;3,6;,427957;17,741935;null;
1995-09-30;0;139,6;null;null;206,5;3,277108;null;105,3;939,9;29,683333;20,356923;13,421429;70,964286;7,2;,998851;12,672414;null;
1995-10-31;0;107,7;null;null;188,7;5,411111;15;173,1;935,604301;29,332258;21,948387;16,345161;77,16129;5,1;,595699;22,016129;null;
1995-11-30;0;81,5;null;null;163,9;5,842697;15;188,3;935,295556;28,46;22,030667;16,923333;82,458333;4,1;,895556;35,416667;null;
1995-12-31;0;67,2;null;null;140,2;6,619565;22;381,2;932,901075;29,506452;23,354;18,893333;89,790323;3,1;,393548;33,225806;null;
1996-01-31;0;87,3;null;null;204,2;5,081395;16;272,8;934,552688;30,829032;24,639286;18,885714;82,104839;4,1;,407527;49,596774;null;
1996-02-29;0;104,6;null;null;184,1;5,435897;18;123,3;935,269412;31,148276;24,536154;19,961538;84,12963;4,6;,736471;42,857143;null;
1996-03-31;0;78;null;null;155,5;5,6;null;112,2;935,825806;29,252;23,2728;18,66129;87,5;6,7;,437634;35,403226;null;
1996-04-30;0;130,7;null;null;217,7;3,988636;null;55,4;937,738889;29,331034;21,642759;15,493333;91,866667;6,2;,514444;27,416667;null;
1996-05-31;0;102,2;null;null;236,3;3,461538;null;13,6;938,938043;26,996774;18,59;11,574194;86,783333;3,6;,329348;20,483871;null;
1996-06-30;0;125,7;null;null;218,8;2,94382;null;5,2;941,253333;27,063333;16,151333;8,386667;86,025;4,1;,4;27,833333;null;
1996-07-31;0;122,2;null;null;259,3;2,505376;null;0;941,370968;27,9;16,710968;7,770968;86,282258;9,8;,658065;47,483871;null;
1996-08-31;0;147,9;null;null;237,6;2,526882;null;16;940,366667;29,064516;17,856774;8,512903;80,991935;5,1;,766667;39,806452;null;
1996-09-30;0;117,6;null;null;172,6;5,044944;null;91,8;938,928889;28,473333;20,288;13,833333;81,541667;7,2;1,008889;40,25;null;
1996-10-31;0;115,4;null;null;173,7;5,153846;null;132,7;935,854348;31,216129;23,432903;17,76129;79,958333;5,7;,781522;39,737705;null;
1996-11-30;0;107,1;null;null;148,8;5,788889;15;275,9;934,565556;28,336667;22,636667;17,96;81,408333;4,6;1;43,116667;null;
1996-12-31;0;75;null;null;96,2;6,698925;21;341;934,451613;29,696774;23,415484;19,135484;87,927419;4,1;,343011;46,163934;null;
1997-01-31;0;61,1;null;null;100,4;8,11828;26;551,8;934,546237;28,774194;23,428387;19,441935;92,459677;5,1;,735484;31,612903;null;
1997-02-28;0;99,5;null;null;196,9;5,154762;null;100,8;938,495238;30,696429;23,838571;17,917857;85,544643;4,1;,716667;65,107143;null;
1997-03-31;0;77,4;null;null;159,5;5,924731;null;127,9;935,723656;28,483871;22,303871;17,467742;86,346774;4,1;,729032;40,725806;null;
1997-04-30;0;94,6;null;null;180,2;4,685393;null;97,2;937,897778;29,043333;20,982667;15,386667;87,991667;5,1;,871111;42,416667;null;
1997-05-31;0;110,6;null;null;197,7;4,064516;null;51,3;940,650538;26,470968;17,968387;11,377419;87,427419;6,7;,743011;38,225806;null;
1997-06-30;0;92,4;null;null;210,4;2,988889;null;79,3;937,962222;27,086667;16,550667;9,01;88,491667;7,2;,863333;38,416667;null;
1997-07-31;0;111,8;null;null;257,6;2,591398;null;,8;942,335484;27,187097;16,462581;7,970968;86,903226;5,7;,7;37,983871;null;
1997-08-31;0;171,3;null;null;288,1;1,612903;null;0;941,53871;29,051613;17,191613;7,312903;77,637097;4,1;,843011;44,516129;null;
1997-09-30;0;164,6;null;null;165,6;3,933333;null;31;935,942222;32,293333;22,547333;14,766667;70,5;8,2;1,208889;31,833333;null;
1997-10-31;9;209,5;null;null;209;4,311828;null;195,1;935,332258;32,467742;23,798065;16,13871;67,008065;5,7;1,864516;36,677419;null;
1997-11-30;0;161,9;null;null;175;6,044444;null;143,9;934,704444;32,383333;24,638667;19,263333;76,416667;5,7;1,313333;46,065574;null;
1997-12-31;0;120,5;null;null;160,9;6,978495;22;331,6;935,498925;30,622581;23,831613;19,196774;83,653226;6,2;1,310753;48,612903;null;
1998-01-31;0;97,5;null;null;177,9;7,247312;18;279,1;935,133333;31,070968;24,260645;19,7;82,967742;6,5;,975269;51,516129;null;
1998-02-28;0;87,3;null;null;136,9;7,285714;null;177,8;936,033333;31,314286;24,612143;20,185714;84,098214;6,7;1,07381;49,678571;null;
1998-03-31;0;96,3;null;null;168,3;5,604651;null;69,7;936,589247;31,835484;24,268387;18,877419;81,862903;5,1;,880645;52,645161;null;
1998-04-30;0;101,5;null;null;217,4;4,816092;null;74,7;936,678889;30,216667;22,735333;18,653333;81,766667;7,2;,923333;56,133333;null;
1998-05-31;0;150;null;null;203,3;4,912088;null;126,4;938,932258;27,43871;18,854839;14,254839;82,564516;3,1;,677419;53,435484;null;
1998-06-30;0;98,3;null;null;192,7;3,944444;null;7,5;941,44;26,153333;16,698667;9,413333;82,7;7,7;,733333;50,5;null;
1998-07-31;0;110,3;null;null;272,8;1,870968;null;,1;941,251613;27,977419;16,108387;7,325806;78,524194;3,1;,563441;45,935484;null;
1998-08-31;0;143,5;null;null;198,5;3,934066;null;40,2;939,064516;null;null;12,012903;77,782258;4,1;,604301;42,5;null;
1998-09-30;0;219,5;null;null;117,6;2,988889;null;22,6;937,97;31,243333;22,385333;15,14;68,508333;3,6;,815556;51,213115;null;
1998-10-31;0;114,9;null;null;124,3;6,731183;null;129,9;936,937634;29,267742;22,799355;18,993548;78,766129;6,7;1,034409;50,145161;null;
1998-11-30;0;102,1;null;null;129,3;6,488889;null;189,7;934,724444;28,89;23,054667;20,14;82,958333;3,6;,896667;53,716667;null;
1998-12-31;0;88,4;null;null;124,4;5,677419;16;193,6;934,26129;29,96129;24,185161;21,177419;81,991935;6,2;,958065;57,16129;null;
1999-01-31;0;98,9;null;null;193,3;5,086022;18;261,9;934,691398;31,112903;24,705517;20,358621;80,290323;4,1;,851613;61,387097;null;
1999-02-28;0;69,5;null;null;140,6;6,035714;null;159,2;935,938095;30,435714;23,979286;19,185714;81,75;4,6;,886905;54,714286;null;
1999-03-31;0;73,3;null;null;124,8;5,622222;18;195,3;935,044086;29,906452;23,18;18,329032;84,983871;4,6;,563441;49,790323;null;
1999-04-30;0;90;null;null;166;4,711111;null;16,4;937,905556;29,593333;21,293333;15,006667;82,75;2,6;,721111;55,266667;null;
1999-05-31;0;99,9;null;null;226,2;3,580645;null;1,9;939,222581;27,106452;17,298065;9,53871;80,032258;8,2;,722581;54,709677;null;
1999-06-30;0;91,8;null;null;200,5;4,411111;null;34,5;938,981111;26,846667;17,172;10,183333;80,741667;5,1;,724444;54,733333;null;
1999-07-31;0;144,9;null;null;250,2;4,064516;null;1,2;941,178495;27,545161;17,986452;10,558065;79,258065;4,1;,873118;48,370968;null;
1999-08-31;0;145,6;null;null;192,3;3,322581;null;0;941,841935;28,087097;16,685806;7,741935;71,137097;5,7;1,046237;44,870968;null;
1999-09-30;0;143;null;null;114,3;4,3;null;80,2;938,532222;29,916667;19,983333;11,92;70,058333;5,1;1,148889;42,216667;null;
1999-10-31;0;null;null;null;118,7;6,466667;null;133,3;937,685556;29,053846;21,6375;15,434615;72,427083;6,2;1,066292;42,216667;null;
1999-11-30;0;93;null;null;179,3;6,6;null;165,6;935,583333;29,42;21,765333;16,593333;78,05;11,8;1,655556;53,7;null;
1999-12-31;0;103,6;null;null;156,5;6,043011;19;299,6;935,075269;28,980645;22,818065;18,503226;81,443548;6,7;1,473118;55,887097;null;
2000-01-31;0;89,8;null;null;167,9;7,150538;18;339,7;933,85914;30,151613;23,643871;19,364516;83,290323;6,7;1,337634;49,048387;null;
2000-02-29;0;75,5;null;null;128,5;7,114943;16;151,4;936,133333;29,662069;23,291034;18,982759;84,008621;8,2;1,466279;44,017241;null;
2000-03-31;0;82,5;null;null;112,4;6,747126;15;269,1;936,104301;28,948387;22,583871;18,145161;85,274194;5,7;1,268817;47,612903;null;
2000-04-30;0;98,2;null;null;169,7;4,147727;6;24;938,24;29,076667;20,367333;14,05;82,116667;3,1;1;46,8;null;
2000-05-31;0;120,1;null;null;238,2;3,150538;3;1,8;939,089247;28,106452;17,60129;9,883871;81,483871;6,7;1,182796;52,483871;null;
2000-06-30;0;124,4;null;null;258;2,822222;0;0;940,516667;27,09;15,213333;6,9;82,166667;7,7;1,04;52,1;null;
2000-07-31;0;133;null;null;215,7;4,450549;1;1,8;939,937634;26,364516;15,514194;7,63871;81,346774;8,2;1,069892;55,532258;null;
2000-08-31;0;168,3;null;null;189,2;4,406593;2;6,3;939,73871;28,793548;17,707097;9,409677;70,387097;7,2;1,245556;53,983871;null;
2000-09-30;0;126,1;null;null;134,2;6,644444;10;85,7;939,072222;28,016667;20,305333;14,66;75,658333;4,6;1,434444;51,966292;null;
2000-10-31;0;187,3;null;null;240,1;5,25;5;46,9;937,287097;32,835484;23,62;16,319355;66,354839;5,1;1,390323;53,172043;null;
2000-11-30;0;86,4;null;null;115;7,966667;20;212,8;935,246667;28,27;22,038667;17,716667;80,933333;5,7;1,414607;50,876404;null;
2000-12-31;0;100,5;null;null;142,1;7,43956;17;192,8;934,12043;30,532258;23,430968;18,819355;80,846774;9,3;1,345161;53,806452;null;
2001-01-31;0;132,3;null;null;209,5;6,193548;12;58;937,024731;30,564516;23,567742;18,109677;75,096774;4,1;1,477419;58,430108;null;
2001-02-28;0;130,3;null;null;211,7;4,988095;5;47,3;935,804762;32,592857;24,304286;17,564286;71,866071;5,1;,964286;63,952381;null;
2001-03-31;0;103,1;null;null;184,5;5,802198;16;183,1;936,789011;30,580645;22,8;17,212903;80,155172;3,1;,620652;60,32967;null;
2001-04-30;0;117,3;null;null;263,7;3,966292;0;0;938,585556;30,936667;21,618;14,54;75,491667;4,6;1,063333;62,6;null;
2001-05-31;0;102,7;null;null;207,6;4,956522;8;73,7;938,473118;27,809677;18,330323;10,832258;77,201613;5,6;,87957;56,397849;null;
2001-06-30;0;105,2;null;null;251,7;3,404494;0;0;941,17191;26,883333;17,022069;9,76;74,913793;3,6;,746067;56,068182;null;
2001-07-31;0;136,1;null;null;255,6;2,945652;2;6,2;940,815217;27,351613;16,942;8,290323;69,875;5,1;1,119565;51,26087;null;
2001-08-31;0;155,3;null;null;244,5;3,516484;5;53,4;942,650549;27,303226;16,924;7,906667;68,883333;7,7;1,203297;55,697674;null;
2001-09-30;0;140,2;null;null;195,6;5,137931;6;61,3;938,584444;28,43;19,787333;12,05;69,941667;4,1;1,116667;54,819672;null;
2001-10-31;0;134,4;null;null;194,4;5,376344;7;139,1;936,951613;29,203226;21,490323;14,645161;70,33871;4,1;1,375269;59,746032;null;
2001-11-30;0;105,2;null;null;157,2;7,188889;18;182,3;934,938889;30,093333;23,11;18,066667;78,616667;5,1;1,337778;54,836066;null;
2001-12-31;0;99,5;null;null;129,9;7,05914;19;387,9;934,963441;28,719355;22,459355;17,835484;80,572581;4,6;1,283871;53,548387;null;
2002-01-31;0;103,2;null;null;149,8;6,580645;17;172,2;935,187097;30,432258;23,774839;19,054839;79,895161;5,7;1,33871;59,6875;null;
2002-02-28;0;65,5;null;null;87,1;7,52381;20;302;936,264286;28,517857;22,795;19,039286;85,241071;4,5;1,269048;54,107143;null;
2002-03-31;0;111,5;null;null;210,1;4,836957;11;38,1;937,382609;30,490323;23,037419;17,441935;79,291667;5,1;,897826;48,852459;null;
2002-04-30;0;126,7;null;null;277,7;3,177778;2;7;937,742222;30,716667;21,568;14,583333;75,9;3,1;,894444;53,770492;null;
2002-05-31;0;null;null;null;248,2;4,375;8;32;939,094565;28,25;19,135333;12,587097;81,193548;4,62996;,949735;97,064516;null;
2002-06-30;0;null;null;null;243,9;3,319444;0;0;941,676667;27,25;16,692;9,26;78,183333;4,11552;,708784;96,566667;null;
2002-07-31;0;null;null;null;226,5;3,642473;4;18,9;941,168817;27,041935;17,024516;9,290323;77,330645;7,20216;,730173;96,532258;null;
2002-08-31;0;null;null;null;259;3,561828;1;1;941,023656;29,84;19,114667;10,432258;69,125;4,62996;1,089728;96,951613;null;
2002-09-30;0;null;null;null;172,4;6,207865;8;48,9;939,111236;29,623333;20,464667;13,439286;65,866667;3,60108;1,156045;96,466667;null;
2002-10-31;0;null;null;null;259,2;4,061111;5;28,9;935,711111;33,796667;23,727742;14,68;58,129032;5,1444;1,57837;92,2;null;
2002-11-30;0;null;null;null;155,8;6,777778;15;233,9;936,351111;30,376667;22,946;17,153333;76,816667;4,11552;1,126052;96,933333;null;
2002-12-31;0;null;null;null;167,9;7,309783;18;522,6;935,213043;30,977419;24,04129;19,487097;79,379032;9,77436;1,056839;96,229508;null;
2003-01-31;0;69,5;117,605549;117,605549;88,2;7,967742;23;340,9;935,183871;29,354839;23,650323;19,922581;85,524194;5;,770968;40,918033;null;
2003-02-28;0;124,2;104,300978;104,300978;237,3;4,654762;9;113,7;937,182143;31,264286;23,753571;17,957143;76,276786;5;,769048;61,321429;null;
2003-03-31;0;88,7;99,474024;99,474024;155,9;6,717742;13;74,8;937,082796;29,235484;22,611613;17,983871;82,395161;7,2;,808913;56,306452;null;
2003-04-30;0;89,9;null;null;199,2;4,588889;6;37,6;938,364444;29,17;21,548667;15,88;79,008333;3,1;,581111;57,677419;null;
2003-05-31;0;107;37,577323;37,577323;240,4;3,967742;5;44,6;939,765591;26,848387;17,396129;10,209677;76,862903;3,1;,712903;58,825397;null;
2003-06-30;0;99,1;45,612836;45,612836;267,8;2,444444;0;0;940,35;28,05;16,889333;9,033333;78,35;2,6;,605556;49,4;null;
2003-07-31;0;127,8;37,01473;37,01473;242,8;3,83871;1;8,4;942,473118;26,970968;15,801935;7,574194;76,927419;3,6;,825806;56;null;
2003-08-31;0;144,7;60,37996;60,37996;211,8;4,516129;5;54,9;940,633333;27,945161;18,009677;10,445161;75,362903;3,1;,772043;53,209677;null;
2003-09-30;0;141,4;85,351203;85,351203;200,5;4,922222;5;124,5;939,233333;29,736667;20,318667;13,39;72,9;8,2;,913333;55,1;null;
2003-10-31;0;144,9;101,039121;72,348797;183,1;5,580645;7;41,5;937,260215;30,167742;21,543226;15,251613;73,83871;3,1;,713978;51;null;
2003-11-30;0;109;105,35601;105,35601;137;7,611111;19;124,8;935,727778;29,603333;22,676667;17,836667;79,258333;3,1;,651111;54,066667;null;
2003-12-31;0;113,1;122,97675;122,97675;138;6,827957;18;186;935,81828;29,977419;23,610323;19,46129;80,475806;3,1;,680645;50,753846;null;
2004-01-31;0;84,6;117,595698;117,595698;142;7,612903;19;247,6;934,174194;28,853333;23,040645;19,43;84,387097;3,6;,124731;48,225806;null;
2004-02-29;0;64,7;107,263332;107,263332;111,3;7,942529;22;436,2;936,122989;28,058621;22,118621;18,355172;88,137931;11,8;,806977;52,516667;null;
2004-03-31;0;83,1;93,88627;93,88627;142,8;6,333333;12;237,6;936,529032;28,903226;21,640645;17,066667;83,758065;4,1;,712903;56,16129;null;
2004-04-30;0;74,7;79,959421;79,959421;135;5,966292;11;60,1;937,466292;28,096667;21,241379;16,693333;85,163793;2,6;,61236;51,409836;null;
2004-05-31;0;83,9;49,675929;49,675929;153,8;4,946237;4;8;939,315054;27,206452;18,998065;13,409677;82,233871;4,1;,684946;58,048387;null;
2004-06-30;0;81,3;43,777429;43,777429;196,5;4,488889;5;38,7;941,801111;25,146667;16,322;10,17;83,816667;3,1;,624444;54,966667;null;
2004-07-31;0;105,4;38,270185;38,270185;207,9;3,728261;5;45,1;941,145161;24,53871;15,48;8,745161;79,072581;4,1;,659551;58,274194;null;
2004-08-31;null;143,6;48,780982;48,780982;252,2;3,115591;1;,1;941,580645;28,241935;17,208387;8,63871;67,870968;5,7;null;55,129032;null;
2004-09-30;0;195,7;77,341649;60,095475;247,5;2,622222;2;4,3;938,827778;31,96;20,837333;11,873333;60,508333;6,2;1,386667;53,934426;null;
2004-10-31;0;122,2;83,80733;10;139,5;7,150538;15;158,1;937,096774;29,812903;22,272258;17,006452;74,733871;6;1,551613;59,746032;null;
2004-11-30;0;124,3;98,745696;98,745696;171,2;6,866667;12;198;935,091111;30,5;23,074667;17,84;75,225;7,2;1,333333;60,758065;null;
2004-12-31;0;85,3;null;null;125,1;7,903226;21;413,4;935,215054;28,948387;23,052258;19,435484;83,991935;5,7;1,337634;50,096774;null;
2005-01-31;0;85,8;null;null;109,8;7,344086;21;362,1;934,525806;29,693548;23,939355;20,516129;84,508065;7,7;1,052688;63,96875;null;
2005-02-28;0;97;99,400714;99,400714;194,1;5,583333;8;114,8;935,163095;30,989286;23,217143;17,903571;78,169643;4,1;,917857;57;null;
2005-03-31;0;75,2;102,478521;102,478521;128,3;7,075269;15;180,4;936,343011;29,448387;23,026452;19,219355;85,540323;8,1;1,122581;49,693548;null;
2005-04-30;0;104,7;85,240037;85,240037;184,9;4,055556;6;23,1;937,961111;29,703333;22,003333;16,713333;80,9;4,6;,923333;57,396825;null;
2005-05-31;0;91,4;53,515655;53,515655;204,1;4,408602;5;106;939,350538;26,822581;18,329032;12,448387;81,580645;5,1;1,23871;56,634921;null;
2005-06-30;0;79,9;42,086018;42,086018;202,8;4,011111;2;10,6;941,395556;25,396667;16,817333;10,916667;83,241667;4,1;1,07;57,04918;null;
2005-07-31;0;103,6;41,516737;41,516737;232;3,806452;6;8,9;942,329032;25,716129;16,449677;9,893548;79,637097;5,1;1,023656;57,645161;null;
2005-08-31;0;153,6;54,712986;30,641553;218;2,548387;0;0;940,441935;28,603226;18,034194;9,870968;69,83871;4,6;1,075269;59,75;null;
2005-09-30;0;128,9;81,485425;81,485425;95,5;5,822222;11;88,2;938,815556;28,93;21,358;15,66;72,266667;5,7;1,466667;53,25;null;
2005-10-31;0;160,7;110,349393;110,349393;207,1;5,946237;10;109,2;936,553763;32,090323;23,50129;17,209677;69,225806;5,1;1,486364;56,516129;null;
2005-11-30;0;84,7;null;null;90,1;8,833333;20;158,5;935,303333;27,28;22,03;18,77;86,183333;9,3;1,471111;53,133333;null;
2005-12-31;0;79,4;null;null;93,2;8,451613;23;341,6;935,126882;27,751613;21,945806;18,183871;85,354839;6,2;1,482609;53,870968;null;
2006-01-31;0;130,1;110,447103;110,447103;182,1;6,870968;13;147,4;936,344086;30,151613;23,123226;18,035484;78,532258;6,7;1,213978;69;null;
2006-02-28;0;93,5;null;null;149,9;7,321429;14;243,1;934,777381;30,678571;23,540714;18,503571;83,241071;5,7;1,171429;63,428571;null;
2006-03-31;0;79,3;null;null;146,5;7,365591;19;253;935,831183;29,354839;23,020645;19,4;85,58871;6,2;1,234409;58,809524;null;
2006-04-30;0;87,5;null;null;191,6;6,188889;6;34,1;936,636667;29,03;21,464;16,816667;83,016667;4,6;1,024444;61,966667;null;
2006-05-31;0;83,4;50,20561;50,20561;245,5;4,784946;6;25,8;939,510753;27,090323;17,522581;11,212903;82,58871;3,6;,864516;55,625;null;
2006-06-30;0;104,4;37,091209;37,091209;242,8;3,833333;2;5,2;941,871111;25,673333;15,642667;8,88;81,425;4,1;1,033333;61,0625;null;
2006-07-31;0;127,1;38,113199;38,113199;248,7;3,698925;1;9,5;941,478495;27,351613;15,603226;7,825806;78,032258;4,1;,832258;62,483871;null;
2006-08-31;0;154,7;55,404318;40,889982;257,4;3,946237;6;27,4;939,647312;29,225806;18,171613;10,341935;72,104839;6,2;1,14086;60,935484;null;
2006-09-30;0;133,4;69,848965;69,848965;182,5;5,944444;7;93,3;938,643333;28,69;19,872667;13,54;74,258333;5,1;1,157778;57,19697;null;
2006-10-31;0;89,8;93,080435;93,080435;117,2;7,946237;17;237;936,291398;27,925806;21,743871;17,683871;83,306452;3,6;,851613;58,193548;null;
2006-11-30;0;88,6;101,68153;101,68153;126,6;7,944444;16;256;935,195556;28,513333;22,22;18,06;83,575;3,1;,652222;54,95082;null;
2006-12-31;0;73,4;112,486465;112,486465;87,4;8,935484;27;526,1;935,969892;28,722581;23,086452;19,729032;86,959677;3,1;,752688;57,258065;null;
2007-01-31;0;58,7;112,635803;112,635803;56;9,333333;30;342;934,948387;28,593548;23,192903;19,912903;90,846774;3,6;,235484;58,758065;null;
2007-02-28;0;91,9;96,523668;96,523668;167,2;6,119048;14;159,3;935,629762;29,539286;23,186429;18,571429;82,169643;4,6;,621429;60,596491;null;
2007-03-31;0;148,5;102,478521;102,478521;247,1;4,698925;5;35,2;937,416129;31,470968;23,030968;16,8;76,217742;3,6;,878495;63;null;
2007-04-30;0;103,7;83,493857;83,493857;201,8;5,466667;6;107,6;938,016667;30,003333;21,814;16,166667;80,608333;3,1;,654444;62,433333;null;
2007-05-31;0;104,3;53,515655;53,515655;234,7;4,362637;3;29,2;939,078022;27,164516;17,991333;11,503226;80;3,1;,735165;59,166667;null;
2007-06-30;0;104,5;41,513598;41,513598;265,1;3,141667;0;0;941,224444;27,423333;16,014667;7,756667;79,341667;3,1;,741111;64,1;null;
2007-07-31;0;130,7;43,279703;43,279703;249,1;4,322581;2;28;940,245161;27,132258;16,440645;8,393548;76,080645;4,1;,551613;56,793651;null;
2007-08-31;0;177,9;48,065048;18,891044;306;3,107527;0;0;941,293548;28,270968;17,101935;7,832258;67,491935;3,6;,93871;57,483871;null;
2007-09-30;0;227,6;90,414741;,5;272,7;2,933333;1;,5;940,206667;31,203333;21,000667;11,586667;56,475;4,6;1,143333;57,580645;null;
2007-10-31;0;211,2;107,182411;64,7;226;5,107527;8;64,7;936,486022;32,458065;23,268387;15,870968;61,298387;4,6;,916129;58,870968;null;
2007-11-30;0;92;102,704099;102,704099;133,2;8,411111;18;291,4;935,017978;29,496667;22,65;18,52;81,808333;2,6;,603333;57,416667;null;
2007-12-31;0;114,9;114,705877;114,705877;191,6;6,612903;15;202;934,769892;30,164516;23,303871;18,270968;78,08871;2,1;,565591;65,301587;null;
2008-01-31;0;92,2;105,080101;105,080101;126,1;7,430108;21;648,4;935,006452;28,825806;22,448387;18,170968;84,08871;2,6;,146237;46,761905;null;
2008-02-29;0;84,9;101,952038;101,952038;141,5;7,195402;16;265,7;935,555172;29,641379;23,218621;18,9;81,853448;2,6;,66092;50,830508;null;
2008-03-31;0;90,8;97,342034;97,342034;198,2;6,44086;15;136;935,665591;29,445161;22,492258;17,951613;82,564516;2,6;,792473;57,467742;null;
2008-04-30;0;79,3;83,359984;83,359984;184,7;6,444444;13;267,9;935,587778;28,82;21,893333;17,293333;83,608333;2,6;,744444;56,1;null;
2008-05-31;0;90,2;54,127016;54,127016;229,7;4,55914;2;14,4;938,882796;27,180645;18,260645;11,980645;80,524194;3,1;,746237;57,274194;null;
2008-06-30;0;79,8;45,601927;24,933554;230,5;5,088889;2;3,8;940,801111;26,946667;17,482667;11,286667;82,6;2,6;,817778;57,131148;null;
2008-07-31;0;119,7;33,854747;11,499126;283,9;2,709677;0;0;942,064516;26,703226;15,034839;6,729032;74,91129;2,6;,724731;62,825397;null;
2008-08-31;0;171,6;59,021952;30,589903;271,8;3,978495;3;21,7;939,058065;29,054839;18,556774;10,619355;71,217742;3,6;,895699;57,983871;null;
2008-09-30;0;152,9;69,963998;69,963998;164,4;5,366667;8;99;938,527778;29,72;19,906667;12,22;67,766667;2,6;1,064444;59,7;null;
2008-10-31;0;140,5;102,169576;100,02863;164,8;6,784946;8;46,5;937,641935;30,609677;22,74;16,954839;72,782258;3,1;,930108;61,774194;null;
2008-11-30;0;106,9;105,910854;105,910854;126,3;8,033333;16;113,1;935,051111;29,536667;22,93;18,413333;77,191667;2,6;,775556;61,15;null;
2008-12-31;0;88,9;109,222293;109,222293;98,7;8,333333;17;430,2;934,065591;28,687097;22,694194;18,958065;83,435484;2,6;,806452;56,806452;null;
2009-01-31;0;86,3;111,538453;111,538453;120,6;7,924731;17;439,8;935,503226;29,641935;23,087097;18,929032;83,33871;2,6;,489247;49,063492;null;
2009-02-28;5;96,7;103,310379;103,310379;171,6;6,880952;14;224;935,765476;30,396429;23,652143;19,133333;81,571429;3,1;,990476;65,428571;null;
2009-03-31;5;88,3;103,491132;103,491132;137,7;6,83871;16;192,5;935,263441;30,164516;23,46;19,393548;83,241935;2,7;,913978;61,666667;null;
2009-04-30;14;82,2;74,249089;74,249089;198,1;5,611111;8;120,7;937,574444;28,59;20,975333;15,8;81,775;2,6;,892222;63,733333;null;
2009-05-31;14;84,2;60,492178;59,47747;237,9;4,892473;6;47,6;939,084946;27,254839;18,729032;12,758065;83,346774;2,6;,895699;51,369231;null;
2009-06-30;18;74,1;40,381884;38,948558;206,9;4,955556;4;32;940,646667;25,76;16,402667;9,846667;83;2,6;,907778;58,177419;null;
2009-07-31;14;99,3;52,71444;43,836436;254,5;4,033708;1;2,4;941,104494;28,29;17,938621;10,186207;78,232759;2,6;,870787;59,193548;null;
2009-08-31;5;133,3;58,218261;52,47965;225,3;5,204301;4;45,2;940,741935;27,867742;18,514194;11,251613;73,362903;2,6;1,129032;63,587302;null;
2009-09-30;18;120,1;103,793863;103,793863;179,1;5,755556;11;115,8;938,786364;29,993103;22,097931;15,859259;74,783333;2,6;1,075556;47,276923;null;
2009-10-31;14;94,5;115,742491;115,742491;134,2;7,311828;15;153,9;935,793548;29,725806;22,731613;18,16129;81,185484;2,6;1,034409;55,553846;null;
2009-11-30;5;125,3;118,732849;118,732849;194,5;6,139535;10;91,1;935,151163;31,772414;24,145385;18,778571;76,351852;3,1;1,083721;61,47619;null;
2009-12-31;14;82,7;110,291256;110,291256;124,2;7,532609;24;232,1;935,716304;29,183871;22,876667;18,27;84,525;2,1;,965217;48,185714;null;
2010-01-31;5;97,1;120,485822;120,485822;180,8;5,827957;12;226;937,173118;31,074194;23,782581;18,141935;79,830645;3,6;,848387;48,542857;null;
2010-02-28;14;121,8;107,304512;107,304512;236,7;5,39759;7;118,4;936,925301;31,7;24,051429;18,357143;74,080357;3,1;1,044578;57,816667;null;
2010-03-31;5;96,4;104,50931;104,50931;186,3;5,815217;11;273,3;936,607609;30,433333;23,012;17,756667;83,575;2,6;1,008696;60,412698;null;
2010-04-30;14;87,7;73,438625;73,438625;231,5;5,033333;6;124;938,316667;28,816667;20,648;14,346667;80;2,9;1,168889;55,31746;null;
2010-05-31;14;85,4;53,515655;53,515655;230,4;4,576087;4;36,7;938,486957;27,47;18,012;11,593333;80,841667;3,1;1,025;56,16129;null;
2010-06-30;14;89,8;32,446232;28,248018;246,5;3,344828;2;2;942,098851;25,73;14,802222;8,028571;79,268519;12;1,051724;61,564516;null;
2010-07-31;5;113,5;46,309336;29,700996;254,7;3,430108;2;4,5;943,683871;26,780645;17,096774;11,387097;76,669355;2,1;,651613;68,709677;null;
2010-08-31;14;175,5;48,065048;18,527978;294,4;2,784946;0;0;941,380645;28,883871;17,005806;10,03871;66,040323;2,6;1,04086;61,833333;null;
2010-09-30;5;188,7;76,375692;76,375692;200,1;3,988889;6;101,5;939,128889;30,26;20,653333;14,48;66,291667;5,3;1,223333;58,857143;null;
2010-10-31;14;109,5;98,988132;98,988132;159,7;6,473118;13;160,8;935,958065;29,709677;22,290323;17,980645;77,887097;2,6;,986022;46,428571;null;
2010-11-30;5;79,1;104,766405;104,766405;136,4;7,954545;19;174,1;935,032955;29,103333;22,703448;19,866667;82,341667;4,6;1,034091;55,067797;null;
2010-12-31;5;101,9;123,826657;123,826657;178,4;6,698925;19;233,5;933,870652;30,819355;24,036129;19,735484;82,725806;2,6;1,022581;57,983871;null;

