Nome: CABROBO
Codigo Estacao: 82886
Latitude: -8.50388888
Longitude: -39.31527777
Altitude: 342.78
Situacao: Operante
Data Inicial: 1981-01-01
Data Final: 2010-12-31
Periodicidade da Medicao: Mensal

Data Medicao;DIRECAO PREDOMINANTE DO VENTO, MENSAL(° (gr));EVAPORACAO DO PICHE, MENSAL(mm);EVAPOTRANSPIRACAO POTENCIAL, BH MENSAL(mm);EVAPOTRANSPIRACAO REAL, BH MENSAL(mm);INSOLACAO TOTAL, MENSAL(h);NEBULOSIDADE, MEDIA MENSAL(décimos);NUMERO DE DIAS COM PRECIP. PLUV, MENSAL(número);PRECIPITACAO TOTAL, MENSAL(mm);PRESSAO ATMOSFERICA, MEDIA MENSAL(mB);TEMPERATURA MAXIMA MEDIA, MENSAL(°C);TEMPERATURA MEDIA COMPENSADA, MENSAL(°C);TEMPERATURA MINIMA MEDIA, MENSAL(°C);UMIDADE RELATIVA DO AR, MEDIA MENSAL(%);VENTO, VELOCIDADE MAXIMA MENSAL(m/s);VENTO, VELOCIDADE MEDIA MENSAL(m/s);VISIBILIDADE, MEDIA MENSAL(codigo);
1981-01-31;14;null;null;null;null;7,15942;4;4,3;971,498551;33,178261;27,135652;22,356522;54,543478;8,8;3,930435;53,396226;null;
1981-02-28;14;null;null;null;null;5,677419;5;14,6;971,130645;33,890476;27,869524;21,847619;47,157895;9,8;4,9;null;null;
1981-03-31;14;218,2;null;null;139,4;7,275862;15;319,3;970,847126;31,210345;26,318621;22,441379;69,178571;7;2,895402;60;null;
1981-04-30;14;null;null;null;null;6,015152;7;52,5;972,119697;29,554545;24,725455;20,890909;72,75;6,3;3,348485;null;null;
1981-05-31;14;null;null;null;200,1;5,653846;1;,4;973,6;30,669231;24,999231;20,015385;58,067308;9,1;4,494872;60;null;
1981-06-30;14;245,1;null;null;195,3;5,440476;5;5,5;975,234524;29,685714;24,157857;18,635714;58,9375;8,1;4,616667;60;null;
1981-07-31;14;244,6;null;null;215;4,716049;5;2,6;976,382716;29,003704;23,200741;17,481481;56,101852;9,8;5,504938;60;null;
1981-08-31;14;null;null;null;null;4,710145;2;2,3;975,094203;30,047826;23,909565;17,747826;52,534091;8,3;5,657971;60;null;
1981-09-30;14;null;null;null;209,2;4,538462;1;,2;974,955128;31,123077;25,489231;19,761538;46,75;10,3;5,99359;60;null;
1981-10-31;14;null;null;null;null;5,269841;null;0;971,525397;34,319048;28,56;22,714286;39,75;9,3;4,853968;null;null;
1981-11-30;14;null;null;null;null;5,538462;2;2;970,153846;34,9;29,134118;23,2;42,352941;9,5;4,821154;null;null;
1981-12-31;14;null;null;null;null;6,068966;4;3,2;971,19661;34,35;null;null;44,9625;9,3;5,050847;null;null;
1982-01-31;null;null;null;null;210,4;null;4;6,2;null;33,611538;null;23,130769;null;null;null;null;null;
1982-02-28;null;null;null;null;null;null;3;32,8;null;33,4;null;23,175;null;null;null;null;null;
1982-03-31;null;273,6;null;null;213,4;null;6;70,3;null;33,514286;null;23,05;null;null;null;null;null;
1982-04-30;null;262,4;null;null;169,3;null;10;54,6;972,593939;32,255556;null;22,577778;null;7,6;null;null;null;
1982-05-31;null;null;null;null;null;null;5;19,4;null;29,9;null;21,0625;null;null;null;null;null;
1982-06-30;null;null;null;null;null;null;1;19,3;null;29,9;null;20,3375;null;null;null;null;null;
1982-07-31;14;null;null;null;156,8;5,719298;6;7,4;975,424561;29,366667;24,216842;19,908333;59,328947;8,3;4,745614;null;null;
1982-08-31;null;314,2;null;null;205,3;null;5;2,2;null;30,492857;null;20,178571;null;null;null;null;null;
1982-09-30;null;null;null;null;173,3;null;2;7,1;973,872414;32,466667;null;21,741667;null;10,6;null;null;null;
1982-10-31;null;null;null;null;null;null;1;null;null;33,775;null;21,74;null;null;null;null;null;
1982-11-30;14;null;null;null;null;4,919355;null;0;970,962903;35,03913;29,348571;22,947826;34,5;9,5;4,569355;null;null;
1982-12-31;null;null;null;null;null;null;4;24,8;970,36;34,614286;null;22,790476;null;10;null;null;null;
1983-01-31;null;249,7;null;null;218,6;null;11;95,5;null;33,5;null;23,245161;null;null;null;null;null;
1983-02-28;null;190;null;null;183,5;null;9;75,5;null;31,614286;null;22,5;null;null;null;null;null;
1983-03-31;null;254,2;null;null;208,8;null;11;59,9;null;33,996774;null;23,096774;null;null;null;null;null;
1983-04-30;null;252,1;null;null;250,5;null;4;11,2;971,447619;33,106667;null;22,373333;null;8,3;null;null;null;
1983-05-31;null;300,8;null;null;272,1;null;1;7,9;null;32,803226;null;22,135484;null;null;null;null;null;
1983-06-30;null;252,3;null;null;245,6;null;2;1;null;31,133333;null;20,526667;null;null;null;null;null;
1983-07-31;14;286,3;null;null;245,9;4,645833;1;2,5;974,839583;31,151613;25,24;20,251613;50,09375;9;5,1625;43,333333;null;
1983-08-31;null;289,9;null;null;247,4;null;6;7,2;null;31,093548;null;20,212903;null;null;null;null;null;
1983-09-30;null;367;null;null;274,1;null;1;,5;null;33,586667;null;21,86;null;null;null;null;null;
1983-10-31;null;470,7;null;null;282,5;null;0;0;null;34,309677;null;22,393548;null;null;null;null;null;
1983-11-30;null;411,7;null;null;294;null;3;28;null;35,606667;null;24,02;null;null;null;null;null;
1983-12-31;null;346,9;null;null;270,1;null;3;6,7;null;34,719355;null;24,103226;null;null;null;null;null;
1984-01-31;null;343;null;null;269,7;null;4;19,9;null;34,725806;null;23,535484;null;null;null;null;null;
1984-02-29;null;480,1;null;null;267,6;null;2;4;null;35,382759;null;23,958621;null;null;null;null;null;
1984-03-31;null;229,8;null;null;201;null;17;120;null;33,119355;null;23,03871;null;null;null;null;null;
1984-04-30;14;116,3;null;null;184,8;7,348485;19;234,2;971,042424;29,866667;25,507273;22,213333;75,522727;6,1;2,959091;43,333333;null;
1984-05-31;null;82,6;null;null;217,5;null;9;21,7;972,05;30,396774;null;21,103226;null;6,8;null;null;null;
1984-06-30;null;274,2;null;null;217,7;null;6;3,6;974,342553;30,14;24,0975;19,653333;59,34375;7,6;null;null;null;
1984-07-31;14;285,4;null;null;193,7;6,533333;8;18,3;974,7;28,912903;23,582667;19,206452;62;8,6;5,473333;43,333333;null;
1984-08-31;null;373,3;null;null;238,8;null;3;,8;null;30,970968;null;20,148387;null;null;null;null;null;
1984-09-30;null;397;null;null;245,7;null;7;13,8;null;32,433333;null;21,18;null;null;null;null;null;
1984-10-31;null;493,4;null;null;272,2;null;3;15,1;null;34,054839;null;22,467742;null;null;null;null;null;
1984-11-30;null;485,7;null;null;292,8;null;2;44,7;970,819149;34,886667;29,01;23,166667;39,84375;10;null;null;null;
1984-12-31;null;492,8;null;null;312,5;null;1;1;null;36,06129;null;24,380645;null;null;null;null;null;
1985-01-31;32;140,9;null;null;192,6;7,395833;19;236,3;969,475;30,912903;25,27125;21,954839;76,453125;6,6;2,341667;44,0625;null;
1985-02-28;null;65,2;null;null;214,3;null;10;128,2;970,662162;29,678571;null;21,235714;null;5,8;null;null;null;
1985-03-31;null;108,4;null;null;223,1;null;17;342,2;970,045238;30,177419;null;21,858065;null;4,8;null;null;null;
1985-04-30;14;87,1;null;null;177,4;6,94;15;261,6;970,48;29,373333;24,675294;21,413333;79,044118;6,8;2,642;44;null;
1985-05-31;null;131,5;null;null;230,4;null;10;76,4;971,786486;29,293548;null;20,83871;null;6,1;null;null;null;
1985-06-30;14;131,4;null;null;166;7,152542;12;54,7;974,742373;28,3;23,283;19,513333;76,9125;7,3;3,111864;43,898305;null;
1985-07-31;null;236,3;null;null;162,6;null;10;20,5;null;28,1;null;18,932258;null;null;null;null;null;
1985-08-31;null;285,6;null;null;218,1;null;8;7,8;null;30,487097;null;19,251613;null;null;null;null;null;
1985-09-30;null;397,6;null;null;250,7;null;4;,7;null;32,593333;null;20,326667;null;null;null;null;null;
1985-10-31;null;403,7;null;null;286,1;null;2;13;null;34,641935;null;22,283871;null;null;null;null;null;
1985-11-30;14;403,2;null;null;254,3;5,857143;2;10,7;970,082143;34,44;28,261053;22,706667;45,802632;9,3;4,276786;43,928571;null;
1985-12-31;null;144,2;null;null;146,5;null;15;123,6;969,691892;30,187097;null;21,567742;null;5,6;null;null;null;
1986-01-31;null;null;null;null;null;null;null;null;null;null;null;null;null;null;null;null;null;
1986-02-28;null;null;null;null;null;null;null;null;null;null;null;null;null;null;null;null;null;
1986-03-31;null;null;null;null;null;null;null;null;null;null;null;null;null;null;null;null;null;
1986-04-30;null;null;null;null;null;null;null;null;null;null;null;null;null;null;null;null;null;
1986-05-31;null;null;null;null;null;null;null;null;null;null;null;null;null;null;null;null;null;
1986-06-30;null;null;null;null;null;null;null;null;null;null;null;null;null;null;null;null;null;
1986-07-31;null;null;null;null;null;null;null;null;null;null;null;null;null;null;null;null;null;
1986-08-31;null;null;null;null;null;null;null;null;null;null;null;null;null;null;null;null;null;
1986-09-30;null;null;null;null;null;null;null;null;null;null;null;null;null;null;null;null;null;
1986-10-31;null;null;null;null;null;null;null;null;null;null;null;null;null;null;null;null;null;
1986-11-30;null;null;null;null;null;null;null;null;null;null;null;null;null;null;null;null;null;
1986-12-31;null;null;null;null;null;null;null;null;null;null;null;null;null;null;null;null;null;
1987-01-31;null;null;null;null;null;null;null;null;null;null;null;null;null;null;null;null;null;
1987-02-28;null;null;null;null;null;null;null;null;null;null;null;null;null;null;null;null;null;
1987-03-31;null;null;null;null;null;null;null;null;null;null;null;null;null;null;null;null;null;
1987-04-30;null;null;null;null;null;null;null;null;null;null;null;null;null;null;null;null;null;
1987-05-31;null;null;null;null;null;null;null;null;null;null;null;null;null;null;null;null;null;
1987-06-30;null;null;null;null;null;null;null;null;null;null;null;null;null;null;null;null;null;
1987-07-31;null;null;null;null;null;null;null;null;null;null;null;null;null;null;null;null;null;
1987-08-31;null;null;null;null;null;null;null;null;null;null;null;null;null;null;null;null;null;
1987-09-30;null;null;null;null;null;null;null;null;null;null;null;null;null;null;null;null;null;
1987-10-31;null;null;null;null;null;null;null;null;null;null;null;null;null;null;null;null;null;
1987-11-30;null;null;null;null;null;null;null;null;null;null;null;null;null;null;null;null;null;
1987-12-31;null;null;null;null;null;null;null;null;null;null;null;null;null;null;null;null;null;
1988-01-31;null;null;null;null;null;null;null;null;null;null;null;null;null;null;null;null;null;
1988-02-29;null;null;null;null;null;null;null;null;null;null;null;null;null;null;null;null;null;
1988-03-31;null;null;null;null;null;null;null;null;null;null;null;null;null;null;null;null;null;
1988-04-30;null;null;null;null;null;null;null;null;null;null;null;null;null;null;null;null;null;
1988-05-31;null;null;null;null;null;null;null;null;null;null;null;null;null;null;null;null;null;
1988-06-30;null;null;null;null;null;null;null;null;null;null;null;null;null;null;null;null;null;
1988-07-31;null;null;null;null;null;null;null;null;null;null;null;null;null;null;null;null;null;
1988-08-31;null;null;null;null;null;null;null;null;null;null;null;null;null;null;null;null;null;
1988-09-30;null;null;null;null;null;null;null;null;null;null;null;null;null;null;null;null;null;
1988-10-31;14;469,2;null;null;300,4;3,608696;0;0;971,790217;34,616129;28,732903;23,167742;43,919355;12,5;5,193478;43,597826;null;
1988-11-30;null;null;null;null;null;null;null;0;null;null;null;null;null;null;null;null;null;
1988-12-31;null;null;null;null;null;null;null;null;null;null;null;null;null;null;null;null;null;
1989-01-31;null;null;null;null;null;null;null;null;null;null;null;null;null;null;null;null;null;
1989-02-28;null;null;null;null;null;null;null;null;null;null;null;null;null;null;null;null;null;
1989-03-31;null;null;null;null;null;null;null;null;null;null;null;null;null;null;null;null;null;
1989-04-30;null;null;null;null;null;null;null;null;null;null;null;null;null;null;null;null;null;
1989-05-31;null;null;null;null;null;null;null;null;null;null;null;null;null;null;null;null;null;
1989-06-30;null;null;null;null;null;null;null;null;null;null;null;null;null;null;null;null;null;
1989-07-31;null;null;null;null;null;null;null;null;null;null;null;null;null;null;null;null;null;
1989-08-31;null;null;null;null;null;null;null;null;null;null;null;null;null;null;null;null;null;
1989-09-30;null;null;null;null;null;null;null;null;null;null;null;null;null;null;null;null;null;
1989-10-31;null;null;null;null;null;null;null;null;null;null;null;null;null;null;null;null;null;
1989-11-30;null;null;null;null;null;null;null;null;null;null;null;null;null;null;null;null;null;
1989-12-31;null;null;null;null;null;null;null;null;null;null;null;null;null;null;null;null;null;
1990-01-31;14;254,1;null;null;274;5,771739;2;25,1;970,946739;32,151613;26,411613;21,716129;58,370968;7,6;3,769565;42,336957;null;
1990-02-28;null;null;null;null;null;null;null;0;null;null;null;null;null;null;null;null;null;
1990-03-31;null;null;null;null;null;null;null;null;null;null;null;null;null;null;null;null;null;
1990-04-30;null;null;null;null;null;null;null;null;null;null;null;null;null;null;null;null;null;
1990-05-31;null;null;null;null;null;null;null;null;null;null;null;null;null;null;null;null;null;
1990-06-30;null;null;null;null;null;null;null;null;null;null;null;null;null;null;null;null;null;
1990-07-31;null;null;null;null;null;null;null;null;null;null;null;null;null;null;null;null;null;
1990-08-31;null;null;null;null;null;null;null;null;null;null;null;null;null;null;null;null;null;
1990-09-30;null;null;null;null;null;null;null;null;null;null;null;null;null;null;null;null;null;
1990-10-31;null;null;null;null;null;null;null;null;null;null;null;null;null;null;null;null;null;
1990-11-30;null;null;null;null;null;null;null;null;null;null;null;null;null;null;null;null;null;
1990-12-31;null;null;null;null;null;null;null;null;null;null;null;null;null;null;null;null;null;
1991-01-31;null;null;null;null;null;null;null;null;null;null;null;null;null;null;null;null;null;
1991-02-28;null;null;null;null;null;null;null;null;null;null;null;null;null;null;null;null;null;
1991-03-31;null;null;null;null;null;null;null;null;null;null;null;null;null;null;null;null;null;
1991-04-30;null;null;null;null;null;null;null;null;null;null;null;null;null;null;null;null;null;
1991-05-31;null;null;null;null;null;null;null;null;null;null;null;null;null;null;null;null;null;
1991-06-30;null;null;null;null;null;null;null;null;null;null;null;null;null;null;null;null;null;
1991-07-31;null;null;null;null;null;null;null;null;null;null;null;null;null;null;null;null;null;
1991-08-31;null;null;null;null;null;null;null;null;null;null;null;null;null;null;null;null;null;
1991-09-30;null;null;null;null;null;null;null;null;null;null;null;null;null;null;null;null;null;
1991-10-31;null;null;null;null;null;null;null;null;null;null;null;null;null;null;null;null;null;
1991-11-30;null;null;null;null;null;null;null;null;null;null;null;null;null;null;null;null;null;
1991-12-31;null;null;null;null;null;null;null;null;null;null;null;null;null;null;null;null;null;
1992-01-31;null;null;null;null;null;null;null;null;null;null;null;null;null;null;null;null;null;
1992-02-29;null;null;null;null;null;null;null;null;null;null;null;null;null;null;null;null;null;
1992-03-31;null;null;null;null;null;null;null;null;null;null;null;null;null;null;null;null;null;
1992-04-30;null;null;null;null;null;null;null;null;null;null;null;null;null;null;null;null;null;
1992-05-31;null;null;null;null;null;null;null;null;null;null;null;null;null;null;null;null;null;
1992-06-30;null;null;null;null;null;null;null;null;null;null;null;null;null;null;null;null;null;
1992-07-31;null;null;null;null;null;null;null;null;null;null;null;null;null;null;null;null;null;
1992-08-31;null;null;null;null;null;null;null;null;null;null;null;null;null;null;null;null;null;
1992-09-30;null;null;null;null;null;null;null;null;null;null;null;null;null;null;null;null;null;
1992-10-31;null;null;null;null;null;null;null;null;null;null;null;null;null;null;null;null;null;
1992-11-30;null;null;null;null;null;null;null;null;null;null;null;null;null;null;null;null;null;
1992-12-31;null;null;null;null;null;null;null;null;null;null;null;null;null;null;null;null;null;
1993-01-31;14;402,5;null;null;242,7;6,478261;6;25,8;971,831522;33,203226;27,468387;22,187097;51,233871;9,3;4,519565;43,695652;null;
1993-02-28;14;40;null;null;242,5;6,130952;4;15,2;970,653571;34,335714;28,605714;22,942857;44,651786;7,5;3,855952;43,333333;null;
1993-03-31;null;null;null;null;null;null;null;0;null;null;null;null;null;null;null;null;null;
1993-04-30;null;null;null;null;null;null;null;null;null;null;null;null;null;null;null;null;null;
1993-05-31;null;null;null;null;null;null;null;null;null;null;null;null;null;null;null;null;null;
1993-06-30;null;null;null;null;null;null;null;null;null;null;null;null;null;null;null;null;null;
1993-07-31;null;null;null;null;null;null;null;null;null;null;null;null;null;null;null;null;null;
1993-08-31;null;null;null;null;null;null;null;null;null;null;null;null;null;null;null;null;null;
1993-09-30;null;null;null;null;null;null;null;null;null;null;null;null;null;null;null;null;null;
1993-10-31;null;null;null;null;null;null;null;null;null;null;null;null;null;null;null;null;null;
1993-11-30;14;null;null;null;272,5;5,865169;3;2,1;970,048315;34,433333;28,866667;23,326667;49,8;9,6;4,903371;43,707865;null;
1993-12-31;null;null;null;null;118,1;null;2;15,6;969,56087;35,35625;29,918667;23,9625;45,7;6,8;null;null;null;
1994-01-31;14;null;null;null;249,6;6,752688;10;164,4;970,263441;32,945161;27,900645;23,296774;62,291667;7;2,919355;43,695652;null;
1994-02-28;14;null;null;null;210;7,202381;7;79,9;971,090476;33,146429;27,500714;23,314286;64,366071;6,3;2,690476;43,333333;null;
1994-03-31;14;null;null;null;223,7;7,333333;13;177,5;971,880645;30,506452;25,647097;21,967742;78,008065;8,1;2,727957;43,333333;null;
1994-04-30;14;null;null;null;255,7;6,655556;10;57,1;972,344444;32,273333;26,511333;22,413333;68,5;6,6;3,697778;43,333333;null;
1994-05-31;14;null;null;null;244,6;6,150538;5;8,1;973,474194;31,896774;26,112258;21,722581;65,596774;9,1;4,376344;44,23913;null;
1994-06-30;null;null;null;null;null;null;7;13;975,405085;30,173684;24,934444;21,284211;71,867647;6,6;null;null;null;
1994-07-31;null;null;null;null;135,2;null;5;10;976,864615;29,472727;23,755455;18,954545;69,409091;8,3;null;null;null;
1994-08-31;14;null;null;null;262,2;5,032258;2;3,2;975,773118;30,619355;24,476129;18,896774;63,266129;9,3;5,241304;43,870968;null;
1994-09-30;14;null;null;null;235,4;5,055556;2;2,1;974,97;31,49;25,620667;19,693333;55,308333;8,3;5,588764;44,090909;null;
1994-10-31;14;null;null;null;271,2;4,924731;0;0;972,108602;33,793548;27,716774;21,232258;48,120968;10;5,13913;44,946237;null;
1994-11-30;null;null;null;null;null;null;null;null;null;null;null;null;null;null;null;null;null;
1994-12-31;null;null;null;null;null;null;null;null;null;null;null;null;null;null;null;null;null;
1995-01-31;14;null;null;null;258,4;6,26087;5;31,8;970,654348;33,993548;28,093548;21,954839;53,258065;8,3;3,493478;44,23913;null;
1995-02-28;14;,1;null;null;222,2;7,190476;8;130,3;970,870238;33,357143;27,202143;21,842857;64,133929;5,8;2,633333;43,333333;null;
1995-03-31;14;1,1;null;null;244,5;6,344086;8;215,7;969,969892;32,86129;27,353548;21,967742;62,443548;6,6;2,77957;42,795699;null;
1995-04-30;14;null;null;null;221;6,755556;6;101;968,911111;30,666667;25,804;21,26;73,025;5,3;2,633333;43,333333;null;
1995-05-31;14;null;null;null;220,9;6,83871;10;132,3;971,672043;30,751613;25,494194;20,8;71,637097;8;2,880645;43,11828;null;
1995-06-30;null;null;null;null;null;null;4;16,2;974,414754;28,42;23,416;18,89;73,325;7;null;null;null;
1995-07-31;null;null;null;null;null;null;7;9,2;974,314754;28,97619;23,568571;18,942857;63,011905;8,3;null;null;null;
1995-08-31;14;null;null;null;275,2;4,827957;1;,9;974,855914;30,632258;24,551613;19,541935;56,056452;7,6;4,944086;43,333333;null;
1995-09-30;14;null;null;null;280;4,3;0;0;975,004444;31,88;25,874667;20,406667;50,4;8,5;5,305556;43,333333;null;
1995-10-31;14;null;null;null;319,9;4,344086;0;0;970,888172;34,5;28,341935;21,948387;39,854839;8,8;4,11828;43,333333;null;
1995-11-30;14;null;null;null;229,4;6,6;7;19;970,735556;33,593333;28,188;23,006667;48,916667;10;4,241111;43,333333;null;
1995-12-31;14;null;null;null;255,4;6,166667;5;34;970,438636;34,816667;29,025517;23,44;46,37931;6,8;3,222222;43;null;
1996-01-31;14;null;null;null;278,4;6,526882;3;6,5;969,460215;34,332258;28,810323;23,722581;47,298387;8,3;3,770968;44,408602;null;
1996-02-29;14;null;null;null;230,4;6,701149;8;28,4;969,537931;34,028571;28,227143;23,389286;53,258621;10;3,477011;43,333333;null;
1996-03-31;14;null;null;null;206,4;7,645161;14;87,8;969,809677;33,474194;27,773548;23,516129;60,879032;7;2,863441;43,333333;null;
1996-04-30;14;141,4;null;null;193,3;7,622222;18;165,2;971,207778;30,52;25,474667;22,106667;75,458333;10;3,06;43,333333;null;
1996-05-31;14;197,5;null;null;208,3;6,107527;5;27,4;972,93871;30,732258;25,30129;21,245161;65,314516;8,3;3,467742;43,333333;null;
1996-06-30;null;null;null;null;null;null;null;0;null;null;null;null;null;null;null;null;null;
1996-07-31;14;249;null;null;209,5;5,934783;3;6,1;976,294565;29,183871;23,570968;19,096774;62,862903;8,5;5,188043;43,695652;null;
1996-08-31;14;281,8;null;null;190,1;6,032258;4;7,7;975,258065;29,770968;24,185161;19,754839;61,395161;8,3;5,347312;43,870968;null;
1996-09-30;14;391,6;null;null;277,3;4,755556;2;,6;973,776667;32,513333;26,324667;20,693333;49,725;10,6;6,088889;43,707865;null;
1996-10-31;14;445,6;null;null;295,9;3,870968;0;0;970,675269;34,732258;28,743871;22,86129;42,169355;10,8;5,046237;43,333333;null;
1996-11-30;14;306,7;null;null;210,4;5,433333;5;147,9;969,346667;33,183333;27,636;22,65;55,325;9,3;4,517778;43,333333;null;
1996-12-31;14;313,9;null;null;295,1;2,462366;4;27,6;969,929032;33,803226;27,812258;22,390323;51,217742;8,1;3,473118;43,333333;null;
1997-01-31;14;190,3;null;null;216,3;7,645161;15;164,7;970,066667;32,151613;26,44129;22,283871;65,830645;6;2,91828;43,333333;null;
1997-02-28;14;226,9;null;null;255,6;6,8875;5;36,5;971,178571;32,892857;26,695;21,646429;59,401786;7,5;3,522619;43,333333;null;
1997-03-31;14;200,1;null;null;188,4;7,836957;13;149,5;970,673118;31,454839;26,018065;21,864516;68,572581;8,5;3,315054;43,44086;null;
1997-04-30;14;146,3;null;null;212,5;7,455556;6;87,3;972,254444;30,133333;25,022667;21,48;73,833333;6,6;3,141111;43,333333;null;
1997-05-31;14;151,7;null;null;172,8;7,326087;15;38,8;973,82043;28,945161;23,809677;20;74,830645;9,6;4,024731;43,333333;null;
1997-06-30;null;null;null;null;null;null;null;0;null;null;null;null;null;null;null;null;null;
1997-07-31;14;248,9;null;null;213,4;5,826087;8;18,4;976,301087;28,790323;23,332258;18,858065;65,443548;7,8;4,855435;43,804348;null;
1997-08-31;14;233,5;null;null;236,5;5,419355;5;4,3;976,376344;30,016129;24,027097;18,877419;60,612903;10,6;5,46129;43,333333;null;
1997-09-30;14;400,1;null;null;306,2;3,091954;0;0;971,86;34,366667;27,752;20,773333;44,043478;10,8;4,566667;43,888889;null;
1997-10-31;14;425;null;null;300,1;4,612903;3;4,1;970,32043;35,73871;29,516774;23,619355;42,908333;10;4,368817;43,333333;null;
1997-11-30;14;349,7;null;null;294,57;5,555556;3;58,9;970,22;34,673333;28,578667;23,203333;48,233333;10;3,5;43,888889;null;
1997-12-31;14;345,8;null;null;307,8;6,064516;2;16,6;970,054839;35,722581;29,719355;24,535484;44,306452;9,6;3,6;43,333333;null;
1998-01-31;14;236;null;null;231;7,290323;11;72,5;969,991398;34,087097;28,332258;23,764516;59,596774;10;3,153763;43,870968;null;
1998-02-28;14;278;null;null;247,2;6,059524;6;84,5;971,042857;35,064286;29,375;24,414286;52,258929;6,6;3,685714;43,333333;null;
1998-03-31;14;314,9;null;null;267,2;6,688172;4;25,6;970,177419;35,377419;29,48;24,748387;52,185484;8,3;3,76129;42,795699;null;
1998-04-30;14;414,1;null;null;281,6;5,211111;0;0;970,314444;35,446667;29,816;24,6;null;8;4,682222;43,333333;null;
1998-05-31;14;358,7;null;null;251,2;6,302326;0;0;972,707527;33,1;27,664516;23,219355;52,919355;9,1;4,684946;43,333333;null;
1998-06-30;null;null;null;null;null;null;null;0;null;null;null;null;null;null;null;null;null;
1998-07-31;14;279,8;null;null;200;7,277108;7;25,4;975,054348;29,912903;24,908387;20,877419;61,927419;9,3;5,091304;43,695652;null;
1998-08-31;14;374,1;null;null;251,6;6,169014;2;4;974,276344;31,251613;25,550323;20,609677;54,306452;9;5,77957;43,870968;null;
1998-09-30;14;438,6;null;null;272,5;3,764045;1;,3;973,195556;32,66;26,944;21,506667;47,183333;11;5,735556;43,333333;null;
1998-10-31;14;468,2;null;null;309,2;3,516129;0;0;971,919355;34,609677;28,64;22,903226;44,209677;12,5;5,251613;43,333333;null;
1998-11-30;14;363,2;null;null;246,3;6,477778;5;29,1;968,821111;35,776667;30,168667;25,033333;44,016667;9,1;3,317778;43,333333;null;
1998-12-31;14;383;null;null;256,2;6,258065;7;47,4;969,773118;34,819355;29,094839;24,16129;48,346774;10,6;3,590323;43,695652;null;
1999-01-31;14;379,3;null;null;223,16;6,741935;4;16,2;969,462366;34,467742;29,088387;24,387097;49,5;6;3,244565;43,333333;null;
1999-02-28;14;350,2;null;null;214,6;7,107143;3;9,3;970,285714;34,492857;28,914286;24,15;49,241071;7,8;3,80241;43,333333;null;
1999-03-31;14;249,7;null;null;207,4;7,333333;16;87,7;969,610753;32,577419;27,44129;23,148387;60,596774;8;3,041935;43,333333;null;
1999-04-30;14;299;null;null;260,4;6,1;2;46;971,145556;33,04;27,738667;23,193333;54,2;7,5;4,04;43,333333;null;
1999-05-31;14;285,7;null;null;234,8;6,010753;6;7;972,217204;31,809677;26,456774;22,141935;58,653226;9,5;4,216129;43,333333;null;
1999-06-30;null;null;null;null;null;null;null;0;null;null;null;null;null;null;null;null;null;
1999-07-31;14;332,8;null;null;245;5,695652;7;9,1;975,481522;29,558065;24,17871;19,483871;57,604839;8,1;5,136957;44,23913;null;
1999-08-31;14;363,7;null;null;246,7;5,215054;4;7,9;975,322581;29,7;24,468387;19,835484;57,798387;8,3;5,616129;43,27957;null;
1999-09-30;14;396,3;null;null;267,6;4,433333;3;4,8;972,752222;31,753333;26,053333;20,773333;53,95;8,6;5,728889;43,333333;null;
1999-10-31;14;372;null;null;249,6;5,451613;7;30,2;972,135484;32,809677;27,158065;22,070968;52,822581;8,3;4,936264;43,333333;null;
1999-11-30;14;334,5;null;null;246,4;6,277778;5;48,7;970,35;33,766667;28,193333;23,666667;53,316667;8,6;4,281111;43,888889;null;
1999-12-31;14;180,7;null;null;238,4;6,784946;13;100,4;969,992473;32,480645;27,536774;23,387097;59,314516;8,5;3,984946;43,870968;null;
2000-01-31;14;216,1;null;null;253;7,258065;13;117,7;970,360215;32,041935;26,877419;22,951515;67,306452;8,6;3,217204;43,333333;null;
2000-02-29;14;179,1;null;null;243,4;7,045977;14;150,7;971,763218;31,755172;26,269655;22,2;70,103448;8,8;2,995402;42,666667;null;
2000-03-31;14;167,2;null;null;228,3;6,870968;6;127,3;971,034409;30,977419;25,994839;22,154839;71,379032;6;2,85914;43,333333;null;
2000-04-30;14;205,8;null;null;218,4;7,211111;11;55,7;971,874444;32,04;26,545333;22,4;67,308333;7,1;3,53;43,333333;null;
2000-05-31;14;279,8;null;null;225,9;5,709677;4;2,6;973,087097;32,093548;26,430968;21,83871;60,862903;7,1;4,154839;43,333333;null;
2000-06-30;null;null;null;null;null;null;null;null;null;null;null;null;null;null;null;null;null;
2000-07-31;14;292,6;null;null;203,3;5,717391;4;8;974,602174;30,275;24,530323;19,993548;62,790323;9,3;4,505435;44,23913;null;
2000-08-31;14;328,7;null;null;235,6;5,391304;6;5;975,115217;31,190323;25,205161;20,4125;58,875;9,3;5,048352;43,086957;null;
2000-09-30;14;406,6;null;null;232,9;5,111111;6;7,1;973,57;32,193333;26,202667;21,353333;55,125;9,5;5,72069;43,333333;null;
2000-10-31;14;502,2;null;null;289,4;4,408602;0;0;972,81828;33,983871;28,060645;22,529032;46,120968;9,5;5,507609;44,344086;null;
2000-11-30;14;361,7;null;null;252,5;6,911111;6;17,1;970,258889;33,893548;28,410667;23,353333;52,925;9,5;4,330337;43,3;null;
2000-12-31;9;321,7;null;null;247,6;6,623656;8;114,3;971,125806;33,058065;27,707742;23,2;57,379032;6,3;3,17033;43,268817;null;
2001-01-31;14;440;null;null;270,5;6,150538;3;1,8;971,844086;33,73871;27,87871;22,515152;50,403226;9,1;4,309677;44,129032;null;
2001-02-28;14;null;null;null;170,5;7,452381;6;70,2;970,615476;32,927586;27,572143;23,12;58,669643;6,3;3,040476;43,333333;null;
2001-03-31;14;226,6;null;null;238,6;7,184783;8;259,3;971,690323;31,996774;26,553548;22,187097;65,854839;7;2,842222;43,870968;null;
2001-04-30;14;304,9;null;null;247,1;6,477778;1;8,8;972,145556;32,773333;27,017333;22,12;57,125;8,8;4,085556;43,333333;null;
2001-05-31;14;333,5;null;null;280;5,075269;1;,3;972,783871;33,509677;27,774839;22,496774;54,104839;6,5;3,429032;47,462366;null;
2001-06-30;null;null;null;null;null;null;null;null;null;null;null;null;null;null;null;null;null;
2001-07-31;14;310,1;null;null;217,6;6,076087;6;20,4;977,580435;29,78125;24,424516;20,529032;68,322581;9,1;5,068132;59,608696;null;
2001-08-31;14;354,3;null;null;240,4;5,150538;6;5,3;979,478495;29,325806;24,016774;19,535484;62,685484;8,3;5,770968;58,967742;null;
2001-09-30;14;432,8;null;null;266,5;3,966667;0;0;975,821111;32,993333;26,876;21,477419;52,566667;7,8;5,352809;58,8;null;
2001-10-31;14;458,7;null;null;280,2;4,505376;4;31,8;974,487097;34,306452;28,26129;22,612903;50,532258;8,8;4,847312;59,075269;null;
2001-11-30;14;474,6;null;null;300,9;4,511111;0;0;972,883333;35,246667;29,530667;23,76;44,391667;8,1;4,357778;60,155556;null;
2001-12-31;14;461,5;null;null;259,7;6,72043;9;128,3;972,587097;34,577419;28,824516;23,851613;51,580645;10,6;5,127174;58,967742;null;
2002-01-31;14;119,5;null;null;160,3;7,892473;18;214,6;974,216129;29,725806;25,216774;22,147368;76,854839;7;2,505376;57,096774;null;
2002-02-28;14;248,4;null;null;241,8;6,357143;1;,3;974,255952;null;null;22,685714;59,223214;7,8;3,852381;59,333333;null;
2002-03-31;14;291,9;null;null;250,2;6,548387;7;105,1;974,02043;null;null;22,81875;58,669355;7,1;3,794624;59,763441;null;
2002-04-30;14;257,4;null;null;224,7;6,611111;3;25,8;973,726667;32,026667;26,98;22,573333;57,666667;7,6;3,721111;59,333333;null;
2002-05-31;14;280,2;null;null;217,3;5,924731;5;10,1;975,311828;31,625806;26,499355;22,290909;59,298387;7,5;4,068611;58,537634;null;
2002-06-30;null;null;null;null;null;null;0;0;null;null;null;null;null;null;null;null;null;
2002-07-31;14;276,8;null;null;245,3;4,763441;7;8,2;977,52043;30,575;25,023871;20,167742;59,201613;9,6;4,643178;60,236559;null;
2002-08-31;14;366,2;null;null;279;4,655914;5;,9;977,509677;30,629032;25,197419;20,051613;52,758065;9,8;5,151613;59,333333;null;
2002-09-30;14;422,3;null;null;288;4,133333;0;0;975,412222;33,276667;27,51;22,066667;46,108333;8,6;4,75;59,333333;null;
2002-10-31;14;509,4;null;null;307,7;3,72043;0;0;973,637634;34,151613;28,362581;22,36129;44,725806;9,5;5,150538;59,236559;null;
2002-11-30;14;486,7;null;null;297,2;5,011111;0;0;973,06;34,903333;29,408667;23,673333;42,1;9,1;4,708889;59,333333;null;
2002-12-31;14;351,3;null;null;257;6,365591;7;99,3;972,694624;33,818182;28,721935;23,7125;51,33871;7,6;3,689247;58,817204;null;
2003-01-31;14;303,4;191,967999;191,967999;260,5;5,956989;6;48,2;972,758065;34,10625;28,775484;24,170588;52,693548;5,6;2,894624;59,333333;null;
2003-02-28;14;260,6;169,426244;123,5;207;7,202381;7;23,5;973,246429;32,37931;27,286429;22,973333;59,267857;6,6;3,604762;60,214286;null;
2003-03-31;14;265,9;188,846921;142,8;249,5;6,849462;9;142,8;972,664516;32,6;27,413548;23,090909;60,814516;6,3;3,070968;60,860215;null;
2003-04-30;14;218,2;168,431141;101,5;278,4;5,655556;6;99,7;973,446667;32,136667;26,984667;22,74;61,475;7,3;3,1;59,266667;null;
2003-05-31;14;220,9;158,782238;26,9;247,4;5,913978;5;26,9;974,6;31,73871;26,48129;22,28125;61,467742;7,6;3,712903;60,129032;null;
2003-06-30;null;null;null;null;null;null;null;null;null;null;null;null;null;null;null;null;null;
2003-07-31;14;277,9;87,75171;87,75171;208,1;4,614035;6;9,9;978,775439;29,603333;24,308276;19,6;61,925926;8,6;5,017544;47,22807;null;
2003-08-31;14;366,8;118,442581;27,44829;271;4,080645;2;6,3;978,369355;31,422581;25,895484;20,883871;58;8;5,55;47;null;
2003-09-30;14;418;null;null;272,3;3,533333;1;,2;977,333333;32,513333;26,878667;21,046667;50,933333;9,5;5,503333;45,533333;null;
2003-10-31;14;465,3;null;null;276,5;3,806452;0;0;975,496721;33,422581;27,768387;22,348387;52,096774;9,6;5,758065;47;null;
2003-11-30;14;419,8;null;null;271,9;4,883333;2;2,3;973,533333;34,353333;28,922667;23,425806;50,8;8,6;4,903333;44,383333;null;
2003-12-31;14;467,2;null;null;283,4;4,83871;1;2,6;973,520968;35,312903;29,974194;24,23871;43,344828;9,8;4,26129;47,806452;null;
2004-01-31;9;210,3;null;null;158,7;7,951613;20;502,8;973,474194;31,465625;26,888387;22,987879;73;9,6;3,037097;42,822581;null;
2004-02-29;14;150,8;null;null;225,8;6,948276;10;148,1;974,781034;30,982759;26,313103;22,548387;74,517241;5,8;2,572414;47;null;
2004-03-31;14;197,3;null;null;257,8;6,564516;7;62,2;974,224194;31,990323;26,873548;22,516129;69,83871;7,5;2,745161;47;null;
2004-04-30;14;251,7;null;null;240,3;5,85;1;,4;974,721667;33,233333;27,864;23,34;60,233333;7,5;3,386667;48,5;null;
2004-05-31;14;239;null;null;228,3;5,887097;8;18,6;976,416393;31,235484;26,304516;21,99375;66,387097;8,3;3,68871;47;null;
2004-06-30;null;null;null;null;null;null;null;null;null;null;null;null;null;null;null;null;null;
2004-07-31;14;250,2;null;null;187,9;5,95082;3;2,9;978,02623;29,625;24,359355;20,270968;65,666667;7,5;4,513115;47,606557;null;
2004-08-31;14;320,1;null;null;252,2;4,580645;2;1,9;979,041935;30,719355;25,067097;20,187097;61,516129;8;5,041935;47;null;
2004-09-30;14;386,3;null;null;243,5;4,183333;2;,9;977,285;31,886667;26,042667;20,893333;55,1;9,6;6,135;47;null;
2004-10-31;14;434,6;null;null;300,2;3,741935;1;,4;974,56129;34,33871;28,650323;22,974194;47,580645;9,8;4,708065;48,193548;null;
2004-11-30;14;404,7;null;null;280,2;3,8;4;24,6;973,183333;34,733333;29,028;23,367742;46,866667;9,8;4,895;50,7;null;
2004-12-31;14;401,5;null;null;287,5;4,322581;3;34,4;972,645161;34,690625;29,347742;23,954839;48,354839;7,1;3,317742;47;null;
2005-01-31;14;235,3;null;null;224,7;6,741935;11;59,6;972,290323;33,822581;28,383226;23,521212;58,833333;11,4;2,975806;47;null;
2005-02-28;9;205,7;null;null;210,4;6,714286;11;138,4;972,530357;33,071429;27,98;23,57931;66,846154;6,6;2,980357;47;null;
2005-03-31;14;182,6;null;null;190,6;6,833333;10;162,8;973,41;32,174194;27,637931;23,5;68,25;5;2,506667;47;null;
2005-04-30;null;null;null;null;null;null;null;null;null;null;null;null;null;null;null;null;null;
2005-05-31;14;157,4;null;null;176,6;7,508197;20;76,7;975,409836;30,275;25,287097;22,0375;78,193548;7;3,534426;47,606557;null;
2005-06-30;14;201,1;null;null;191;6,766667;13;34,9;976,886667;29,82;24,716;20,88;72,413793;7,8;4,331667;47;null;
2005-07-31;14;220,5;null;null;204,7;6,387097;9;9,9;979,080645;29,03871;23,675484;19,63125;70,354839;7,8;4,530645;45,806452;null;
2005-08-31;14;null;null;null;null;6,23913;5;null;978,795652;30,295652;24,381739;20,06087;66;7,1;4,997826;47;null;
2005-09-30;14;381,9;null;null;264,7;3,083333;1;,7;976,88;32,606667;26,808;21,34;51,966667;9,5;5,595;47;null;
2005-10-31;14;484,7;null;null;322,9;2,725806;0;0;975,056452;34,690323;28,608387;22,580645;45,806452;9,6;5,572581;47;null;
2005-11-30;14;429,3;null;null;282,4;4,366667;5;153,7;972,75;35,026667;29,308;23,180645;45,866667;9,6;3,971667;47;null;
2005-12-31;14;334,8;null;null;273,1;5,193548;6;13,6;972,554839;33,219355;27,959355;23,090323;56,516129;8;3,708065;47;null;
2006-01-31;14;452,9;null;null;277,2;4,258065;0;0;972,985484;34,606452;28,869032;23,090323;48,806452;9,6;5,11129;47;null;
2006-02-28;36;238,9;null;null;198,8;6,5;6;74,6;972,839286;34,185714;28,418571;23,92;61,857143;8,6;2,992857;45,678571;null;
2006-03-31;36;176,1;null;null;203,8;6,596774;12;248,3;973,669355;32,245161;26,847097;23,08125;73,548387;5,5;2,63871;47;null;
2006-04-30;14;102,3;null;null;199,3;7,683333;10;89,7;973,78;30,58;25,89;22,5;80,5;5,1;2,411667;47;null;
2006-05-31;14;171,7;null;null;188,1;6,870968;9;12,3;976,329032;30,787097;25,494839;21,696774;72,548387;8;3,596774;47,16129;null;
2006-06-30;null;null;91,02037;91,02037;null;null;null;null;null;null;null;null;null;null;null;null;null;
2006-07-31;14;153,3;80,168624;80,168624;181,6;6,262295;12;36,1;978,857377;28,76875;23,370968;19,23871;73,451613;7,5;4,463934;47,606557;null;
2006-08-31;14;287,6;100,081788;58,131376;271,8;4,274194;4;2,7;978,11129;30,593548;24,600645;19,148387;61,709677;8,8;5,470968;47;null;
2006-09-30;14;null;126,827899;4,5;278;3,683333;2;4,5;977,338333;32,786667;26,355333;20,506667;56,133333;8,6;5,148333;47;null;
2006-10-31;14;384,3;177,352954;25;293;4,129032;2;25;974,469355;34,574194;28,458065;22,30625;50,032258;9,3;4,882043;48,354839;null;
2006-11-30;14;331,2;181,074252;38,4;286,4;4,729167;8;38,4;973,003333;34,9;28,741333;22,877419;51,733333;7,3;3,930758;49,8;null;
2006-12-31;14;406,1;215,194795;2,7;315,3;4,790323;4;2,7;973,066129;35,993548;30,045806;24,329032;45,322581;9,6;3,880645;48,193548;null;
2007-01-31;14;389,9;209,411683;40,2;300,3;5;3;40,2;972,840323;35,7625;29,902581;24,15;50,903226;8,3;3,979515;48,354839;null;
2007-02-28;14;142,9;116,766719;116,766719;180,5;7,571429;13;208,8;973,75;31,406897;26,333571;22,5625;76,464286;7;2,598214;48,178571;null;
2007-03-31;14;156,7;117,00345;117,00345;228,6;7,016129;11;109,8;973,96129;30,864516;25,712903;22,103226;75,516129;8,3;3,715215;45,887097;null;
2007-04-30;14;234;139,338656;90,629831;234,7;5,483333;3;5,8;974,026667;33,573333;27,364;22,533333;63,466667;8,3;3,505;47;null;
2007-05-31;14;208,9;120,670155;110,1;221,3;6,048387;15;110,1;975,448387;31,451613;26,058065;21,6;69,774194;7,5;4,241935;47,587302;null;
2007-06-30;14;195,6;89,774946;20,3;196,4;5,2;12;20,3;977,521667;29,206667;24,289333;20,346667;69,766667;7,6;4,211667;45,7;null;
2007-07-31;null;null;null;null;null;null;1;null;null;null;null;null;null;null;null;null;null;
2007-08-31;14;290,2;91,709095;20;226;5,322581;10;10;977,830645;29,825806;24,150323;19,380645;63,806452;10;6,072581;46,451613;null;
2007-09-30;14;344;110,643258;2;246,7;4,604167;5;2;977,463333;31,46;25,502667;20,458065;58;9,6;6,601943;48;null;
2007-10-31;14;428,6;160,442441;0;296,7;3,548387;0;0;974,443548;34,051613;27,764516;21,735484;49,677419;10,1;6,094713;48,354839;null;
2007-11-30;14;412,7;190,07946;6;301,7;3,733333;1;6;972,168333;35,226667;29,194667;23,406667;47,866667;9,8;4,783333;47;null;
2007-12-31;14;382,7;195,610552;27;293,1;4,741935;2;27;972,114516;34,935484;29,169677;23,632258;48,633333;10,3;4,275806;47;null;
2008-01-31;14;360,8;183,370466;22,9;266,1;5,322581;7;49,9;972,383871;34,693333;28,769032;23,432258;49,064516;10;3,914516;47;null;
2008-02-29;9;187,4;125,922709;125,922709;221,8;6,103448;8;173,2;973,232759;31,703448;26,51931;22,282759;66,862069;6,6;2,624138;46,413793;null;
2008-03-31;14;106,7;116,925718;116,925718;176,8;7,935484;21;212,4;973,119355;31,012903;25,755484;22,283871;77,333333;6;2,329032;46,612903;null;
2008-04-30;14;101,6;109,316121;109,316121;206,7;7,116667;14;225,9;973,251667;30,04;25,545333;22,48;77,2;4,6;2,428333;46,393443;null;
2008-05-31;14;145,7;106,487468;106,487468;178,9;7,306452;13;13,1;975,114516;29,948387;25,158065;22,154839;65,774194;8;3,812903;49;null;
2008-06-30;14;null;91,086146;7,066642;144,4;5,784314;4;3,2;976,941176;29,488;24,468;21,144;58,666667;7,8;4,305882;47,568627;null;
2008-07-31;null;null;null;null;null;null;null;null;null;null;null;null;null;null;null;null;null;
2008-08-31;14;212,4;101,588338;29,858895;213,5;5,213115;5;5,1;976,639344;30,703226;25,076774;20,567742;62,266667;8,3;5,357377;46,245902;null;
2008-09-30;14;362,2;137,404125;11,960641;270,6;3,4;1;,6;976,57;32,533333;26,816;21,166667;52,366667;8,3;5,688333;47;null;
2008-10-31;14;196,4;160,542099;3,795774;311,3;3,33871;1;,7;975,290323;34,193548;28,044516;22,264516;49,741935;10,8;5,698387;46,612903;null;
2008-11-30;14;149,5;221,650805;,699167;316,6;3,683333;0;0;972,173333;36,34;30,297333;23,966667;39,133333;9,5;4,228333;47;null;
2008-12-31;14;101,9;193,270506;20,670311;260,7;5,322581;6;23,6;972,035484;34,722581;28,972258;23,870968;51,096774;6,6;3,438261;48,370968;null;
2009-01-31;14;108;183,370466;137,905558;269,1;5,677419;6;205,9;973,051613;34,748387;28,759355;23,787097;54,451613;6,6;3,564516;47;null;
2009-02-28;14;107;124,867405;87,902983;185,9;7,25;9;87,9;972,841071;32,357143;26,991429;23,071429;70,464286;5;2,996429;46,857143;null;
2009-03-31;36;143,3;145,084354;108,702035;279;6,096774;6;108,7;972,601613;33,187097;27,223226;23,235484;70,451613;8,3;2,93871;47;null;
2009-04-30;14;93,3;114,023554;114,023554;177,2;7,416667;12;269,5;974,296667;30,86;25,897333;22,873333;81,833333;5,8;2,445;47;null;
2009-05-31;14;37,8;99,218018;95,3366;121;8,580645;18;70;975,419355;28,877419;24,777419;22,083871;82,548387;6,6;3,232258;45,66129;null;
2009-06-30;null;null;null;null;null;null;null;null;null;null;null;null;null;null;null;null;null;
2009-07-31;14;112,7;95,833447;28,116691;218;5,283333;6;4,1;977,36;30,56129;24,770667;20,477419;68,7;8;4,421667;48,233333;null;
2009-08-31;14;265,9;102,989913;19,676399;224,7;4,774194;10;10;977,319355;31,051613;25,177419;20,496774;66,8;8;4,903226;47;null;
2009-09-30;14;355,9;146,509219;4,849656;291,6;2,416667;1;13,6;976,433333;33,986667;27,553333;21,68;51,607143;8,1;4,966667;47;null;
2009-10-31;14;343,1;184,010103;31,543626;274,1;4,725806;5;30,4;973,587097;34,619355;28,790323;23,232258;50,83871;8,3;4,048387;48,193548;null;
2009-11-30;14;397,1;197,039878;8,266267;324,8;3,816667;1;8;972,453333;35,626667;29,436;23,606667;44,785714;8,6;4,223333;45,366667;null;
2009-12-31;9;310,9;186,311792;33,037138;225,4;6,322581;6;33;973,148387;34,825806;28,812;23,929032;54,258065;8,3;3,777419;48,193548;null;
2010-01-31;9;226;155,675529;34,307186;240,6;6,854839;7;34,3;973,209677;33,8;27,582581;22,870968;63,903226;7,5;3,343548;47;null;
2010-02-28;14;279,2;157,368191;64,401838;221,8;6,803571;5;64,4;972,8375;34,921429;28,713571;23,764286;59,814815;8,8;4,489286;45,678571;null;
2010-03-31;14;225,3;175,49729;50,600855;277,7;5,806452;9;50,6;972,641935;34,825806;28,799355;24,003226;62,903226;6,8;2,9;47;null;
2010-04-30;null;null;null;null;null;null;6;null;null;null;null;null;null;null;null;null;null;
2010-05-31;null;null;null;null;null;null;null;null;null;null;null;null;null;null;null;null;null;
2010-06-30;null;null;null;null;null;null;null;null;null;null;null;null;null;null;null;null;null;
2010-07-31;null;null;null;null;null;null;null;null;null;null;null;null;null;null;null;null;null;
2010-08-31;null;null;null;null;null;null;null;null;null;null;null;null;null;null;null;null;null;
2010-09-30;14;324,5;112,191322;31,305884;248,4;4,25;5;3,8;976,39;31,7;25,609333;20,48;59,517241;8,3;6,215036;48;null;
2010-10-31;14;334,7;170,869532;113,278331;272,7;4,145161;6;106,8;973,882258;34,406452;28,26;22,787097;53,354839;9,1;4,569355;45,274194;null;
2010-11-30;null;null;null;null;null;null;null;null;null;null;null;null;null;null;null;null;null;
2010-12-31;14;205,6;158,265671;86,1;229;6,508197;10;86,1;971,172131;33,322581;27,507742;22,883871;61,166667;6,6;2,827869;49,081967;null;

