Nome: MERURI
Codigo Estacao: 83367
Latitude: -15.53
Longitude: -53.08
Altitude: 418
Situacao: Desativada
Data Inicial: 1981-01-01
Data Final: 2002-11-24
Periodicidade da Medicao: Mensal

Data Medicao;DIRECAO PREDOMINANTE DO VENTO, MENSAL(° (gr));EVAPORACAO DO PICHE, MENSAL(mm);EVAPOTRANSPIRACAO POTENCIAL, BH MENSAL(mm);EVAPOTRANSPIRACAO REAL, BH MENSAL(mm);INSOLACAO TOTAL, MENSAL(h);NEBULOSIDADE, MEDIA MENSAL(décimos);NUMERO DE DIAS COM PRECIP. PLUV, MENSAL(número);PRECIPITACAO TOTAL, MENSAL(mm);PRESSAO ATMOSFERICA, MEDIA MENSAL(mB);TEMPERATURA MAXIMA MEDIA, MENSAL(°C);TEMPERATURA MEDIA COMPENSADA, MENSAL(°C);TEMPERATURA MINIMA MEDIA, MENSAL(°C);UMIDADE RELATIVA DO AR, MEDIA MENSAL(%);VENTO, VELOCIDADE MAXIMA MENSAL(m/s);VENTO, VELOCIDADE MEDIA MENSAL(m/s);VISIBILIDADE, MEDIA MENSAL(codigo);
1981-01-31;null;null;null;null;null;null;15;386,2;null;30,745161;null;20,935484;null;null;null;null;null;
1981-02-28;null;null;null;null;null;null;6;51,6;null;31,460714;null;20,275;null;null;null;null;null;
1981-03-31;null;null;null;null;null;null;15;379;null;30,845161;null;21,483871;null;null;null;null;null;
1981-04-30;null;null;null;null;null;null;4;23,9;null;31,63;null;18,876667;null;null;null;null;null;
1981-05-31;null;null;null;null;null;null;1;2,7;null;31,506452;null;15,309677;null;null;null;null;null;
1981-06-30;null;null;null;null;null;null;2;12,4;null;29,82;null;12,98;null;null;null;null;null;
1981-07-31;null;null;null;null;null;null;0;0;null;29,706452;null;10,270968;null;null;null;null;null;
1981-08-31;null;null;null;null;null;null;0;0;null;33,670968;null;12,454839;null;null;null;null;null;
1981-09-30;null;null;null;null;null;null;1;25,9;null;35,393333;null;15,94;null;null;null;null;null;
1981-10-31;null;null;null;null;null;null;11;143,6;null;32,441935;null;20,641935;null;null;null;null;null;
1981-11-30;null;null;null;null;null;null;12;345,3;null;30,593333;null;21,326667;null;null;null;null;null;
1981-12-31;null;null;null;null;null;null;7;187,6;null;31,158065;null;21,487097;null;null;null;null;null;
1982-01-31;null;null;null;null;null;null;19;261,7;null;29,16129;null;21,345161;null;null;null;null;null;
1982-02-28;null;null;null;null;null;null;null;0;null;null;null;null;null;null;null;null;null;
1982-03-31;null;null;null;null;null;null;10;243,7;null;31,593548;null;21,319355;null;null;null;null;null;
1982-04-30;null;null;null;null;null;null;4;45,9;null;30,926667;null;18,98;null;null;null;null;null;
1982-05-31;null;null;null;null;null;null;2;28,4;null;30,029032;null;15,36129;null;null;null;null;null;
1982-06-30;null;null;null;null;null;null;1;7;null;30,916667;null;15,44;null;null;null;null;null;
1982-07-31;null;null;null;null;null;null;0;0;null;32,045161;null;12,729032;null;null;null;null;null;
1982-08-31;null;null;null;null;null;null;4;76,7;null;33,158065;null;16,296774;null;null;null;null;null;
1982-09-30;null;null;null;null;null;null;9;148,8;null;31,886667;null;18,03;null;null;null;null;null;
1982-10-31;null;null;null;null;null;null;9;80,2;null;31,980645;null;20,23871;null;null;null;null;null;
1982-11-30;null;null;null;null;null;null;15;184,2;null;32,213333;null;21,01;null;null;null;null;null;
1982-12-31;null;null;null;null;null;null;12;214,9;null;31,035484;null;21,222581;null;null;null;null;null;
1983-01-31;null;null;null;null;null;null;17;479,8;null;30,36129;null;21,796774;null;null;null;null;null;
1983-02-28;null;null;null;null;null;null;11;327;null;30,896429;null;21,621429;null;null;null;null;null;
1983-03-31;null;null;null;null;null;null;7;108,6;null;30,945161;null;21,029032;null;null;null;null;null;
1983-04-30;null;null;null;null;null;null;6;101,6;null;32,036667;null;20,256667;null;null;null;null;null;
1983-05-31;null;null;null;null;null;null;2;30,9;null;32,348387;null;17,464516;null;null;null;null;null;
1983-06-30;null;null;null;null;null;null;0;0;null;30,71;null;15,373333;null;null;null;null;null;
1983-07-31;null;null;null;null;null;null;1;15,4;null;32,654839;null;13,419355;null;null;null;null;null;
1983-08-31;null;null;null;null;null;null;0;0;null;32,96129;null;11,929032;null;null;null;null;null;
1983-09-30;null;null;null;null;null;null;5;37,3;null;33,566667;null;19,326667;null;null;null;null;null;
1983-10-31;null;null;null;null;null;null;9;186,6;null;30,812903;null;20,345161;null;null;null;null;null;
1983-11-30;null;null;null;null;null;null;12;238,1;null;29,4;null;20,603333;null;null;null;null;null;
1983-12-31;null;null;null;null;null;null;16;242,4;null;29,374194;null;20,916129;null;null;null;null;null;
1984-01-31;null;null;null;null;null;null;11;153,2;null;31,048387;null;20,464516;null;null;null;null;null;
1984-02-29;null;null;null;null;null;null;12;137,7;null;31,886207;null;20,551724;null;null;null;null;null;
1984-03-31;null;null;null;null;null;null;10;150,1;null;31,264516;null;20,958065;null;null;null;null;null;
1984-04-30;null;null;null;null;null;null;null;0;null;null;null;null;null;null;null;null;null;
1984-05-31;null;null;null;null;null;null;3;25,8;null;31,545161;null;17,806452;null;null;null;null;null;
1984-06-30;null;null;null;null;null;null;0;0;null;31,56;null;12,773333;null;null;null;null;null;
1984-07-31;null;null;null;null;null;null;0;0;null;31,883871;null;13,258065;null;null;null;null;null;
1984-08-31;null;null;null;null;null;null;5;64,1;null;32,841935;null;14,287097;null;null;null;null;null;
1984-09-30;null;null;null;null;null;null;8;51,5;null;31,413333;null;16,423333;null;null;null;null;null;
1984-10-31;null;null;null;null;null;null;12;142;null;32,480645;null;20,548387;null;null;null;null;null;
1984-11-30;null;null;null;null;null;null;8;153,9;null;31,686667;null;20,206667;null;null;null;null;null;
1984-12-31;null;null;null;null;null;null;20;338,5;null;30,583871;null;20,858065;null;null;null;null;null;
1985-01-31;null;null;null;null;null;null;16;339,3;null;28,829032;null;21,358065;null;null;null;null;null;
1985-02-28;null;null;null;null;null;2,857143;null;0;null;null;null;null;null;null;null;null;null;
1985-03-31;null;null;null;null;null;1,290323;10;143,8;null;30,687097;null;20,641935;null;null;null;null;null;
1985-04-30;null;null;null;null;null;null;6;148,3;null;30,976667;null;19,453333;null;null;null;null;null;
1985-05-31;null;null;null;null;null;null;0;0;null;31,716129;null;16,970968;null;null;null;null;null;
1985-06-30;null;null;null;null;null;null;0;0;null;29,57;null;9,983333;null;null;null;null;null;
1985-07-31;null;null;null;null;null;null;1;24,6;null;30,345161;null;11,416129;null;null;null;null;null;
1985-08-31;null;null;null;null;null;null;0;0;null;33,612903;null;13,454839;null;null;null;null;null;
1985-09-30;null;null;null;null;null;null;2;30,8;null;34,146667;null;17,02;null;null;null;null;null;
1985-10-31;null;null;null;null;null;null;6;27,3;null;32,996774;null;19,245161;null;null;null;null;null;
1985-11-30;null;null;null;null;null;null;12;127,7;null;31,393333;null;19,856667;null;null;null;null;null;
1985-12-31;null;null;null;null;null;null;6;265,8;null;32,209677;null;20,616129;null;null;null;null;null;
1986-01-31;null;null;null;null;null;null;14;313,6;null;30,545161;null;19,996774;null;null;null;null;null;
1986-02-28;null;null;null;null;null;null;11;172,5;null;31,1;null;20,107143;null;null;null;null;null;
1986-03-31;null;null;null;null;null;null;7;78,6;null;31,016129;null;19,887097;null;null;null;null;null;
1986-04-30;null;null;null;null;null;null;2;34,2;null;32,853333;null;18,85;null;null;null;null;null;
1986-05-31;null;null;null;null;null;null;3;44,3;null;32,274194;null;17,196774;null;null;null;null;null;
1986-06-30;null;null;null;null;null;null;0;0;null;29,633333;null;11,306667;null;null;null;null;null;
1986-07-31;null;null;null;null;null;null;0;0;null;30,8;null;11,86129;null;null;null;null;null;
1986-08-31;null;null;null;null;null;null;5;78,2;null;32,587097;null;16,145161;null;null;null;null;null;
1986-09-30;null;null;null;null;null;null;3;20,3;null;32,843333;null;17,016667;null;null;null;null;null;
1986-10-31;null;null;null;null;null;null;8;77,5;null;31,351613;null;18,5;null;null;null;null;null;
1986-11-30;null;null;null;null;null;null;8;133,3;null;32,393333;null;18,996667;null;null;null;null;null;
1986-12-31;null;null;null;null;null;null;null;0;null;null;null;null;null;null;null;null;null;
1987-01-31;null;null;null;null;null;null;null;null;null;null;null;null;null;null;null;null;null;
1987-02-28;null;null;null;null;null;null;null;null;null;null;null;null;null;null;null;null;null;
1987-03-31;null;null;null;null;null;null;null;null;null;null;null;null;null;null;null;null;null;
1987-04-30;null;null;null;null;null;null;null;null;null;null;null;null;null;null;null;null;null;
1987-05-31;null;null;null;null;null;null;null;null;null;null;null;null;null;null;null;null;null;
1987-06-30;null;null;null;null;null;null;null;null;null;null;null;null;null;null;null;null;null;
1987-07-31;null;null;null;null;null;null;null;null;null;null;null;null;null;null;null;null;null;
1987-08-31;null;95,7;null;null;null;,581395;0;0;null;33,248276;22,481379;13,641379;null;5;,7;null;null;
1987-09-30;null;124,8;null;null;null;,455556;3;13,8;null;33,676667;25,712;18,523333;null;3;,315556;null;null;
1987-10-31;null;95,2;null;null;null;,989011;4;27,8;null;34,23;26,214667;19,97;null;3;,373626;null;null;
1987-11-30;null;null;null;null;null;null;null;null;null;null;null;null;null;null;null;null;null;
1987-12-31;null;null;null;null;null;null;null;null;null;null;null;null;null;null;null;null;null;
1988-01-31;null;33,3;null;null;null;2,076087;9;61,8;null;30,216129;25,04;19,648387;null;3;,608696;null;null;
1988-02-29;null;54,8;null;null;null;2,885057;15;267,6;null;30,572414;24,774483;20,486207;null;3;,517241;null;null;
1988-03-31;null;55,6;null;null;null;2,612903;16;150,2;null;28,167742;24,16129;19,883871;null;3;,537634;null;null;
1988-04-30;null;null;null;null;null;2,483871;1;23,1;null;null;null;16,156667;null;null;null;null;null;
1988-05-31;null;83,1;null;null;null;1,152174;null;0;null;29,754839;22,907097;16,135484;null;3;,641304;null;null;
1988-06-30;null;62,7;null;null;null;,744444;null;null;null;26,406667;19,055333;11,236667;null;3;,644444;null;null;
1988-07-31;null;115,7;null;null;null;,43956;0;0;null;25,223333;18,3;9,496667;null;4;,967033;null;null;
1988-08-31;null;186;null;null;null;0;0;0;null;30,483871;20,006452;9,722581;null;3;,458696;null;null;
1988-09-30;null;321,3;null;null;null;,166667;1;21,3;null;33,443333;23,75;13,313333;null;3;,755556;null;null;
1988-10-31;null;120,5;null;null;null;1,064516;4;81,2;null;30,922581;24,81871;18,203226;null;4;,827957;null;null;
1988-11-30;null;83,9;null;null;null;2,033333;6;128;null;28,493333;23,882;19,17;null;3;,533333;null;null;
1988-12-31;null;88,7;null;null;null;2,27957;9;183,1;null;29,993548;24,232903;18,86129;null;5;,852688;null;null;
1989-01-31;null;61,4;null;null;null;2,913978;13;332,6;null;30,341935;23,762581;18,66129;null;7;,924731;null;null;
1989-02-28;null;65,5;null;null;null;2,47619;9;109,1;null;30,5;23,601429;18,578571;null;3;,630952;null;null;
1989-03-31;null;52,6;null;null;null;1,580645;7;156,9;null;29,335484;23,569677;18,280645;null;3;,591398;null;null;
1989-04-30;null;52,1;null;null;null;1,177778;3;32,3;null;29,13;23,736;17,363333;null;3;,611111;null;null;
1989-05-31;null;66,5;null;null;null;1,086022;3;22,8;null;27,212903;19,789032;13,132258;null;3;,752688;null;null;
1989-06-30;null;86,2;null;null;null;1,922222;3;43,8;null;29,843333;20,592667;12,626667;null;3;,577778;null;null;
1989-07-31;null;120,3;null;null;null;1,086022;0;0;null;22,874194;16,847097;9,419355;null;3;,290323;null;null;
1989-08-31;null;112,5;null;null;null;1,537634;8;30,3;null;29,896774;21,890323;13,877419;null;3;,655914;null;null;
1989-09-30;null;102,3;null;null;null;1,077778;7;75,7;null;null;null;14,763333;null;3;,688889;null;null;
1989-10-31;null;83,1;null;null;null;1,924731;7;38,5;null;null;null;13,112903;null;3;,72043;null;null;
1989-11-30;null;86,2;null;null;null;2,266667;11;237,7;null;null;null;14,093333;null;3;,722222;null;null;
1989-12-31;null;46;null;null;null;2,870968;20;548,1;null;null;null;14,629032;null;3;,698925;null;null;
1990-01-31;null;76,1;null;null;null;2,27957;14;180,4;null;null;null;13,425806;null;3;,849462;null;null;
1990-02-28;null;61,2;null;null;null;3;15;163,6;null;null;null;14,107143;null;3;,583333;null;null;
1990-03-31;null;67,8;null;null;null;2,301075;9;114,7;null;null;null;13,429032;null;3;,387097;null;null;
1990-04-30;null;58,3;null;null;null;1,766667;6;74,7;null;32,833333;23,044;11,946667;null;3;,755556;null;null;
1990-05-31;null;52,9;null;null;null;1,612903;5;58,5;null;31,909677;20,843226;9,396774;null;3;,741935;null;null;
1990-06-30;null;87,3;null;null;null;1,333333;1;3,6;null;33,16;18,984;5,826667;null;3;,711111;null;null;
1990-07-31;null;null;null;null;null;0;4;4,4;null;null;null;null;null;null;null;null;null;
1990-08-31;null;126,1;null;null;null;1,622951;9;79,2;null;null;null;7,567742;null;3;,717391;null;null;
1990-09-30;null;92,3;null;null;null;1,853933;5;14,8;null;null;null;10,326667;null;3;,833333;null;null;
1990-10-31;null;101,8;null;null;null;2,354839;5;14,8;null;null;null;12,377419;null;3;,473118;null;null;
1990-11-30;null;103,1;null;null;null;2,611111;11;61,7;null;null;null;12,543333;null;3;,561798;null;null;
1990-12-31;null;73,4;null;null;null;2,870968;18;207,1;null;null;null;12,983871;null;3;,602151;null;null;
1991-01-31;null;null;null;null;null;null;null;null;null;null;null;null;null;null;null;null;null;
1991-02-28;null;null;null;null;null;null;null;null;null;null;null;null;null;null;null;null;null;
1991-03-31;null;null;null;null;null;null;null;null;null;null;null;null;null;null;null;null;null;
1991-04-30;null;null;null;null;null;null;null;null;null;null;null;null;null;null;null;null;null;
1991-05-31;null;null;null;null;null;null;null;null;null;null;null;null;null;null;null;null;null;
1991-06-30;null;null;null;null;null;null;null;null;null;null;null;null;null;null;null;null;null;
1991-07-31;null;null;null;null;null;null;null;null;null;null;null;null;null;null;null;null;null;
1991-08-31;null;null;null;null;null;null;null;null;null;null;null;null;null;null;null;null;null;
1991-09-30;null;null;null;null;null;null;null;null;null;null;null;null;null;null;null;null;null;
1991-10-31;null;null;null;null;null;null;null;null;null;null;null;null;null;null;null;null;null;
1991-11-30;null;null;null;null;null;null;null;null;null;null;null;null;null;null;null;null;null;
1991-12-31;null;null;null;null;null;null;null;null;null;null;null;null;null;null;null;null;null;
1992-01-31;null;null;null;null;null;null;null;null;null;null;null;null;null;null;null;null;null;
1992-02-29;null;null;null;null;null;null;null;null;null;null;null;null;null;null;null;null;null;
1992-03-31;null;null;null;null;null;null;null;null;null;null;null;null;null;null;null;null;null;
1992-04-30;null;null;null;null;null;null;null;null;null;null;null;null;null;null;null;null;null;
1992-05-31;null;null;null;null;null;null;null;null;null;null;null;null;null;null;null;null;null;
1992-06-30;null;null;null;null;null;null;null;null;null;null;null;null;null;null;null;null;null;
1992-07-31;null;null;null;null;null;null;null;null;null;null;null;null;null;null;null;null;null;
1992-08-31;null;null;null;null;null;null;null;null;null;null;null;null;null;null;null;null;null;
1992-09-30;null;null;null;null;null;null;null;null;null;null;null;null;null;null;null;null;null;
1992-10-31;null;null;null;null;null;null;null;null;null;null;null;null;null;null;null;null;null;
1992-11-30;null;null;null;null;null;null;null;null;null;null;null;null;null;null;null;null;null;
1992-12-31;null;null;null;null;null;null;null;null;null;null;null;null;null;null;null;null;null;
1993-01-31;null;null;null;null;null;null;null;null;null;null;null;null;null;null;null;null;null;
1993-02-28;null;null;null;null;null;null;null;null;null;null;null;null;null;null;null;null;null;
1993-03-31;null;null;null;null;null;null;null;null;null;null;null;null;null;null;null;null;null;
1993-04-30;null;null;null;null;null;null;null;null;null;null;null;null;null;null;null;null;null;
1993-05-31;null;null;null;null;null;null;null;null;null;null;null;null;null;null;null;null;null;
1993-06-30;null;null;null;null;null;null;null;null;null;null;null;null;null;null;null;null;null;
1993-07-31;null;null;null;null;null;null;null;null;null;null;null;null;null;null;null;null;null;
1993-08-31;null;null;null;null;null;null;null;null;null;null;null;null;null;null;null;null;null;
1993-09-30;null;null;null;null;null;null;null;null;null;null;null;null;null;null;null;null;null;
1993-10-31;null;null;null;null;null;null;null;null;null;null;null;null;null;null;null;null;null;
1993-11-30;null;null;null;null;null;null;null;null;null;null;null;null;null;null;null;null;null;
1993-12-31;null;null;null;null;null;null;null;null;null;null;null;null;null;null;null;null;null;
1994-01-31;null;null;null;null;null;null;null;null;null;null;null;null;null;null;null;null;null;
1994-02-28;null;null;null;null;null;null;null;null;null;null;null;null;null;null;null;null;null;
1994-03-31;null;null;null;null;null;null;null;null;null;null;null;null;null;null;null;null;null;
1994-04-30;null;null;null;null;null;null;null;null;null;null;null;null;null;null;null;null;null;
1994-05-31;null;null;null;null;null;null;null;null;null;null;null;null;null;null;null;null;null;
1994-06-30;null;null;null;null;null;null;null;null;null;null;null;null;null;null;null;null;null;
1994-07-31;null;null;null;null;null;null;null;null;null;null;null;null;null;null;null;null;null;
1994-08-31;null;null;null;null;null;null;null;null;null;null;null;null;null;null;null;null;null;
1994-09-30;null;null;null;null;null;null;null;null;null;null;null;null;null;null;null;null;null;
1994-10-31;null;null;null;null;null;null;null;null;null;null;null;null;null;null;null;null;null;
1994-11-30;null;null;null;null;null;null;null;null;null;null;null;null;null;null;null;null;null;
1994-12-31;null;null;null;null;null;null;null;null;null;null;null;null;null;null;null;null;null;
1995-01-31;0;57,8;null;null;null;3,934783;10;161,4;null;32,458065;null;null;90,653226;3;,336957;66,451613;null;
1995-02-28;0;38,3;null;null;null;4,333333;8;157;null;30,978571;null;null;90,232143;3;,52381;62,464286;null;
1995-03-31;0;60,8;null;null;null;2,913978;3;27,6;null;33,264516;null;null;90,193548;3;,4;71,483871;null;
1995-04-30;0;69;null;null;null;2,622222;5;74,8;null;31,493333;null;null;90,216667;3;,3;72,655738;null;
1995-05-31;0;70,6;null;null;null;1,924731;2;22,6;null;31,741935;null;null;90,322581;3;,397849;77,064516;null;
1995-06-30;0;83,4;null;null;null;1,711111;0;0;null;30,866667;null;null;89,448276;3;,388889;78,4;null;
1995-07-31;0;90,7;null;null;null;,989247;0;0;null;32,954839;null;null;88,887097;3;,483871;82,709677;null;
1995-08-31;0;119,5;null;null;null;1;0;0;null;35,283871;null;null;87,548387;3;,666667;67,322581;null;
1995-09-30;0;156,5;null;null;null;2,266667;3;27,2;null;35,933333;null;null;87,258333;3;,877778;65,333333;null;
1995-10-31;0;80,3;null;null;null;2,451613;6;43,8;null;34,819355;null;null;87,790323;3;,473118;71,354839;null;
1995-11-30;0;41,9;null;null;null;3,622222;5;71;null;32,593333;null;null;89,091667;3;,522222;68,4;null;
1995-12-31;0;46,3;null;null;null;3,946237;10;54,6;null;31,767742;null;null;90,395161;3;,580645;66,83871;null;
1996-01-31;null;null;null;null;null;null;null;null;null;null;null;null;null;null;null;null;null;
1996-02-29;null;null;null;null;null;null;null;null;null;null;null;null;null;null;null;null;null;
1996-03-31;null;null;null;null;null;null;null;null;null;null;null;null;null;null;null;null;null;
1996-04-30;null;null;null;null;null;null;null;null;null;null;null;null;null;null;null;null;null;
1996-05-31;null;null;null;null;null;null;null;null;null;null;null;null;null;null;null;null;null;
1996-06-30;null;null;null;null;null;null;null;null;null;null;null;null;null;null;null;null;null;
1996-07-31;null;null;null;null;null;null;null;null;null;null;null;null;null;null;null;null;null;
1996-08-31;null;null;null;null;null;null;null;null;null;null;null;null;null;null;null;null;null;
1996-09-30;null;null;null;null;null;null;null;null;null;null;null;null;null;null;null;null;null;
1996-10-31;null;null;null;null;null;null;null;null;null;null;null;null;null;null;null;null;null;
1996-11-30;null;null;null;null;null;null;null;null;null;null;null;null;null;null;null;null;null;
1996-12-31;null;null;null;null;null;null;null;null;null;null;null;null;null;null;null;null;null;
1997-01-31;null;null;null;null;null;null;null;null;null;null;null;null;null;null;null;null;null;
1997-02-28;null;null;null;null;null;null;null;null;null;null;null;null;null;null;null;null;null;
1997-03-31;null;null;null;null;null;null;null;null;null;null;null;null;null;null;null;null;null;
1997-04-30;null;null;null;null;null;null;null;null;null;null;null;null;null;null;null;null;null;
1997-05-31;null;null;null;null;null;null;null;null;null;null;null;null;null;null;null;null;null;
1997-06-30;null;null;null;null;null;null;null;null;null;null;null;null;null;null;null;null;null;
1997-07-31;null;null;null;null;null;null;null;null;null;null;null;null;null;null;null;null;null;
1997-08-31;null;null;null;null;null;null;null;null;null;null;null;null;null;null;null;null;null;
1997-09-30;null;null;null;null;null;null;null;null;null;null;null;null;null;null;null;null;null;
1997-10-31;null;null;null;null;null;null;null;null;null;null;null;null;null;null;null;null;null;
1997-11-30;null;null;null;null;null;null;null;null;null;null;null;null;null;null;null;null;null;
1997-12-31;null;null;null;null;null;null;null;null;null;null;null;null;null;null;null;null;null;
1998-01-31;0;73,9;null;null;null;4,032609;12;96,2;null;33,567742;null;null;94,41129;3;,48913;65,096774;null;
1998-02-28;0;90,3;null;null;null;4,27381;11;187,4;null;33,139286;null;null;96,1875;3;,404762;63,714286;null;
1998-03-31;0;81,5;null;null;null;3,075269;7;78,4;null;33,567742;null;null;94,120968;3;,311828;70,645161;null;
1998-04-30;0;86,6;null;null;null;2,188889;7;103,5;null;36,748148;null;null;94,733333;4;,388889;74,7;null;
1998-05-31;0;98,9;null;null;null;1,462366;2;3;null;37,767742;null;null;94,33871;3;,215054;79,774194;null;
1998-06-30;0;117,6;null;null;null;,877778;0;0;null;36,053333;null;null;92,191667;8;,566667;81,8;null;
1998-07-31;0;131,2;null;null;null;,784946;0;0;null;35,380645;null;null;92,153226;3;,408602;76,387097;null;
1998-08-31;0;144,1;null;null;null;1,16129;null;0;null;36,277419;null;null;92,266129;3;,397849;59,096774;null;
1998-09-30;0;99,3;null;null;null;1,5;3;205,6;null;36,613333;null;null;92,058333;5;,777778;53,166667;null;
1998-10-31;0;117;null;null;null;3,139785;8;212;null;34,387097;null;null;94,322581;4;,494624;62,290323;null;
1998-11-30;0;65,4;null;null;null;3,655556;8;130,6;null;32,336667;null;null;95,783333;3;,277778;66,066667;null;
1998-12-31;0;63,9;null;null;null;3,763441;14;222,5;null;32,04;null;null;96,387097;3;,537634;62,580645;null;
1999-01-31;0;73,2;null;null;null;3,752688;9;52,3;null;32,645161;null;null;96,887097;3;,473118;65,290323;null;
1999-02-28;0;54,1;null;null;null;3,595238;8;52,2;null;33,857143;null;null;96,803571;3;,27381;66,535714;null;
1999-03-31;36;77,3;null;null;null;3,602151;7;69,8;null;33,012903;null;null;97,08871;3;,225806;68,483871;null;
1999-04-30;0;112,9;null;null;null;1,844444;2;14,2;null;34,746667;null;null;96,425;3;,388889;76,366667;null;
1999-05-31;null;null;null;null;null;null;null;null;null;null;null;null;null;null;null;null;null;
1999-06-30;null;null;null;null;null;null;null;null;null;null;null;null;null;null;null;null;null;
1999-07-31;null;null;null;null;null;null;null;null;null;null;null;null;null;null;null;null;null;
1999-08-31;null;null;null;null;null;null;null;null;null;null;null;null;null;null;null;null;null;
1999-09-30;null;null;null;null;null;null;null;null;null;null;null;null;null;null;null;null;null;
1999-10-31;null;null;null;null;null;null;null;null;null;null;null;null;null;null;null;null;null;
1999-11-30;null;null;null;null;null;null;null;null;null;null;null;null;null;null;null;null;null;
1999-12-31;null;null;null;null;null;null;null;null;null;null;null;null;null;null;null;null;null;
2000-01-31;null;null;null;null;null;null;null;null;null;null;null;null;null;null;null;null;null;
2000-02-29;null;null;null;null;null;null;null;null;null;null;null;null;null;null;null;null;null;
2000-03-31;null;null;null;null;null;null;null;null;null;null;null;null;null;null;null;null;null;
2000-04-30;null;null;null;null;null;null;null;null;null;null;null;null;null;null;null;null;null;
2000-05-31;null;null;null;null;null;null;null;null;null;null;null;null;null;null;null;null;null;
2000-06-30;null;null;null;null;null;null;null;null;null;null;null;null;null;null;null;null;null;
2000-07-31;null;null;null;null;null;null;null;null;null;null;null;null;null;null;null;null;null;
2000-08-31;null;null;null;null;null;null;null;null;null;null;null;null;null;null;null;null;null;
2000-09-30;null;null;null;null;null;null;null;null;null;null;null;null;null;null;null;null;null;
2000-10-31;null;null;null;null;null;null;null;null;null;null;null;null;null;null;null;null;null;
2000-11-30;null;null;null;null;null;null;null;null;null;null;null;null;null;null;null;null;null;
2000-12-31;null;null;null;null;null;null;null;null;null;null;null;null;null;null;null;null;null;
2001-01-31;null;null;null;null;null;null;null;null;null;null;null;null;null;null;null;null;null;
2001-02-28;null;null;null;null;null;null;null;null;null;null;null;null;null;null;null;null;null;
2001-03-31;null;null;null;null;null;null;null;null;null;null;null;null;null;null;null;null;null;
2001-04-30;null;null;null;null;null;null;null;null;null;null;null;null;null;null;null;null;null;
2001-05-31;null;null;null;null;null;null;null;null;null;null;null;null;null;null;null;null;null;
2001-06-30;null;null;null;null;null;null;null;null;null;null;null;null;null;null;null;null;null;
2001-07-31;null;null;null;null;null;null;null;null;null;null;null;null;null;null;null;null;null;
2001-08-31;null;null;null;null;null;,935484;2;13;null;34,46129;null;12,058621;null;null;null;69,645161;null;
2001-09-30;null;null;null;null;null;null;0;0;null;null;null;null;null;null;null;null;null;
2001-10-31;null;null;null;null;null;3,354839;4;83;null;32,396774;null;20,987097;null;null;null;74,903226;null;
2001-11-30;null;null;null;null;null;5,966667;10;102;null;32,546667;null;21,816667;null;null;null;64,533333;null;
2001-12-31;null;null;null;null;null;7,16129;14;190,7;null;30,216129;null;21,687097;null;null;null;64,875;null;
2002-01-31;null;null;null;null;null;null;0;0;null;null;null;null;null;null;null;null;null;
2002-02-28;null;null;null;null;null;null;0;0;null;null;null;null;null;null;null;null;null;
2002-03-31;null;null;null;null;null;null;0;0;null;null;null;null;null;null;null;null;null;
2002-04-30;null;null;null;null;null;null;0;0;null;null;null;null;null;null;null;null;null;
2002-05-31;null;null;null;null;null;null;0;0;null;null;null;null;null;null;null;null;null;
2002-06-30;null;null;null;null;null;null;0;0;null;null;null;null;null;null;null;null;null;
2002-07-31;null;null;null;null;null;null;0;0;null;null;null;null;null;null;null;null;null;
2002-08-31;null;null;null;null;null;null;0;0;null;null;null;null;null;null;null;null;null;
2002-09-30;null;null;null;null;null;null;null;null;null;null;null;null;null;null;null;null;null;
2002-10-31;null;null;null;null;null;null;null;null;null;null;null;null;null;null;null;null;null;
2002-11-30;null;null;null;null;null;null;null;null;null;null;null;null;null;null;null;null;null;

