Nome: COTRIGUACU
Codigo Estacao: 82927
Latitude: -9.92
Longitude: -58.27
Altitude: 250
Situacao: Desativada
Data Inicial: 1987-05-31
Data Final: 2000-11-07
Periodicidade da Medicao: Mensal

Data Medicao;DIRECAO PREDOMINANTE DO VENTO, MENSAL(° (gr));EVAPORACAO DO PICHE, MENSAL(mm);EVAPOTRANSPIRACAO POTENCIAL, BH MENSAL(mm);EVAPOTRANSPIRACAO REAL, BH MENSAL(mm);INSOLACAO TOTAL, MENSAL(h);NEBULOSIDADE, MEDIA MENSAL(décimos);NUMERO DE DIAS COM PRECIP. PLUV, MENSAL(número);PRECIPITACAO TOTAL, MENSAL(mm);PRESSAO ATMOSFERICA, MEDIA MENSAL(mB);TEMPERATURA MAXIMA MEDIA, MENSAL(°C);TEMPERATURA MEDIA COMPENSADA, MENSAL(°C);TEMPERATURA MINIMA MEDIA, MENSAL(°C);UMIDADE RELATIVA DO AR, MEDIA MENSAL(%);VENTO, VELOCIDADE MAXIMA MENSAL(m/s);VENTO, VELOCIDADE MEDIA MENSAL(m/s);VISIBILIDADE, MEDIA MENSAL(codigo);
1987-05-31;null;null;null;null;null;null;1;3,6;null;null;null;null;null;null;null;null;null;
1987-06-30;null;null;null;null;null;null;3;21;null;null;null;null;null;null;null;null;null;
1987-07-31;null;null;null;null;null;null;1;4,6;null;null;null;null;null;null;null;null;null;
1987-08-31;null;null;null;null;null;null;1;10;null;null;null;null;null;null;null;null;null;
1987-09-30;null;null;null;null;null;null;3;59,1;null;null;null;null;null;null;null;null;null;
1987-10-31;null;null;null;null;null;null;9;173,2;null;null;null;null;null;null;null;null;null;
1987-11-30;null;null;null;null;null;null;12;197,7;null;null;null;null;null;null;null;null;null;
1987-12-31;null;null;null;null;null;null;13;299,7;null;null;null;null;null;null;null;null;null;
1988-01-31;null;null;null;null;null;null;17;315,9;null;null;null;null;null;null;null;null;null;
1988-02-29;null;null;null;null;null;null;25;265,2;null;null;null;null;null;null;null;null;null;
1988-03-31;null;null;null;null;null;null;22;279,1;null;null;null;null;null;null;null;null;null;
1988-04-30;null;null;null;null;null;null;20;361,1;null;null;null;null;null;null;null;null;null;
1988-05-31;null;null;null;null;null;null;8;71,5;null;null;null;null;null;null;null;null;null;
1988-06-30;null;null;null;null;null;null;1;17,4;null;null;null;null;null;null;null;null;null;
1988-07-31;null;null;null;null;null;null;0;0;null;null;null;null;null;null;null;null;null;
1988-08-31;null;null;null;null;null;null;0;0;null;null;null;null;null;null;null;null;null;
1988-09-30;null;null;null;null;null;null;4;34,2;null;null;null;null;null;null;null;null;null;
1988-10-31;null;null;null;null;null;null;12;152,2;null;null;null;null;null;null;null;null;null;
1988-11-30;null;null;null;null;null;null;17;153,8;null;null;null;null;null;null;null;null;null;
1988-12-31;null;null;null;null;null;null;21;274;null;null;null;null;null;null;null;null;null;
1989-01-31;null;null;null;null;null;null;25;313,4;null;null;null;null;null;null;null;null;null;
1989-02-28;null;null;null;null;null;null;19;310,2;null;null;null;null;null;null;null;null;null;
1989-03-31;null;null;null;null;null;null;22;246,3;null;null;null;null;null;null;null;null;null;
1989-04-30;null;null;null;null;null;null;null;null;null;null;null;null;null;null;null;null;null;
1989-05-31;null;null;null;null;null;null;null;null;null;null;null;null;null;null;null;null;null;
1989-06-30;null;null;null;null;null;null;null;null;null;null;null;null;null;null;null;null;null;
1989-07-31;null;null;null;null;null;null;null;null;null;null;null;null;null;null;null;null;null;
1989-08-31;null;null;null;null;null;null;null;null;null;null;null;null;null;null;null;null;null;
1989-09-30;null;null;null;null;null;null;null;null;null;null;null;null;null;null;null;null;null;
1989-10-31;null;null;null;null;null;null;null;null;null;null;null;null;null;null;null;null;null;
1989-11-30;null;null;null;null;null;null;null;null;null;null;null;null;null;null;null;null;null;
1989-12-31;null;null;null;null;null;null;null;null;null;null;null;null;null;null;null;null;null;
1990-01-31;null;null;null;null;null;null;null;null;null;null;null;null;null;null;null;null;null;
1990-02-28;null;null;null;null;null;null;null;null;null;null;null;null;null;null;null;null;null;
1990-03-31;null;null;null;null;null;null;null;null;null;null;null;null;null;null;null;null;null;
1990-04-30;null;null;null;null;null;null;null;null;null;null;null;null;null;null;null;null;null;
1990-05-31;null;null;null;null;null;null;null;null;null;null;null;null;null;null;null;null;null;
1990-06-30;null;null;null;null;null;null;null;null;null;null;null;null;null;null;null;null;null;
1990-07-31;null;null;null;null;null;null;null;null;null;null;null;null;null;null;null;null;null;
1990-08-31;null;null;null;null;null;null;null;null;null;null;null;null;null;null;null;null;null;
1990-09-30;null;null;null;null;null;null;null;null;null;null;null;null;null;null;null;null;null;
1990-10-31;null;null;null;null;null;null;null;null;null;null;null;null;null;null;null;null;null;
1990-11-30;null;null;null;null;null;null;null;null;null;null;null;null;null;null;null;null;null;
1990-12-31;null;null;null;null;null;null;null;null;null;null;null;null;null;null;null;null;null;
1991-01-31;null;null;null;null;null;null;null;null;null;null;null;null;null;null;null;null;null;
1991-02-28;null;null;null;null;null;null;null;null;null;null;null;null;null;null;null;null;null;
1991-03-31;null;null;null;null;null;null;null;null;null;null;null;null;null;null;null;null;null;
1991-04-30;null;null;null;null;null;null;null;null;null;null;null;null;null;null;null;null;null;
1991-05-31;null;null;null;null;null;null;null;null;null;null;null;null;null;null;null;null;null;
1991-06-30;null;null;null;null;null;null;null;null;null;null;null;null;null;null;null;null;null;
1991-07-31;null;null;null;null;null;null;null;null;null;null;null;null;null;null;null;null;null;
1991-08-31;null;null;null;null;null;null;null;null;null;null;null;null;null;null;null;null;null;
1991-09-30;null;null;null;null;null;null;null;null;null;null;null;null;null;null;null;null;null;
1991-10-31;null;null;null;null;null;null;null;null;null;null;null;null;null;null;null;null;null;
1991-11-30;null;null;null;null;null;null;null;null;null;null;null;null;null;null;null;null;null;
1991-12-31;null;null;null;null;null;null;null;null;null;null;null;null;null;null;null;null;null;
1992-01-31;null;null;null;null;null;null;null;null;null;null;null;null;null;null;null;null;null;
1992-02-29;null;null;null;null;null;null;null;null;null;null;null;null;null;null;null;null;null;
1992-03-31;null;null;null;null;null;null;null;null;null;null;null;null;null;null;null;null;null;
1992-04-30;null;null;null;null;null;null;null;null;null;null;null;null;null;null;null;null;null;
1992-05-31;null;null;null;null;null;null;null;null;null;null;null;null;null;null;null;null;null;
1992-06-30;null;null;null;null;null;null;null;null;null;null;null;null;null;null;null;null;null;
1992-07-31;null;null;null;null;null;null;null;null;null;null;null;null;null;null;null;null;null;
1992-08-31;null;null;null;null;null;null;null;null;null;null;null;null;null;null;null;null;null;
1992-09-30;null;null;null;null;null;null;null;null;null;null;null;null;null;null;null;null;null;
1992-10-31;null;null;null;null;null;null;null;null;null;null;null;null;null;null;null;null;null;
1992-11-30;null;null;null;null;null;null;null;null;null;null;null;null;null;null;null;null;null;
1992-12-31;null;null;null;null;null;null;null;null;null;null;null;null;null;null;null;null;null;
1993-01-31;null;null;null;null;null;null;null;null;null;null;null;null;null;null;null;null;null;
1993-02-28;null;null;null;null;null;null;null;null;null;null;null;null;null;null;null;null;null;
1993-03-31;null;null;null;null;null;null;null;null;null;null;null;null;null;null;null;null;null;
1993-04-30;null;null;null;null;null;null;null;null;null;null;null;null;null;null;null;null;null;
1993-05-31;null;null;null;null;null;null;null;null;null;null;null;null;null;null;null;null;null;
1993-06-30;null;null;null;null;null;null;null;null;null;null;null;null;null;null;null;null;null;
1993-07-31;null;null;null;null;null;null;null;null;null;null;null;null;null;null;null;null;null;
1993-08-31;null;null;null;null;null;null;null;null;null;null;null;null;null;null;null;null;null;
1993-09-30;null;null;null;null;null;null;null;null;null;null;null;null;null;null;null;null;null;
1993-10-31;null;null;null;null;null;null;null;null;null;null;null;null;null;null;null;null;null;
1993-11-30;null;null;null;null;null;null;null;null;null;null;null;null;null;null;null;null;null;
1993-12-31;null;null;null;null;null;null;null;null;null;null;null;null;null;null;null;null;null;
1994-01-31;null;null;null;null;null;null;null;null;null;null;null;null;null;null;null;null;null;
1994-02-28;null;null;null;null;null;null;null;null;null;null;null;null;null;null;null;null;null;
1994-03-31;null;null;null;null;null;null;null;null;null;null;null;null;null;null;null;null;null;
1994-04-30;null;null;null;null;null;null;null;null;null;null;null;null;null;null;null;null;null;
1994-05-31;null;null;null;null;null;null;null;null;null;null;null;null;null;null;null;null;null;
1994-06-30;null;null;null;null;null;null;null;null;null;null;null;null;null;null;null;null;null;
1994-07-31;null;null;null;null;null;null;null;null;null;null;null;null;null;null;null;null;null;
1994-08-31;null;null;null;null;null;null;null;null;null;null;null;null;null;null;null;null;null;
1994-09-30;null;null;null;null;null;null;null;null;null;null;null;null;null;null;null;null;null;
1994-10-31;null;null;null;null;null;null;null;null;null;null;null;null;null;null;null;null;null;
1994-11-30;null;null;null;null;null;null;null;null;null;null;null;null;null;null;null;null;null;
1994-12-31;null;null;null;null;null;null;null;null;null;null;null;null;null;null;null;null;null;
1995-01-31;null;null;null;null;null;null;null;null;null;null;null;null;null;null;null;null;null;
1995-02-28;null;null;null;null;null;null;null;null;null;null;null;null;null;null;null;null;null;
1995-03-31;null;null;null;null;null;null;null;null;null;null;null;null;null;null;null;null;null;
1995-04-30;null;null;null;null;null;null;null;null;null;null;null;null;null;null;null;null;null;
1995-05-31;null;null;null;null;null;null;null;null;null;null;null;null;null;null;null;null;null;
1995-06-30;null;null;null;null;null;null;null;null;null;null;null;null;null;null;null;null;null;
1995-07-31;null;null;null;null;null;null;null;null;null;null;null;null;null;null;null;null;null;
1995-08-31;null;null;null;null;null;null;null;null;null;null;null;null;null;null;null;null;null;
1995-09-30;null;null;null;null;null;null;null;null;null;null;null;null;null;null;null;null;null;
1995-10-31;null;null;null;null;null;null;null;null;null;null;null;null;null;null;null;null;null;
1995-11-30;null;null;null;null;null;null;null;null;null;null;null;null;null;null;null;null;null;
1995-12-31;null;null;null;null;null;null;null;null;null;null;null;null;null;null;null;null;null;
1996-01-31;null;null;null;null;null;null;null;null;null;null;null;null;null;null;null;null;null;
1996-02-29;null;null;null;null;null;null;null;null;null;null;null;null;null;null;null;null;null;
1996-03-31;null;null;null;null;null;null;null;null;null;null;null;null;null;null;null;null;null;
1996-04-30;null;null;null;null;null;null;null;null;null;null;null;null;null;null;null;null;null;
1996-05-31;null;null;null;null;null;null;null;null;null;null;null;null;null;null;null;null;null;
1996-06-30;null;null;null;null;null;null;null;null;null;null;null;null;null;null;null;null;null;
1996-07-31;null;null;null;null;null;null;null;null;null;null;null;null;null;null;null;null;null;
1996-08-31;null;null;null;null;null;null;null;null;null;null;null;null;null;null;null;null;null;
1996-09-30;null;null;null;null;null;null;null;null;null;null;null;null;null;null;null;null;null;
1996-10-31;null;null;null;null;null;null;null;null;null;null;null;null;null;null;null;null;null;
1996-11-30;null;null;null;null;null;null;null;null;null;null;null;null;null;null;null;null;null;
1996-12-31;null;null;null;null;null;null;null;null;null;null;null;null;null;null;null;null;null;
1997-01-31;null;null;null;null;null;null;null;null;null;null;null;null;null;null;null;null;null;
1997-02-28;null;null;null;null;null;null;null;null;null;null;null;null;null;null;null;null;null;
1997-03-31;null;null;null;null;null;null;null;null;null;null;null;null;null;null;null;null;null;
1997-04-30;null;null;null;null;null;null;null;null;null;null;null;null;null;null;null;null;null;
1997-05-31;null;null;null;null;null;null;null;null;null;null;null;null;null;null;null;null;null;
1997-06-30;null;null;null;null;null;null;null;null;null;null;null;null;null;null;null;null;null;
1997-07-31;null;null;null;null;null;null;null;null;null;null;null;null;null;null;null;null;null;
1997-08-31;null;null;null;null;null;null;null;null;null;null;null;null;null;null;null;null;null;
1997-09-30;null;null;null;null;null;null;null;null;null;null;null;null;null;null;null;null;null;
1997-10-31;null;null;null;null;null;null;null;null;null;null;null;null;null;null;null;null;null;
1997-11-30;null;null;null;null;null;null;null;null;null;null;null;null;null;null;null;null;null;
1997-12-31;null;null;null;null;null;null;null;null;null;null;null;null;null;null;null;null;null;
1998-01-31;null;null;null;null;null;null;null;null;null;null;null;null;null;null;null;null;null;
1998-02-28;null;null;null;null;null;null;null;null;null;null;null;null;null;null;null;null;null;
1998-03-31;null;null;null;null;null;null;null;null;null;null;null;null;null;null;null;null;null;
1998-04-30;null;null;null;null;null;null;null;null;null;null;null;null;null;null;null;null;null;
1998-05-31;null;null;null;null;null;null;null;null;null;null;null;null;null;null;null;null;null;
1998-06-30;null;null;null;null;null;null;null;null;null;null;null;null;null;null;null;null;null;
1998-07-31;null;null;null;null;null;null;null;null;null;null;null;null;null;null;null;null;null;
1998-08-31;null;null;null;null;null;null;null;null;null;null;null;null;null;null;null;null;null;
1998-09-30;null;null;null;null;null;null;null;null;null;null;null;null;null;null;null;null;null;
1998-10-31;null;null;null;null;null;null;null;null;null;null;null;null;null;null;null;null;null;
1998-11-30;null;null;null;null;null;null;null;null;null;null;null;null;null;null;null;null;null;
1998-12-31;null;null;null;null;null;null;null;null;null;null;null;null;null;null;null;null;null;
1999-01-31;null;null;null;null;null;null;null;null;null;null;null;null;null;null;null;null;null;
1999-02-28;null;null;null;null;null;null;null;null;null;null;null;null;null;null;null;null;null;
1999-03-31;null;null;null;null;null;null;null;null;null;null;null;null;null;null;null;null;null;
1999-04-30;null;null;null;null;null;null;null;null;null;null;null;null;null;null;null;null;null;
1999-05-31;null;null;null;null;null;null;null;null;null;null;null;null;null;null;null;null;null;
1999-06-30;null;null;null;null;null;null;null;null;null;null;null;null;null;null;null;null;null;
1999-07-31;null;null;null;null;null;null;null;null;null;null;null;null;null;null;null;null;null;
1999-08-31;null;null;null;null;null;null;null;null;null;null;null;null;null;null;null;null;null;
1999-09-30;null;null;null;null;null;null;null;null;null;null;null;null;null;null;null;null;null;
1999-10-31;null;null;null;null;null;null;null;null;null;null;null;null;null;null;null;null;null;
1999-11-30;null;null;null;null;null;null;0;null;null;null;null;null;null;null;null;null;null;
1999-12-31;null;null;null;null;null;null;null;null;null;null;null;null;null;null;null;null;null;
2000-01-31;0;null;null;null;null;8,151515;null;null;null;31,441463;24,74;21,317647;88,933333;,9;,146429;8,014085;null;
2000-02-29;null;null;null;null;null;null;null;null;null;null;null;null;null;null;null;null;null;
2000-03-31;0;null;null;null;null;8;null;null;null;31,510526;24,98381;22,148485;89,84375;,9;null;7,333333;null;
2000-04-30;0;null;null;null;null;7,596154;null;null;972,008889;31,88125;25,443;22,897143;87,984375;3;null;4,26087;null;
2000-05-31;0;null;null;null;null;6,236364;null;null;972,451163;32,590476;25,600741;21,982353;85,303571;,5;,12093;2,533333;null;
2000-06-30;0;null;null;null;null;null;null;null;972,883607;32,35;25,54375;21,283333;null;,8;,167188;3,661538;null;
2000-07-31;0;null;null;null;null;7,095238;null;null;null;32,490476;23,922667;21,08;null;2;,284314;3,415385;null;
2000-08-31;0;null;null;null;null;7,098592;null;null;973,935135;33,747368;25,715455;20,720588;80,45;,6;,136986;3,726027;null;
2000-09-30;0;null;null;null;191,7;7,448718;3;null;979,932051;33,709375;25,9128;22,445714;82,644737;,9;,2;4,692308;null;
2000-10-31;null;null;null;null;null;null;null;null;null;null;null;null;null;null;null;null;null;
2000-11-30;null;null;null;null;null;null;null;null;null;null;null;null;null;null;null;null;null;

