Nome: MINAS NOVAS
Codigo Estacao: 83440
Latitude: -17.23
Longitude: -42.58
Altitude: 920
Situacao: Desativada
Data Inicial: 1981-01-01
Data Final: 1986-12-31
Periodicidade da Medicao: Mensal

Data Medicao;DIRECAO PREDOMINANTE DO VENTO, MENSAL(° (gr));EVAPORACAO DO PICHE, MENSAL(mm);EVAPOTRANSPIRACAO POTENCIAL, BH MENSAL(mm);EVAPOTRANSPIRACAO REAL, BH MENSAL(mm);INSOLACAO TOTAL, MENSAL(h);NEBULOSIDADE, MEDIA MENSAL(décimos);NUMERO DE DIAS COM PRECIP. PLUV, MENSAL(número);PRECIPITACAO TOTAL, MENSAL(mm);PRESSAO ATMOSFERICA, MEDIA MENSAL(mB);TEMPERATURA MAXIMA MEDIA, MENSAL(°C);TEMPERATURA MEDIA COMPENSADA, MENSAL(°C);TEMPERATURA MINIMA MEDIA, MENSAL(°C);UMIDADE RELATIVA DO AR, MEDIA MENSAL(%);VENTO, VELOCIDADE MAXIMA MENSAL(m/s);VENTO, VELOCIDADE MEDIA MENSAL(m/s);VISIBILIDADE, MEDIA MENSAL(codigo);
1981-01-31;null;null;null;null;null;null;null;null;null;null;null;null;null;null;null;null;null;
1981-02-28;null;null;null;null;null;null;null;null;null;null;null;null;null;null;null;null;null;
1981-03-31;null;null;null;null;null;null;null;null;null;null;null;null;null;null;null;null;null;
1981-04-30;null;null;null;null;null;null;null;null;null;null;null;null;null;null;null;null;null;
1981-05-31;null;null;null;null;null;null;null;null;null;null;null;null;null;null;null;null;null;
1981-06-30;null;null;null;null;null;null;null;null;null;null;null;null;null;null;null;null;null;
1981-07-31;null;null;null;null;null;null;null;null;null;null;null;null;null;null;null;null;null;
1981-08-31;null;null;null;null;null;null;null;null;null;null;null;null;null;null;null;null;null;
1981-09-30;null;null;null;null;null;null;null;null;null;null;null;null;null;null;null;null;null;
1981-10-31;null;null;null;null;null;null;null;null;null;null;null;null;null;null;null;null;null;
1981-11-30;null;null;null;null;null;null;null;null;null;null;null;null;null;null;null;null;null;
1981-12-31;null;null;null;null;null;null;null;null;null;null;null;null;null;null;null;null;null;
1982-01-31;null;null;null;null;null;null;null;null;null;null;null;null;null;null;null;null;null;
1982-02-28;null;null;null;null;null;null;null;null;null;null;null;null;null;null;null;null;null;
1982-03-31;null;null;null;null;null;null;null;null;null;null;null;null;null;null;null;null;null;
1982-04-30;null;null;null;null;null;null;null;null;null;null;null;null;null;null;null;null;null;
1982-05-31;null;null;null;null;null;null;null;null;null;null;null;null;null;null;null;null;null;
1982-06-30;null;null;null;null;null;null;null;null;null;null;null;null;null;null;null;null;null;
1982-07-31;null;null;null;null;null;null;null;null;null;null;null;null;null;null;null;null;null;
1982-08-31;null;null;null;null;null;null;null;null;null;null;null;null;null;null;null;null;null;
1982-09-30;null;null;null;null;null;null;null;null;null;null;null;null;null;null;null;null;null;
1982-10-31;null;null;null;null;null;null;null;null;null;null;null;null;null;null;null;null;null;
1982-11-30;null;null;null;null;null;null;null;null;null;null;null;null;null;null;null;null;null;
1982-12-31;null;null;null;null;null;null;null;null;null;null;null;null;null;null;null;null;null;
1983-01-31;null;null;null;null;null;null;null;null;null;null;null;null;null;null;null;null;null;
1983-02-28;null;null;null;null;null;null;null;null;null;null;null;null;null;null;null;null;null;
1983-03-31;null;null;null;null;null;null;null;null;null;null;null;null;null;null;null;null;null;
1983-04-30;null;null;null;null;null;null;null;null;null;null;null;null;null;null;null;null;null;
1983-05-31;27;67,6;null;null;null;5,445652;0;0;null;28,716129;21,66129;15,780645;76,620968;3;,709783;null;null;
1983-06-30;18;60,4;null;null;null;4,7;0;0;null;27,993333;19,578667;13,14;77,216667;2;,324444;null;null;
1983-07-31;null;null;null;null;null;null;null;null;null;null;null;null;null;null;null;null;null;
1983-08-31;null;null;null;null;null;null;null;null;null;null;null;null;null;null;null;null;null;
1983-09-30;null;null;null;null;null;null;null;null;null;null;null;null;null;null;null;null;null;
1983-10-31;null;null;null;null;null;null;null;null;null;null;null;null;null;null;null;null;null;
1983-11-30;null;null;null;null;null;null;null;null;null;null;null;null;null;null;null;null;null;
1983-12-31;0;58,2;null;null;null;4,576087;7;107,2;null;29,709677;24,336774;18,896774;83,483871;2,3;,297826;null;null;
1984-01-31;0;57,2;null;null;null;3,795699;3;39,4;null;32,283871;24,997419;18,025806;75,572581;1,2;,141935;null;null;
1984-02-29;0;55,8;null;null;null;5,390805;0;0;null;31,913793;24,384138;18,455172;72,681034;3;,270115;null;null;
1984-03-31;0;63,6;null;null;null;5,387097;5;155;null;31,922581;24,685161;19,329032;74,120968;2,3;,136559;null;null;
1984-04-30;0;47;null;null;null;3,966667;6;117;null;29,563333;23,098667;17,913333;76,8;2,3;,357778;null;null;
1984-05-31;null;null;null;null;null;null;null;null;null;null;null;null;null;null;null;null;null;
1984-06-30;0;60,2;null;null;null;3,269663;0;0;null;27,55;19,024667;11,863333;73,675;3;,493258;null;null;
1984-07-31;null;null;null;null;null;null;null;null;null;null;null;null;null;null;null;null;null;
1984-08-31;0;54,4;null;null;null;3,391304;2;44;null;28,696774;19,84129;13,983871;74,467742;3;,604348;null;null;
1984-09-30;null;null;null;null;null;null;null;null;null;null;null;null;null;null;null;null;null;
1984-10-31;0;45,4;null;null;null;2,23913;4;24,3;null;30,567742;23,077419;17,6;77,959677;7;,313043;null;null;
1984-11-30;0;45,1;null;null;null;2,433333;7;129,9;null;30,733333;23,482;18,003333;82,408333;2;,224444;null;null;
1984-12-31;36;33;null;null;null;3,387097;12;104,7;null;28,029032;22,656774;17,603226;85,346774;2;,36129;null;null;
1985-01-31;0;33;null;null;null;4,451613;17;323,9;null;29,277419;23,209032;18,664516;86,66129;3;,415054;null;null;
1985-02-28;0;35;null;null;null;1,583333;4;30;null;31,721429;24,112143;18,646429;84;2;,15;null;null;
1985-03-31;0;32,8;null;null;null;1,591398;4;30,5;null;31,596774;23,205161;17,880645;83,516129;2;,11828;null;null;
1985-04-30;null;null;null;null;null;null;null;null;null;null;null;null;null;null;null;null;null;
1985-05-31;null;null;null;null;null;null;null;null;null;null;null;null;null;null;null;null;null;
1985-06-30;18;31,3;null;null;null;1,932584;0;0;null;25,466667;17,241333;10,5;76,883333;3;,292135;null;null;
1985-07-31;null;null;null;null;null;null;null;null;null;null;null;null;null;null;null;null;null;
1985-08-31;36;35,1;null;null;null;,5;0;0;null;26,967742;19,603871;14,083871;71,274194;1,2;,284783;null;null;
1985-09-30;null;null;null;null;null;null;null;null;null;null;null;null;null;null;null;null;null;
1985-10-31;36;38,9;null;null;null;2,836957;6;57;null;30,816129;23,047742;17,667742;79,25;2;,321739;null;null;
1985-11-30;36;38,4;null;null;null;2,688889;8;79,1;null;29,81;22,256;17,256667;80,525;2;,422222;null;null;
1985-12-31;18;37;null;null;null;5,623656;15;208;null;29,051613;22,211613;18,177419;85,032258;2;,629032;null;null;
1986-01-31;null;null;null;null;null;null;null;null;null;null;null;null;null;null;null;null;null;
1986-02-28;null;null;null;null;null;null;null;null;null;null;null;null;null;null;null;null;null;
1986-03-31;null;null;null;null;null;null;null;null;null;null;null;null;null;null;null;null;null;
1986-04-30;null;null;null;null;null;null;null;null;null;null;null;null;null;null;null;null;null;
1986-05-31;null;null;null;null;null;null;null;null;null;null;null;null;null;null;null;null;null;
1986-06-30;null;null;null;null;null;null;null;null;null;null;null;null;null;null;null;null;null;
1986-07-31;null;null;null;null;null;null;null;null;null;null;null;null;null;null;null;null;null;
1986-08-31;null;null;null;null;null;null;null;null;null;null;null;null;null;null;null;null;null;
1986-09-30;null;null;null;null;null;null;null;null;null;null;null;null;null;null;null;null;null;
1986-10-31;null;null;null;null;null;null;null;null;null;null;null;null;null;null;null;null;null;
1986-11-30;null;null;null;null;null;null;null;null;null;null;null;null;null;null;null;null;null;
1986-12-31;null;null;null;null;null;null;null;null;null;null;null;null;null;null;null;null;null;

